author,datasets_cited,num_datasets
"Cristina Gil Ávila, Felix S. Bott, Laura Tiemann, Vanessa D. Hohn, Elisabeth S. May, Moritz M. Nickel, Paul Theo Zebhauser, Joachim Groß, Markus Ploner","ds003352,on006126",2
"Marcel P. Zwiers, Stefano Moia, Robert Oostenveld","ds003352,on006126",2
"Russell A. Poldrack, Christopher J. Markiewicz, Stefan Appelhoff, Yoni K. Ashar, Tibor Auer, Sylvain Baillet, Shashank Bansal, Leandro Beltrachini, Christian Bénar, Giacomo Bertazzoli, Suyash Bhogawar, Ross Blair, Marta Bortoletto, Mathieu Boudreau, Teon L Brooks, Vince D. Calhoun, Filippo Maria Castelli, Patricia Clement, Alexander L. Cohen, Julien Cohen‐Adad, Sasha D’Ambrosio, Gilles de Hollander, María de la Iglesia-Vayá, Alejandro de la Vega, Arnaud Delorme, Orrin Devinsky, Dejan Draschkow, Eugene Duff, Elizabeth DuPré, Eric Earl, Oscar Estéban, Franklin Feingold, Guillaume Flandin, Anthony Galassi, Giuseppe Gallitto, Melanie Ganz, Rémi Gau, James Gholam, Satrajit Ghosh, Alessio Giacomel, Ashley Gillman, Padraig Gleeson, Alexandre Gramfort, Samuel Guay, Giacomo Guidali, Yaroslav O. Halchenko, Daniel A. Handwerker, Nell Hardcastle, Peer Herholz, Dora Hermes","ds000247,ds003352,ds005752,on006126",4
"Sara Parmigiani, Ezequiel Mikulan, Simone Russo, Simone Sarasso, Flavia Maria Zauli, A Rubino, Anna Cattani, Matteo Fecchio, Davide Giampiccolo, Jacopo Lanzone, Piergiorgio d’Orio, Maria Del Vecchio, Pietro Avanzini, Lino Nobili, Ivana Sartori, Marcello Massimini, Andrea Pigorini",ds003352,1
"Laura Gwilliams, Graham Flick, Alec Marantz, Liina Pylkkänen, David Poeppel, Jean-Rémi King",ds003352,1
"Jacques Pesnot Lerousseau, Cesare Parise, Marc O. Ernst, Virginie van Wassenhove","ds000248,ds003352,ds003392",3
"Weiyong Xu, Orsolya Kolozsvári, Robert Oostenveld, Jarmo A. Hämäläinen",ds003352,1
"Dominik Welke, Edward A. Vessel","ds003352,ds004460,on006126",3
"Xinyu Mou, Cuilin He, Liwei Tan, Junjie Yu, Huadong Liang, Jianyu Zhang, Yan Tian, Yufang Yang, Ting Xu, Qing Wang, Miao Cao, Zijiao Chen, Hu Chuan-Peng, Xindi Wang, Quanying Liu, Haiyan Wu","ds003352,ds003766,ds004952",3
"Robert Luke, Robert Oostenveld, Helena Cockx, Guiomar Niso, Maureen J. Shader, Felipe Orihuela‐Espina, Hamish Innes-Brown, Stephen Tucker, David A. Boas, Meryem A. Yücel, Rémi Gau, Taylor Salo, Stefan Appelhoff, Christopher J. Markiewicz, David McAlpine, The BIDS Maintainers, Luca Pollonini",ds003352,1
"Milan Rybář, Riccardo Poli, Ian Daly",ds003352,1
"Kun Chen, Ruien Wang, Jiamin Huang, Fei Gao, Zhen Yuan, Yanyan Qi, Haiyan Wu","ds003352,ds003766",2
"Arne Van Den Kerchove, Arno Libert, Benjamin Wittevrongel, Marc M. Van Hulle",ds003352,1
"Robert Luke, Robert Oostenveld, Helena Cockx, Guiomar Niso, Maureen J. Shader, Felipe Orihuela‐Espina, Hamish Innes-Brown, Stephen J. Tucker, David A. Boas, Rémi Gau, Taylor Salo, Stefan Appelhoff, Christopher J. Markiewicz, David McAlpine, bids maintainers, Luca Pollonini",ds003352,1
"Anna Corriveau, Alexis Kidder, Lina Teichmann, Susan G. Wardle, Chris I. Baker",ds003352,1
"Ezequiel Mikulan, S. Russo, Sara Parmigiani, Simone Sarasso, Flavia Maria Zauli, Annalisa Rubino, Pietro Avanzini, Anna Cattani, Alberto Sorrentino, Steve A. Gibbs, Francesco Cardinale, Ivana Sartori, Lino Nobili, Marcello Massimini, Andrea Pigorini","ds003352,on006126",2
"Alia Seedat, Alex Lepauvre, Jay Jeschke, Urszula Górska, Marcelo Armendáriz, Katarina Bendtz, Simon Henin, Rony Hirschhorn, Tanya Brown, Erika Jensen, Csaba Kozma, David Mazumder, Stephanie Montenegro, Leyao Yu, Niccolò Bonacchi, Diptyajit Das, Kyle Kahraman, Praveen Sripad, Fatemeh Taheriyan, Orrin Devinsky, Patricia Dugan, Werner Doyle, Adeen Flinker, Daniel Friedman, Wendell Lake, Michael Pitts, Liad Mudrik, Mélanie Boly, Sasha Devore, Gabriel Kreiman, Lucía Melloni",ds003352,1
"Guohao Zhang, Ming Zhou, Shuyi Zhen, Shaohua Tang, Zheng Li, Zonglei Zhen",ds003352,1
"Jens Madsen, Nikhil Kuppa, Lucas C. Parra","ds003352,ds004194",2
Jordy Thielen,"ds003352,nm000163",2
"Billy Gerdfeldter, Annika Andersson, Stefan Wiens",ds003352,1
"Benedikt V. Ehinger, Hannes Bonasch",ds003352,1
"Sitong Chen, Beiqianyi Li, Cuilin He, Dongyang Li, Mingyang Wu, Xinke Shen, Song Wang, Xuetao Wei, Xindi Wang, Haiyan Wu, Quanying Liu","ds003352,ds004952",2
"G. Rabuffo, Marianna Angiolelli, T. Fukai, G. Deco, P. Sorrentino, D. Momi",ds003352,1
"Cyril Pernet, Stefan Appelhoff, Krzysztof J. Gorgolewski, Guillaume Flandin, Christophe Phillips, Arnaud Delorme, Robert Oostenveld","ds000248,ds003352",2
"Stefan Appelhoff, Matthew Sanderson, Teon L Brooks, Marijn van Vliet, Romain Quentin, Chris Holdgraf, Maximilien Chaumon, Ezequiel Mikulan, Kambiz Tavabi, Richard Höchenberger, Dominik Welke, Clemens Brunner, Alexander P. Rockhill, Eric B. Larson, Alexandre Gramfort, Mainak Jas","ds000248,ds003352,on006126",3
"Iris I. A. Groen, Giovanni Piantoni, Stephanie Montenegro, Adeen Flinker, Sasha Devore, Orrin Devinsky, Werner Doyle, Patricia Dugan, Daniel Friedman, Nick F. Ramsey, Natalia Petridou, Jonathan Winawer","ds003352,ds005953",2
"Dora Hermes, Natalia Petridou, Kendrick Kay, Jonathan Winawer","ds003352,ds005953",2
"Maxime Verwoert, Maarten C. Ottenhoff, Sophocles Goulis, Albert Colon, Louis Wagner, Simon Tousseyn, Johannes van Dijk, Pieter Kubben, Christian Herff",ds003352,1
"Martin Nørgaard, Granville J. Matheson, Hanne D. Hansen, Adam G. Thomas, Graham E. Searle, Gaia Rizzo, Mattia Veronese, Alessio Giacomel, Maqsood Yaqub, Mattéo Tonietto, Thomas Funck, Ashley Gillman, Hugo Boniface, Alexandre Routier, Jelle R. Dalenberg, Tobey J. Betthauser, Franklin Feingold, Christopher J. Markiewicz, Krzysztof J. Gorgolewski, Ross Blair, Stefan Appelhoff, Rémi Gau, Taylor Salo, Guiomar Niso, Cyril Pernet, Christophe Phillips, Robert Oostenveld, Jean‐Dominique Gallezot, Richard E. Carson, Gitte M. Knudsen, Robert B. Innis, Melanie Ganz","ds003352,on006126",2
"John F. Magnotti, Zhengjia Wang, Michael S. Beauchamp",ds003352,1
"Julia Berezutskaya, Mariska J. Vansteensel, Erik J. Aarnoutse, Zachary V. Freudenburg, Giovanni Piantoni, Mariana P. Branco, Nick F. Ramsey","ds003352,ds006502,on002718,on003645",4
"Petr Nejedlý, Václav Křemen, Vladimir Sladky, Jan Cimbálník, Petr Klimeš, Filip Plešinger, Filip Mívalt, Vojtěch Trávníček, Ivo Viščor, Martin Pail, Josef Halámek, Benjamin H. Brinkmann, Milan Brázdil, Pavel Jurák, Gregory A. Worrell","ds003352,on006126",2
"Kay A. Robbins, Dung Truong, Stefan Appelhoff, Arnaud Delorme, Scott Makeig","ds003352,ds004105,ds004106,ds004118,ds004119,ds004120,ds004121,ds004122,ds004123,ds006502,on002718,on003645,on006126",13
"Patricia Clement, Marco Castellaro, Thomas W. Okell, David L. Thomas, Pieter Vandemaele, Sara Elgayar, Aaron Oliver‐Taylor, Thomas Kirk, Joseph G. Woods, Sjoerd B. Vos, Joost P.A. Kuijer, Eric Achten, Matthias J.P. van Osch, BIDS maintainers, Stefan Appelhoff, Ross Blair, Franklin Feingold, Rémi Gau, Christopher J. Markiewicz, Taylor Salo, John A. Detre, Hanzhang Lu, David C. Alsop, Michael A. Chappell, Luis Hernández-García, Jan Petr, Henk Mutsaerts","ds003352,on006126",2
"Nand Chandravadia, Daan Liang, Andrea Gómez Palacio Schjetnan, April A. Carlson, Maïlys C. M. Faraut, Jeffrey M. Chung, Chrystal M. Reed, Ben Dichter, Uri Maoz, Suneil K. Kalia, Taufik A. Valiante, Adam N. Mamelak, Ueli Rutishauser","ds003352,on006126",2
"Tijl Grootswagers, Amanda K. Robinson",ds003352,1
"Harvey Huang, Nicholas M. Gregg, Gabriela Ojeda Valencia, Benjamin H. Brinkmann, Brian N. Lundstrom, Gregory A. Worrell, Kai J. Miller, Dora Hermes",ds003352,1
"Matteo Demuru, Dorien van Blooijs, Willemiek Zweiphenning, Dora Hermes, Frans S. S. Leijten, Maeike Zijlmans, on behalf of the RESPect group",ds003352,1
"Daniel Levitas, Soichi Hayashi, Sophia Vinci‐Booher, Anibal Sólon Heinsfeld, Dheeraj Bhatia, Nicholas Lee, Anthony Galassi, Guiomar Niso, Franco Pestilli",ds003352,1
"Arnaud Delorme, Dung Truong, Ramón Martínez-Cancino, Cyril Pernet, Subha Sivagnanam, Kenneth Yoshimoto, Russell A. Poldrack, Amit Majumdar, Scott Makeig",ds003352,1
"Jan Cimbálník, Jaromír Doležal, Çağdaş Topçu, Michał Lech, Victoria S. Marks, Boney Joseph, Martin Dobiaš, Jamie J. Van Gompel, Gregory A. Worrell, Michał T. Kucewicz",ds003352,1
"Arnaud Delorme, Robert Oostenveld, François Tadel, Alexandre Gramfort, Srikantan S. Nagarajan, Vladimir Litvak","ds003352,ds006502,on002718,on003645",4
"Zaid Zada, Samuel A. Nastase, Bobbi Aubrey, Itamar Jalon, Sebastian Michelmann, Haocheng Wang, Liat Hasenfratz, Werner Doyle, Daniel Friedman, Patricia Dugan, Lucía Melloni, Sasha Devore, Adeen Flinker, Orrin Devinsky, Ariel Goldstein, Uri Hasson",ds003352,1
"Tommaso Fedele, Ece Boran, Valerii Chirkov, Peter Hilfiker, Thomas Grünwald, Lennart Stieglitz, Hennric Jokeit, Johannes Sarnthein","ds003352,ds003374",2
"Kenichi Yuasa, Iris I. A. Groen, Giovanni Piantoni, Stephanie Montenegro, Adeen Flinker, Sasha Devore, Orrin Devinsky, Werner Doyle, Patricia Dugan, Daniel Friedman, Nick F. Ramsey, Natalia Petridou, Jonathan Winawer","ds003352,ds004194,ds005953",3
"J. Cimbalnik, J. S. García-Salinas, N. Hamedi, S. Prathapagiri, L. F. Sarmiento Rivera, M. Galanina, J. Dolezal, L. Jurkovičová, P. Daniel, M. Kojan, R. Roman, M. Pail, W. Średniawa, W. Fortuna, M. Służewska-Niedźwiedź, K. Smarzewska, P. Reinacher, A. Weiser, T. Skok, T. Piernicki, A. Orzol, A. Lier, S. Seifzadeh, Bożena Kostek, A. Czyżewski, P. Tabakow, Milan Brázdil, M. Kucewicz",ds003352,1
"A. Alijanpourotaghsara, K. Mirpour, J. Choi, K. Chitta, Ahmed Shalaby, Misque Boswell, Sahil Chilukuri, Samantha L. Cohen, Ryan Byon, Mohsen Benam, Saar Kariv, Jeon Lee, Dominique Duncan, N. Pouratian",ds003352,1
"Amy E. Bouchard, Dickson Wong, W. Bogner, Rémi Gau, Yaroslav O Halchenko, Damon G Lamb, C. Markiewicz, Paul G Mullins, Guiomar Niso, G. Oeltzschner, Stefan Ross Eric Anthony Nell Julia-Katharina Kimberly Ch Appelhoff Blair Earl Galassi Hardcastle Pfarr Ray , S. Appelhoff, R. Blair, E. Earl, Anthony Galassi, Nell Hardcastle, J. Pfarr, K. Ray, Christine Rogers, T. Salo, William T. Clarke, Martin Wilson, Mark Mikkelsen",ds003352,1
"James E. Glazer, Nicholas J. Kelley, Narun Pornpattananangkul, Vijay A. Mittal, Robin Nusslock",ds003458,1
"Philippe Domenech, Sylvain Rheims, Étienne Koechlin",ds003458,1
"James F. Cavanagh, Andrew W. Bismark, Michael J. Frank, John J. B. Allen","ds003458,ds003474,ds003478,ds003517",4
"Anne Collins, Michael J. Frank",ds003458,1
"Justin Riddle, Amber L. McFerren, Flavio Frӧhlich",ds003458,1
"Thomas D. Sambrook, Jeremy Goslin",ds003458,1
"Brady D. Nelson, Ellen M. Kessel, Felicia Jackson, Greg Hajcak",ds003458,1
"Rachel Rac-Lubashevsky, Yoav Kessler","ds003458,ds003519",2
"Colin W. Hoy, Sheila C. Steiner, Robert T. Knight","ds003458,ds003474,ds003478",3
"Ellen M. Kessel, Lea R. Dougherty, Autumn Kujawa, Greg Hajcak, Gabrielle A. Carlson, Daniel N. Klein",ds003458,1
"Thomas D. Sambrook, Ben Hardwick, Andy J. Wills, Jeremy Goslin",ds003458,1
"Chad C. Williams, Thomas D. Ferguson, Cameron D. Hassall, Wande Abimbola, Olave E. Krigolson",ds003458,1
"Narun Pornpattananangkul, Robin Nusslock",ds003458,1
"Vanessa M Brown, Lusha Zhu, John M. Wang, B. Christopher Frueh, Brooks King‐Casas, Pearl H. Chiu",ds003458,1
"James F. Cavanagh, David Gregg, Gregory A. Light, Sarah L. Olguin, Richard F. Sharp, Andrew W. Bismark, Savita G. Bhakta, Neal R. Swerdlow, Jonathan L. Brigman, Jared W. Young","ds003458,ds003474,ds003478",3
"Adreanna T. M. Watts, Matthew D. Bachman, Edward M. Bernat",ds003458,1
"Ben Eppinger, Maik Walter, Shu Li",ds003458,1
"Ya Zheng, Wei Yi, Jie Cheng, Qi Li",ds003458,1
"James F. Cavanagh, Sarah L. Olguin, Jo Talledo, J Kotz, Benjamin Z. Roberts, John Nungaray, Joyce Sprock, David Gregg, Savita G. Bhakta, Gregory A. Light, Neal R. Swerdlow, Jared W. Young, Jonathan L. Brigman","ds003458,ds003474,ds003478,ds003506",4
"Andrew Chang, Jaime S. Ide, Hsin-Hung Li, Chien‐Chung Chen, Chiang‐Shan R. Li",ds003458,1
"Ann M. Iturra‐Mena, Brian D. Kangas, Oanh T. Luc, David N. Potter, Diego A. Pizzagalli",ds003458,1
"Catherine L. Reed, Audrey Siqi-Liu, Kirsten O. Lydic, Madison Lodge, Aditi Chitre, Chandlyr M. Denaro, Astrid Petropoulos, Jasmin Joshi, Cindy M. Bukach, Jane W. Couperus","ds003458,ds007052,ds007056,ds007069,ds007096,ds007137,ds007139",7
"Franziska Kirsch, Hans Kirschner, Adrian G. Fischer, Tilmann A. Klein, Markus Ullsperger","ds003458,ds003474,ds003478",3
"Shuting Mei, Qi Li, Xun Liu, Ya Zheng",ds003458,1
"Heather E. Soder, Geoffrey F. Potts",ds003458,1
"Anne C. Trutti, Sam Verschooren, Birte U. Forstmann, Russell J. Boag",ds003458,1
"Darin R. Brown, Trevor C. J. Jackson, James F. Cavanagh","ds003458,ds003506",2
"Laura M. Franke, George T. Gitchel, Robert A. Perera, Ravi L. Hadimani, Kathryn L. Holloway, William C. Walker",ds003458,1
"Darin R. Brown, Sarah Pirio Richardson, James F. Cavanagh","ds003458,ds003490,ds003509",3
"Narun Pornpattananangkul, Shannon E. Grogans, Rongjun Yu, Robin Nusslock",ds003458,1
"Adreanna T. M. Watts, Edward M. Bernat",ds003458,1
"John M. Wang, Lusha Zhu, Vanessa M. Brown, Richard De La Garza, Thomas F. Newton, Brooks King‐Casas, Pearl H. Chiu",ds003458,1
"Ali Yousefi, Angelique C. Paulk, Ishita Basu, Jonathan L. Mirsky, Darin D. Dougherty, Emad N. Eskandar, Uri T. Eden, Alik S. Widge",ds003458,1
"Michela Balconi, Laura Angioletti, Chiara Siri, N. Meucci, Gianni Pezzoli",ds003458,1
"Darin R. Brown, James F. Cavanagh","ds003458,ds003517",2
"SL Fryer, BJ Roach, Clay B. Holroyd, MP Paulus, Kaia Sargent, Alexander M. Boos, JM Ford, Daniel H. Mathalon",ds003458,1
"Ya Zheng, Mengyao Wang, Shi-Yu Zhou, Jing Xu",ds003458,1
"Jing Wang, Zhaofeng Chen, Xiaozhe Peng, Tiantian Yang, Peng Li, Fengyu Cong, Hong Li",ds003458,1
"Adreanna T. M. Watts, Anne Tootell, Spencer T. Fix, Selin Aviyente, Edward M. Bernat",ds003458,1
"Yan Shi, Shujing Yao, Zui Shen, Li-Jiao She, Yingling Xu, Boyi Liu, Yi Liang, Yongliang Jiang, Jing Sun, Yuanyuan Wu, Junying Du, Yilin Zhu, Zemin Wu, Jianqiao Fang, Xiaomei Shao",ds003458,1
"Sarah Grace Dalton, James F. Cavanagh, Jessica D. Richardson",ds003458,1
"Leon Lange, Roman Osinsky",ds003458,1
"Franz Wurm, Benjamin Ernst, Marco Steinhauser",ds003458,1
"Iulia Banica, Grace O. Allison, Sarah E. Racine, Dan Foti, Anna Weinberg",ds003458,1
"Johannes Rodrigues, Martin Weiß, Patrick Mussel, Johannes Hewig","ds003458,ds003474,ds003478",3
"Eric Rawls, Connie Lamm",ds003458,1
"Yachao Rong, Ningxuan Chen, Jiarui Dong, Qi Li, Xiaodong Yue, Li Hu, Ping Wei",ds003458,1
"Johannes Algermissen, Jennifer C. Swart, René Scheeringa, Roshan Cools, Hanneke E.M. den Ouden",ds003458,1
Markus Ullsperger,ds003458,1
"Nathan Hager, Matt R. Judah, Eric Rawls",ds003458,1
"Antoine Collomb‐Clerc, Maëlle C. M. Gueguen, Lorella Minotti, Philippe Kahane, Vincent Navarro, Fabrice Bartoloméi, Romain Carron, Jean Régis, Stéphan Chabardès, Stefano Palminteri, Julien Bastin",ds003458,1
"Brian Kim, Brian Erickson, Guadalupe Fernandez-Nuñez, Ryan Rich, Georgios Mentzelopoulos, Flavia Vitale, John D. Medaglia","ds002034,ds003458",2
"Huiping Jiang, Ya Zheng",ds003458,1
"Constanze Weber, Christian Bellebaum",ds003458,1
"Penelope E. Kehrer, Jonathan L. Brigman, James F. Cavanagh",ds003458,1
"Jennifer Firth, Bradley Standen, Alexander Sumich, Emanuele Fino, Nadja Heym",ds003458,1
"Michela Balconi, Laura Angioletti, Katia Rovelli",ds003458,1
"Samantha J. Reznik, Robin Nusslock, Narun Pornpattananangkul, Lyn Y. Abramson, James A. Coan, Eddie Harmon‐Jones",ds003458,1
"Ya Zheng, Shuting Mei","ds003458,ds003474",2
"Matthew D. Bachman, Adreanna T. M. Watts, Paul F. Collins, Edward M. Bernat",ds003458,1
"Harry J. Stewardson, Thomas D. Sambrook",ds003458,1
"Dara E. Babinski, Samantha Pegg, Michael West, Kodi B. Arfer, Autumn Kujawa",ds003458,1
"Charlotte Spay, Garance M. Meyer, Guillaume Lio, Gianni Pezzoli, Bénédicte Ballanger, Roberto Cilia, Philippe Boulinguez",ds003458,1
"Fabiola Alejandra Iribe-Burgos, Pedro Manuel Cortes, Juan Pablo García-Hernández, Carolina Sotelo-Tapia, Marisela Hernández‐González, Miguel Ángel Guevara",ds003458,1
"Danesh Shahnazian, Kurt D Shulver, Clay B. Holroyd",ds003458,1
"Alon Zivony, Martin Eimer",ds003458,1
"Qi Li, Ya Zheng, Jing Xiao, Kesong Hu, Zhong Yang",ds003458,1
"Eric Rawls, Rebecca White, Stephanie Kane, Carl E. Stevens, Darya L. Zabelina",ds003458,1
"Christopher Stolz, Alan D. Pickering, Erik M. Mueller","ds003458,ds003518,ds004532",3
"Miranda Francoeur Koloski, Christopher M. O’Hearn, Michelle Frankot, Lauren P. Giesler, Dhakshin Ramanathan, Cole Vonder Haar",ds003458,1
"Susanna L. Fryer, Tobias F. Marton, Brian J. Roach, Clay B. Holroyd, Samantha V. Abram, Ken J. Lau, Judith M. Ford, John R. McQuaid, Daniel H. Mathalon",ds003458,1
"Sadegh Ghaderi, Jamal Amani Rad, Mohammad Hemami, Reza Khosrowabadi",ds003458,1
"Heather E. Webber, Constanza de Dios, Danielle Kessler, Joy M. Schmitz, Scott D. Lane, Robert Suchting","ds003458,ds003474,ds003478,ds003506",4
"Dara E. Babinski, Autumn Kujawa, Samantha Pegg, Julia M. Leslie, Cameron Pothoven, Daniel A. Waschbusch, Carla Sharp",ds003458,1
"Ying Zhang, Mang Zhang, Luchun Wang, Yaonan Zheng, Huizi Li, Yuhan Xie, Xiaozhen Lv, Xin Yu, Huali Wang",ds003458,1
"Trevor C. J. Jackson, James F. Cavanagh","ds003458,ds003474,ds003478",3
"Ann M. Iturra‐Mena, Brian D. Kangas, Diego A. Pizzagalli",ds003458,1
"Lin Jiang, Guangying Wang, Silai Zhang, Jiayu Ye, Runyang He, Baodan Chen, Yajing Si, Dezhong Yao, Jing Yu, Feng Wan, Peng Xu, Liang Yu, Fali Li",ds003458,1
"Peiqi Chen, Siqi Liu, Yinling Zhang, Shaozheng Qin, Xiaoqin Mai",ds003458,1
"Joseph Heffner, Romy Frömer, Matthew R. Nassar, Oriel FeldmanHall",ds003458,1
"James Cavanagh, Clay B. Holroyd","ds003458,ds003478,ds003506",3
"Dehao Wang, J. Y. Shi, Moyun Liu, Wenao Han, Luzheng Bi, Weijie Fei",ds003458,1
"Dongjae Kim, Charles Weston, Sang Wan Lee",ds003458,1
"Adrià Vilà‐Balló, Myriam De la Cruz‐Puebla, Diana López-Barroso, Júlia Miró, Jacint Sala‐Padró, David Cucurell, Mercè Falip, Antoni Rodrı́guez-Fornells",ds003458,1
"Dita Dubová, Dominika Dvořáčková, Dagmar Pavlů, David Pánek",ds003458,1
"Qingguo Ma, Wenhao Mao, Linfeng Hu",ds003458,1
"Garima Singh, Ethan M. Campbell, Jeremy Hogeveen, Katie Witkiewitz, Eric D. Claus, James F. Cavanagh",ds003458,1
"Yan Zhang, Yachao Rong, Ping Wei","ds003458,ds003518,ds004532",3
"E. Rawls, Craig A. Marquardt, S. Fix, Edward Bernat, S. Sponheim",ds003458,1
"Beatriz Herrera, Jeffrey D. Schall, Jorge Riera",ds003458,1
"Guy E. Hawkins, James F. Cavanagh, Scott Brown, Mark Steyvers","ds003458,ds003474,ds003478,ds003490,ds005114",5
"Elizabeth L. Johnson, Julia W. Y. Kam, Athina Tzovara, Robert T. Knight",ds003374,1
"Manuela Costa, Diego Lozano‐Soldevilla, António Gil‐Nagel, Rafael Toledano, Carina R. Oehrn, Lukas Kunz, Mar Yebra, Constantino Méndez‐Bértolo, Lennart Stieglitz, Johannes Sarnthein, Nikolai Axmacher, Stephan Moratti, Bryan A. Strange",ds003374,1
"Christian Lopez Ramos, Hao Tan, Erin Yamamoto, Daniel R. Cleary, David J. Mazur-Hart, Maryam N. Shahin, Ahmed M. Raslan",ds003374,1
"Ece Boran, Lennart Stieglitz, Johannes Sarnthein","ds003374,ds004944",2
"Athina Tzovara, Tommaso Fedele, Johannes Sarnthein, Debora Ledergerber, Jack J. Lin, Robert T. Knight","ds003374,ds004752",2
"Qin Yin, Elizabeth L. Johnson, Noa Ofen","ds003374,ds004080",2
"Xiaopeng Si, Dong Huang, Yulin Sun, Dong Ming",ds003374,1
"Sai Sun, Runnan Cao, Ueli Rutishauser, Rongjun Yu, Shuo Wang",ds003374,1
"Dustin Fetterhoff, Manuela Costa, Robin Hellerstedt, Rebecca Johannessen, Lukas Imbach, Johannes Sarnthein, Bryan A. Strange",ds003374,1
"Biao Han, Lu Shen, Qi Chen",ds003374,1
"Salman E. Qasim, Lukas Kunz",ds003374,1
"Colleen Mills‐Finnerty, Catherine Hanson, Mohannad Khadr, Stephen José Hanson",ds003374,1
"Riccardo Cusinato, Andrea Seiler, Kaspar Schindler, Athina Tzovara",ds003374,1
"Laurent Sheybani, Yichen Qiu, Prince Kumar Singh, Umesh Vivekananda, Neil Burgess, Beate Diehl, A McEvoy, Anna Miserocchi, James A. Bisby, Tawfeeq Shekh‐Ahmad, Gabriele Lignani, Daniel Bush, Matthew C Walker",ds003374,1
"Alicia Nunez Vorobiova, Matteo Feurra, Enea Francesco Pavone, Lennart Stieglitz, Lukas Imbach, Victoria Moiseeva, Johannes Sarnthein, Tommaso Fedele",ds003374,1
"Johannes Sarnthein, Lukas Imbach","ds003374,ds004752",2
"Robin Hellerstedt, Manuela Costa, Dominic Giles, Diana Ortega‐Cruz, Alba Peris-Yague, Lukas Imbach, Johannes Sarnthein, Debora Ledergerber, Philip Grewe, Johanna Kißler, Friedrich G. Woermann, Christian G. Bien, António Gil‐Nagel, Rafael Toledano, Bryan A. Strange",ds003374,1
"Sigurd L. Alnes, Ellen van Maren, Camille G. Mignardot, Ida Boccalaro, Thea Waldleben, Debora Ledergerber, Lennart Stieglitz, Markus Schmidt, Antoine Adamantidis, Lukas Imbach, Kaspar Schindler, Maxime O. Baud, Athina Tzovara",ds003374,1
Alicia Nunez Vorobiova,ds003374,1
"Cárdenas Molano, Melissa Andrea Netsash",ds003374,1
"Casey Adam, Shatha J. Mufti, Jhon Martinez, Edmond A. Rogers, Martina Dalolio, Nikita Krishnan, Timothy Beauclair, Riyi Shi",ds003374,1
"Tetsuya Iidaka, Satoshi Maesawa, Noriaki Kanayama, Makoto Miyakoshi, Tomotaka Ishizaki, Ryuta Saito",ds003374,1
"Rémi Gau, Uta Noppeney","ds000248,ds003392",2
"Brian Mathias, Katharina von Kriegstein",ds003392,1
"Collins Opoku-Baah, Adriana M. Schoenhaut, Sarah G. Vassall, David A. Tovar, Ramnarayan Ramachandran, Mark T. Wallace",ds003392,1
"Daria La Rocca, Nicolas Zilber, Patrice Abry, Virginie van Wassenhove, Philippe Ciuciu","ds000248,ds003392",2
"Matthew A. De Niear, Jean‐Paul Noel, Mark T. Wallace",ds003392,1
"Silvio P. Eberhardt, Edward T. Auer, Lynne E. Bernstein",ds003392,1
"Siyi Chen, Zhuanghua Shi, Hermann J. Müller, Thomas Geyer",ds003392,1
"Daria La Rocca, Herwig Wendt, Virginie van Wassenhove, Philippe Ciuciu, Patrice Abry","ds000248,ds003392",2
"Hulusi Kafalıgönül, Can Oluk",ds003392,1
"Dania Rishiq, Aparna Rao, Tess K. Koerner, Harvey B. Abrams",ds003392,1
"Yile Sun, Timothy J. Hickey, Barbara Shinn‐Cunningham, Robert Sekuler",ds003392,1
"Daria La Rocca, Philippe Ciuciu, Denis A. Engemann, Virginie van Wassenhove","ds000248,ds003392",2
"Luigi F. Cuturi, Alessia Tonelli, Giulia Cappagli, Monica Gori",ds003392,1
"Jean‐Rémy Martin, Anne Kösem, Virginie van Wassenhove",ds003392,1
"H. Pelle, Ph. Ciuciu, M. Rahim, Elvis Dohmatob, Patrice Abry, Virginie van Wassenhove","ds000248,ds003392",2
"Yousra Bekhti, Alexandre Gramfort, Nicolas Zilber, Virginie van Wassenhove","ds000248,ds003392",2
"Lawrence D. Rosenblum, Josh Dorsi","ds000248,ds003392",2
"Daria La Rocca, Philippe Ciuciu, Virginie van Wassenhove, Herwig Wendt, Patrice Abry, Roberto Leonarduzzi","ds000248,ds003392",2
"Yousra Bekhti, Nicolas Zilber, Fabian Pedregosa, Philippe Ciuciu, Virginie van Wassenhove, Alexandre Gramfort","ds000248,ds003392",2
"P. Abry, Phipippe Ciuciu, Merlin Dumeur, S. Jaffard, Guillaume Saes","ds000248,ds003392",2
"Weiping Yang, Ruizhi Li, Shengnan LI, Jin‐Fei Lin, Yanna Ren",ds003392,1
"Yash R. Wani, Silvia Convento, Jeffrey M. Yau",ds003392,1
"Milton A. V. Ávila, Rafael Naime Ruggiero, João Pereira Leite, Lézio Soares Bueno-Júnior, Cristina Marta Del‐Ben",ds003392,1
"Mehdi Rahim, Philippe Ciuciu, Salma Bougacha","ds000248,ds003392",2
"Ke Wang, Ying Fang, Qiang Guo, Lu Shen, Qi Chen","ds000248,ds003392",2
Milton Augusto Vendramini de Avila,"ds000248,ds003392",2
"Siyi Chen, Zhuanghua Shi, Gizem Vural, Hermann J. Müller, Thomas Geyer",ds003392,1
"M. Rahim, P. Ciuciu, Salma Bougacha","ds000248,ds003392",2
"Philippe Ciuciu, Nicolas Zilber, P. Abry, Virginie van Wassenhove",ds003392,1
"V. V. Wassenhove, Daria La Rocca, D. Engemann, Philippe, Ciuciu",ds003392,1
"Md Fahim Anjum, Soura Dasgupta, Raghuraman Mudumbai, Arun Singh, James F. Cavanagh, Nandakumar S. Narayanan","ds003490,ds003506,ds003509",3
"Arun Singh, Sarah Pirio Richardson, Nandakumar S. Narayanan, James F. Cavanagh",ds003490,1
"Majid Aljalal, Saeed A. Aldosari, Marta Molinas, Khalil AlSharabi, Fahd A. Alturki",ds003490,1
"Arun Singh, Rachel C. Cole, Arturo I. Espinoza, Aron Evans, Scarlett Cao, James F. Cavanagh, Nandakumar S. Narayanan","ds003490,ds003506,ds003509",3
"Syed Aamir Ali Shah, Lei Zhang, Abdul Bais",ds003490,1
"Majid Aljalal, Saeed A. Aldosari, Khalil AlSharabi, Akram M. Abdurraqeeb, Fahd A. Alturki",ds003490,1
"Hongli Chang, Bo Liu, Yuan Zong, Cheng Lu, Xuenan Wang",ds003490,1
"Kelsie L. Lopez, A.D. Monachino, Katherine M. Vincent, Fleming Peck, Laurel J. Gabard‐Durnam","ds003490,ds003710",2
Michael X Cohen,"ds003490,ds003517,ds004117",3
"Bruno Fonseca Oliveira Coelho, Ana Beatriz Rodrigues Massaranduba, Carolline Angela dos Santos Souza, Giovanni Guimarães Viana, Ivani Brys, Rodrigo Pereira Ramos",ds003490,1
"Zahra Jafari, Bryan Kolb, Majid H. Mohajerani",ds003490,1
"Ilkka Suuronen, Antti Airola, Tapio Pahikkala, Mika Murtojärvi, Valtteri Kaasinen, Henry Railo",ds003490,1
"Rabab Ali Abumalloh, Mehrbakhsh Nilashi, Sarminah Samad, Hossein Ahmadi, Abdullah Alghamdi, Mesfer Alrizq, Sultan Alyami",ds003490,1
"Arun Singh, Rachel C. Cole, Arturo I. Espinoza, Jan R. Wessel, James F. Cavanagh, Nandakumar S. Narayanan","ds003490,ds003506,ds003509,ds005114",4
"Huan Zhao, Junyi Cao, Junxiao Xie, Wei‐Hsin Liao, Yaguo Lei, Hongmei Cao, Qiumin Qu, Chris Bowen",ds003490,1
"Guanghui Zhang, Xueyan Li, Fengyu Cong",ds003490,1
"Caterina Pauletti, Daniela Mannarelli, Nicoletta Locuratolo, Antonio Currà, Lucio Marinelli, Francesco Fattapposta",ds003490,1
"Davide Borra, Elisa Magosso",ds003490,1
"Richard James Sugden, Phedias Diamandis",ds003490,1
"Mei‐Heng Lin, Omer Liran, Neeta Bauer, Travis E. Baker",ds003490,1
"Alireza Modirshanechi, Mohammad Mahdi Kiani, Hamid Aghajan",ds003490,1
"Daniel J. McKeown, Manon Jones, Camilla Pihl, Anna J Finley, Nicholas J. Kelley, Oliver Baumann, Victor R. Schinazi, Ahmed A. Moustafa, James F. Cavanagh, Douglas J. Angus","ds003490,ds003509,ds004010",3
"Sahar Shokrpour, AmirMehdi MoghadamFarid, Sepideh Bazzaz Abkenar, Mostafa Haghi Kashani, Mohammad Akbari, Mostafa Sarvizadeh",ds003490,1
"Yang Shen, Sanjoy Dasgupta, Saket Navlakha",ds003490,1
"Bahar Güntekin, Tuba Aktürk, Ebru Yıldırım, Nesrin Helvacı Yılmaz, Lütfü Hanoğlu, Görsev Yener","ds003490,ds003509",2
Sajjad Farashi,ds003490,1
"Henry Railo, Niklas Nokelainen, Saara Savolainen, Valtteri Kaasinen",ds003490,1
"James F. Cavanagh, Michael X Cohen","ds003474,ds003478,ds003490,ds005114",4
"Chenglong Dai, Dechang Pi, Stefanie I. Becker, Jia Wu, Lin Cui, Blake W. Johnson",ds003490,1
"Niloufar Delfan, M R Shahsavari, Sadiq Hussain, Robertas Damaševičius, U. Rajendra Acharya",ds003490,1
"Florence M. Aellen, Pinar Göktepe-Kavis, Stefanos Apostolopoulos, Athina Tzovara",ds003490,1
"Evelien De Groote, Kim De Keyser, Annelies Bockstael, Dick Botteldooren, Patrick Santens, Miet De Letter",ds003490,1
"Seyed Alireza Khoshnevis, Ravi Sankar",ds003490,1
"Henry Railo, Ilkka Suuronen, Valtteri Kaasinen, Mika Murtojärvi, Tapio Pahikkala, Antti Airola",ds003490,1
"Duygu Hünerli-Gündüz, Yağmur Özbek, Hakan Uzunlar, Berrin Çavuşoğlu, Berril Dönmez Çolakoğlu, Emel Ada, Bahar Güntekin, Görsev Yener","ds003490,ds003509",2
"Gabriel Silva, Marco Alves, Rui Cunha, Bruno C. Bispo, P. M. Rodrigues",ds003490,1
"Caroline Peres da Silva, Salvatore Tedesco, Brendan O’Flynn","ds003474,ds003478,ds003490,ds003506,ds003509,ds003522,ds003944,ds003947",8
"Natalia Ferrazoli, Caroline Donadon, Adriano Rezende, Piotr H. Skarżyński, Milaine Dominici Sanfins",ds003490,1
"Rachel C. Cole, Arturo I. Espinoza, Arun Singh, Joel I. Berger, James F. Cavanagh, Jan R. Wessel, Jeremy D.W. Greenlee, Nandakumar S. Narayanan","ds003490,ds003509",2
A. Smrdel,ds003490,1
"Evelien De Groote, Kim De Keyser, Patrick Santens, Durk Talsma, Annelies Bockstael, Dick Botteldooren, Miet De Letter",ds003490,1
"Nele Vanbilsen, Sonja A. Kotz, Mattia Rosso, Marc Leman, Lisa Tedesco Triccas, Peter Feys, Lousin Moumdjian",ds003490,1
"James F. Cavanagh, Sephira G. Ryman, Sarah Pirio Richardson","ds003490,ds003509",2
"Gayal Kuruppu, Neeraj Wagh, Václav Křemen, Yogatheesan Varatharajah","ds003490,ds003775,ds004504,ds006036,nm000114,nm000158",6
"Haoyu Wu, Jun Qi, Yong Yue",ds003490,1
"Rachel C. Cole, Arturo I. Espinoza, Arun Singh, Joel I. Berger, James F. Cavanagh, Jan R. Wessel, Jeremy D.W. Greenlee, Nandakumar Narayanan","ds003490,ds003509",2
"Mehran Shabanpour, Neda Kaboodvand, Behzad Iravani",ds003490,1
"Smith K. Khare, Varun Bajaj",ds003490,1
"Talha Anwar, Naeem Rehmat, Hammad Naveed",ds003490,1
"A. Aksöz, Doğukan Akyüz, F. Bayır, Nevzat Can Yıldız, Fırat Orhanbulucu, F. Latifoğlu",ds003490,1
"Malte Bertram, Claire V. Warren, Florian Lange, Caroline Seer, Alexander Steinke, Florian Wegner, Christoph Schrader, Dirk Dressler, Reinhard Dengler, Bruno Kopp",ds003490,1
"Houssem Meghnoudj, Bogdan Robu, Mazen Alamir",ds003490,1
"Sajjad Farashi, Abdolrahman Sarihi, Mahdi Ramezani, ‬Siamak Shahidi, Mehrdokht Mazdeh",ds003490,1
"Mariano N. Díaz Rivera, Lucía Amoruso, Yamile Bocanegra, Jazmín Ximena Suárez-Revelo, Leonardo Moreno, Édinson Muñoz, Agustina Birba, Adolfo M. García","ds003490,ds003509",2
"Jiahe Li, Xin Chen, Fanqi Shen, Junru Chen, Yuxin Liu, Daoze Zhang, Zhizhang Yuan, Fang Zhao, Meng Li, Yang Yang","ds003490,nm000114",2
"Ard Kastrati, Josua Bürki, J. Lauer, Cheng Xuan, Raffaele Iaquinto, R. Wattenhofer","ds003490,ds003506,ds003509,ds003522",4
"Kaushal Kumar, Rajib Ghosh",ds003490,1
"Mohammad Mahdi Kiani, M. Beni, Hamid Aghajan",ds003490,1
"Sajjad Farashi, Mojtaba Khazaei",ds003490,1
"Evelien De Groote, Annelies Bockstael, Dick Botteldooren, Patrick Santens, Miet De Letter",ds003490,1
"Emine Elif Tülay, Ebru Yıldırım, Tuba Aktürk, Bahar Güntekin","ds003490,ds003509",2
"Ana Beatriz Rodrigues Massaranduba, Bruno Fonseca Oliveira Coelho, Carolline Angela dos Santos Souza, Giovanni Guimarães Viana, Ivani Brys, Rodrigo Pereira Ramos",ds003490,1
"Md. Redone Hassan, S.K. Obidul Kadir, Md. Aminul Islam, Sheikh Abujar, Raihana Zannat, Ohidujjaman Ohidujjaman",ds003490,1
"Elisabetta Vallarino, Sara Sommariva, Francesco Famà, Michele Piana, Flavio Nobili, Dario Arnaldi",ds003490,1
"Hao Ding, Xinmeng Weng, Minghuan Xu, Jian Shen, Zhanxiong Wu",ds003490,1
"Evelien De Groote, Ehsan Eqlimi, Annelies Bockstael, Dick Botteldooren, Patrick Santens, Miet De Letter",ds003490,1
"A. Alipour, A. Alipour, A. Mozhdehfarahbakhsh, Saba Nouri, P. Petramfar, Mahshid Tahamtan, A. Kamali, K. S. Rao, M. Nami",ds003490,1
"Muhammad Emad-Ud-Din, Ibrahim Almuteb, Ya Wang, James E. Hubbard",ds003490,1
"Ana Carolina de Sousa Silva, Aldo Ivan Céspedes Arce, Hubert Arteaga, Valéria Cristina Rodrigues Sarnighausen, Gustavo Voltani von Atzingen, Ernane José Xavier Costa",ds003490,1
"Zhenxi Song, Ruihan Qin, Huixia Ren, Zhen Liang, Yi Guo, Min Zhang, Zhiguo Zhang",ds003490,1
"Qian Zhang, Ruilin Zhang, Biaokai Zhu, Jun Xiao, Yifan Liu, Xun Han, Zhe Wang",ds003490,1
"Anıl AKSÖZ, Doğukan AKYÜZ, Furkan BAYIR, Nevzat Can YILDIZ, Fırat Orhanbulucu, Fatma Lati̇foğlu",ds003490,1
"Patrick S. Ledwidge, Lindsey C. Hartland, Chloe A. Huston, Christa M. Jones, Erin Neff, Elizabeth Castro, John P. Abt",ds003490,1
"Carolline Angela dos Santos Souza, Giovanni Guimarães Viana, Bruno Fonseca Oliveira Coelho, Ana Beatriz Rodrigues Massaranduba, Rodrigo Pereira Ramos",ds003490,1
"M. Beni, Kamyab Hosseinpour, Mohammad Reza Seyednejad, Hamid Aghajan",ds003490,1
"Dong-Geun Lee, Seung-Bo Lee","ds003490,ds004504,ds006036",3
"Shotabdi Roy, Joseph Nuamah, Taylor J. Bosch, Richa Barsainya, Maximilian Scherer, Thomas Koeglsperger, KC Santosh, Arun Singh",ds003490,1
Emine Elif Tülay,"ds003490,ds003620",2
"Syed Aamir Ali Shah, Abdul Bais, Lei Zhang",ds003490,1
"S. Panchavati, Uddhav Panchavati, H. Nariai, Corey W. Arnold, W. Speier","ds003490,ds003506,ds003509,ds003522,nm000144,nm000158",6
"Hong Yang, Ruiwen Huang, Shanshan Ye, Peng Zhang, Yuhuai Guo, Shirui Pan, Yanchun Zhang",ds003490,1
"Qian Zhang, Ruilin Zhang, Jun Xiao, Yifan Liu, Zhe Wang",ds003490,1
"R. Fukuma, Yoshinobu Kawahara, Okito Yamashita, Kei Majima, H. Kishima, T. Yanagisawa",ds003490,1
"Anna Kurbatskaya, Fredrik Nilsen Laader, A. Nese, K. Brønnick, Alvaro Fernandez-Quilez",ds003490,1
"M. Sedghizadeh, Mohammad Hossein Heidari Beni, Hamid Aghajan, D. Babin, Wilfried Philips",ds003490,1
"Ramadhanti Zamnur Lubis, Hendrik Leo, Qurrata A’yuni, Roslidar Roslidar",ds003490,1
"Valeriana Mancazzo, Elena Sibilano, Domenico Buongiorno, Raffaele Carli, Vitoantonio Bevilacqua, Antonio Brunetti",ds003490,1
"Sepideh Najafi, Mahdi Mazinani",ds003490,1
"Chia-Yen Yang, Fan-Ning Kuo, Hsin-Yung Chen","ds003474,ds003478,ds003490",3
"Sana Yasin, Syed Asad Hussain, Sinem Aslan, Imran Raza, Muhammad Muzammel, Alice Othmani","ds003474,ds003478",2
"Alexandra C. Pike, Oliver J. Robinson","ds003474,ds003478",2
"Vanessa M. Brown, Lusha Zhu, Alec Solway, John M. Wang, Katherine McCurry, Brooks King‐Casas, Pearl H. Chiu","ds003474,ds003478",2
"Antora Dev, N. Roy, Md. Kafiul Islam, Chiranjeeb Biswas, Helal Uddin Ahmed, M. Ashraful Amin, Farhana Sarker, Ravi Vaidyanathan, Khondaker A. Mamun","ds003474,ds003478",2
"Ashima Khosla, Padmavati Khandnor, Trilok Chand","ds003474,ds003478,nm000114",3
"Aleksandra Kołodziej, Mikołaj Magnuski, Anastasia Ruban, Aneta Brzezicka","ds003474,ds003478",2
"Mads L. Pedersen, Maria Ironside, Ken‐ichi Amemori, Callie L. McGrath, Min Su Kang, Ann M. Graybiel, Diego A. Pizzagalli, Michael J. Frank","ds003474,ds003478",2
"S. Hashempour, R. Boostani, M. Mohammadi, S. Sanei","ds003474,ds003478",2
"Toni Gibbs-Dean, Teresa Katthagen, Iveta Tsenkova, Rubbia Ali, Xinyi Liang, Thomas Spencer, Kelly Diederen",ds003474,1
"Aya Kabbara, Guillaume Robert, Mohamad Khalil, Marc Vérin, Pascal Benquet, Mahmoud Hassan","ds003474,ds003478",2
"Ali Sam, Reza Boostani, Sara Hashempour, Mohammad Mohsen Taghavi, Saeid Sanei","ds003474,ds003478",2
"Hongli Chang, Yuan Zong, Wenming Zheng, Yushun Xiao, Xuenan Wang, Jie Zhu, Mengxin Shi, Lu Cheng, Hao Yang","ds003474,ds003478",2
"Jinwon Chang, Y.W. Choi","ds003474,ds003478",2
"Christian A. Webb, Randy P. Auerbach, Erin Bondy, Colin H. Stanton, Lindsay Appleman, Diego A. Pizzagalli","ds003474,ds003478",2
"Wei Liu, Kebin Jia, Zhuozheng Wang","ds003474,ds003478",2
"Gang Luo, Hong Rao, Panfeng An, Yunxia Li, Ruiyun Hong, Wenwu Chen, Shengbo Chen","ds003474,ds003478",2
"Lucas R. Trambaiolli, Claudinei Eduardo Biazoli","ds003474,ds003478",2
"Han-Guang Wang, Qing‐Hao Meng, Li-Cheng Jin, Hui-Rang Hou","ds003474,ds003478",2
"Gajendra Kumar, Tanaya Das, Kuldeep Singh","ds003474,ds003478",2
"Raoul Dieterich, Verena Wüllhorst, Julia Berghäuser, Rebecca Overmeyer, Tanja Endraß","ds003474,ds003478",2
"Seokho Yun, Bumseok Jeong","ds003474,ds003478",2
"Baiyang Wang, Yuyun Kang, Dongyue Huo, Guifang Feng, Jiawei Zhang, Jiadong Li","ds003474,ds003478",2
"Ling Li, Xianshuo Wang, Jiahui Li, Yanping Zhao","ds003474,ds003478",2
"Laura Minkowski, Kristiina Valter Mai, Dharmendra Gurve","ds003474,ds003478",2
"Xiaoyu Tong, Hua Xie, Wei Wu, Corey J. Keller, Gregory A. Fonzo, Matthieu Chidharom, Nancy B. Carlisle, Amit Etkin, Yu Zhang","ds003474,ds003478",2
"Jeremy G. Stewart, Paris Singleton, Erik M. Benau, Dan Foti, Hannah Allchurch, Cynthia S. Kaplan, Blaise Aguirre, Randy P. Auerbach","ds003474,ds003478",2
"Ahmad Zandbagleh, Saeid Sanei, Hamed Azami","ds003474,ds003478",2
"Z. J. Xu, C. L. Philip Chen, Tong Zhang","ds003474,ds003478",2
"Daniella L. Jones, Jonathan D. Nelson, Bertram Opitz",ds003474,1
"Sara Bagherzadeh, Mohammad Reza Norouzi, Amirhesam Ghasri, Pouya Tolou Kouroshi, Sepideh Bahri Hampa, Fatemeh Farokhshad, Ahmad Shalbaf","ds003474,ds003478",2
"Haijun Lin, Jing Fang, Junpeng Zhang, Xuhui Zhang, Weiying Piao, Yukun Liu","ds003474,ds003478",2
"Bart Swinnen, Colin W. Hoy, Elena Pegolo, Bryony Ishihara, Elena Ubeda Matzilevich, Julia Sun, Francesca Morgante, Erlick Pereira, Fahd Baig, Michael G. Hart, Huiling Tan, Z. Sawacha, Martijn Beudel, Sarah Wang, Philip A. Starr, Simon Little, Lucia Ricciardi","ds003474,ds003478",2
"Yihe Wang, Nan Huang, N. Mammone, Marco Cecchi, Xiang Zhang","ds003474,ds003478,ds003775,ds003944,ds003947,ds004504,ds004796,ds005048,ds006036",9
"Anna Grabowska, Jakub Zabielski, Magdalena Senderecka","ds003474,ds003478",2
"Joyce Oerlemans, Ricardo J. Alejandro, Dirk Van Roost, Paul Boon, Veerle De Herdt, Alfred Meurs, Clay B. Holroyd","ds003474,ds003478",2
"Hanna Pankka, Jaakko Lehtinen, Risto J. Ilmoniemi, Timo Roine","ds003474,ds003478",2
"Elisa Tatti, Alessandra Cinti, Anna Serbina, Adalgisa Luciani, Giordano D’Urso, Alberto Cacciola, Angelo Quartarone, Maria Felice Ghilardi","ds003474,ds003478",2
"Yan Zhang, Qiuhao Li, Yachao Rong, Li Hu, Hermann J. Müller, Ping Wei","ds003474,ds003478,ds003518,ds004532",4
"Angus Man Ho Kwok, Jiaee Cheong, Sinan Kalkan, Hatice Güneş","ds003474,ds003478",2
"Bhargav Prakash, Gautam Kumar Baboo, Veeky Baths","ds003474,ds003478,ds003518,ds003519,ds003655,ds004532",6
"Jae Wan Choi, Hena Thakur, Joseph R. Cohen","ds003474,ds003478",2
"Ștefana Duță, Alina Sultana","ds003474,ds003478,nm000114",3
"Aishik Mandal, Prottay Kumar Adhikary, Hiba Arnaout, Iryna Gurevych, Tanmoy Chakraborty","ds003474,ds003478",2
"Bart Swinnen, Colin W. Hoy, Simon Little","ds003474,ds003478,ds003506",3
"Justin Riddle, Flavio Frӧhlich","ds003474,ds003478",2
"N. Ahmed, Tejas Kadengodlu Bhat, Omkar S Powar","ds003474,ds003478",2
"Noura M. Alotaibi, Dalal M. Bakheet","ds003474,ds003478",2
"Ashley Latibeaudiere, Santo Butler, Max Owens","ds003474,ds003478",2
"Akriti Goswami, Shreya Poddar, Ayush Mehrotra, Gunjan Ansari","ds003474,ds003478",2
"Qiwei Dong, Yuxi Zhou, Xiaoyu Xiong, Pengyu Liu, Jianfu Li, Cheng Luo, Diankun Gong, Li Dong, Dezhong Yao","ds003474,ds003478,ds003522,ds003838",4
"Anna Weinberg, Paige Ethridge, Belel Ait Oumeziane, Dan Foti","ds003474,ds003478,ds003518,ds004532",4
"Hui Wang, Qianxin Zhang, Yuman Luo, Qiong Wang, Shumei Zhu, Wanyi Yi, Jun Wang","ds003474,ds003478",2
"Baiyang Wang, Hongyan Fan, Meng Li, Fuchun Zhang, Yuelong Ji","ds003474,ds003478",2
"Roman Mähler, Alexandra Reichenbach","ds003474,ds003478",2
"Bingtao Zhang, Wenying Zhou, Yanlin Li, Wenwen Chang, Binbin Xu","ds003474,ds003478",2
"Noor Kamal Al-Qazzaz, Alaa A. Aldoori","ds003474,ds003478",2
"Ștefana Duță, Alina Sultana, Cosmin Karl Bănică","ds003474,ds003478",2
Jinwon Chang,"ds003474,ds003478",2
"Chia‐Yen Yang, Hsin-Min Lee","ds003474,ds003478",2
"Jake R Embrey, Kelly Garner, Julyani Salim, Poppy Watson",ds003474,1
"Yuman Luo, Shumei Zhu, Jiaqi Yu, Jie Ding, Zhixun Xia, Wei Lu, Qiong Wang, Wanyi Yi, Wenpo Yao, Jun Wang","ds003474,ds003478",2
"Chaitali Bhattacharyya, Bansari Deb Majumder, Sanghamitra Layek","ds003474,ds003478",2
"Rekha Sahu, Satya Ranjan Dash","ds003474,ds003478",2
"Verena Sarrazin, Margot Juliëtte Overman, Luca Mezossy-Dona, Michael Browning, Jacinta O’Shea","ds003474,ds003478",2
"Yue Guo, Yan Pei, Rong Yao, Y.S. Yan, Meirong Song, Haifang Li","ds003474,ds003478",2
"Chen-Yang Xu, Hanguang Wang, Lan Zhang, Yong-Hui Zhang, Huirang Hou, Q. Meng","ds003474,ds003478",2
"Christopher J. H. Pirrung, Garima Singh, J. Hogeveen, Davin Quinn, James F. Cavanagh","ds003474,ds003478",2
"Maria Azanova, María Herrojo Ruiz, Alexis Belianin, Vasily Klucharev, Vadim V. Nikulin",ds003478,1
"Sébastien Tourbier, Joan Rué‐Queralt, Katharina Glomb, Yasser Alemán‐Gómez, Emeline Mullier, Alessandra Griffa, Mikkel Schöttner, Jonathan Wirsich, Anıl Tuncel, Jakub Jancovic, Meritxell Bach Cuadra, Patric Hagmann",ds003505,1
"Joan Rué-Queralt, K. Glomb, D. Pascucci, S. Tourbier, M. Carboni, S. Vulliémoz, Gijs Plomp, P. Hagmann",ds003505,1
"David Pascucci, Maëlan Q. Menétrey, Edoardo Passarotto, Junlian Luo, Matilde Paramento, Maria Rubega",ds003505,1
"David Pascucci, Sébastien Tourbier, Joan Rué‐Queralt, Margherita Carboni, Patric Hagmann, Gijs Plomp",ds003505,1
"David Pascucci, Maria Rubega, Joan Rué‐Queralt, Sébastien Tourbier, Patric Hagmann, Gijs Plomp",ds003505,1
"Song Wang, Wei Chen, Kexin Lou, Dongfeng Gu, Quanying Liu",ds003505,1
"Emma Depuydt, Yana Criel, Miet De Letter, Pieter van Mierlo",ds003505,1
"Bram Burleson, Massimo Turatto, Gijs Plomp, David Pascucci",ds003505,1
"Joan Rué‐Queralt, Hugo Fluhr, Sébastien Tourbier, Yasser Alemán‐Gómez, David Pascucci, Jérôme Yerly, Katharina Glomb, Gijs Plomp, Patric Hagmann",ds003505,1
"Venkatesh Subramani, Giulia Lioi, Karim Jerbi, Nicolas Farrugia",ds003505,1
"Asbjørn Munk, Stefano Cerri, Jakob Ambsdorf, Julia Machnio, S. Llambias, V. Nersesjan, C. H. Krag, Peirong Liu, Pablo Rocamora-García, Mostafa Mehdipour-Ghazi, Mikael Boesen, M. Benros, J. E. Iglesias, Mads Nielsen","ds002158,ds003505,ds006012,ds006334",4
"Fátima Ávila‐Cascajares, Clara Waleczek, S Kerres, Boris Suchan, Christiane Völter",ds003505,1
"Jamiyan Sukhbaatar, S. Imamura, Ibuki Inoue, Shoya Murakami, Kazi Mahmudul Hassan, Seungwoo Han, Ingon Chanpornpakdi, Toshihisa Tanaka","ds003505,ds003838,ds004796,ds004952,ds005106,ds005811,nm000112,nm000158",8
"Jin Wang, Belde Mutaf-Yıldız, F. R. van der Weel, Audrey L. H. van der Meer",ds003505,1
"Song Wang, Kexin Lou, Chen Wei, Zhiyuan Sheng, Jiahao Tang, Kaining Peng, Xinke Shen, Shuhao Mei, Liang Chen, Dongfeng Gu, Quanying Liu",ds003505,1
"Leonhard Schreiner, Sebastian Sieghartsleitner, Christoph Kapeller, Michael Jordan, Josef Scharinger, Rossella Spataro, Harald Pretl, Christoph Guger","ds003505,ds004357",2
"Giorgia Ponsi, Marina Scattolin, Riccardo Villa, Salvatore Maria Aglioti",ds003506,1
"Glen Forester, Lauren M. Schaefer, Jeffrey S. Johnson, Theresah Amponsah, Robert D. Dvorak, Stephen A. Wonderlich",ds003506,1
"Dimitrios J. Palidis, Heather E. McGregor, Andrew Vo, Penny A. MacDonald, Paul L. Gribble",ds003506,1
"Mario Bogdanov, Sophia LoParco, A. Ross Otto, Madeleine Sharp",ds003506,1
"Yasamin Ezazi, Peyvand Ghaderyan",ds003506,1
"Glen Forester, Lauren M. Schaefer, Dorian R. Dodd, Jeffrey S. Johnson",ds003506,1
"Wei Yi, Xin Li, Wangxiao Chen, Linlin Yan, Fei Xin, Tony W. Buchanan, Jianhui Wu",ds003506,1
"Maya Dimitrova, Hiroaki Wagatsuma, Aleksandar Krastev, Εleni Vrochidou, J. David Núñez-González",ds003506,1
"Yihe Wang, Zhiqi Kang, Bo Chen, Y. Zhang, Xiang Zhang","ds003506,ds003509,ds003522,ds004621",4
"Laura Viñales, Emmanuel Procyk, René Quilodran","ds003506,ds003509",2
"Rashi Sharma, Nivethida Thirugnanasambandam","ds003506,ds003509",2
"Dimitrios J. Palidis, H. McGregor, A. Vo, Penny A. MacDonald, P. Gribble",ds003506,1
"Chen Cheng, Mingfan Liu, Zixiang Zhou, Lijuan Wei, Qiaosheng Liu",ds003506,1
"J. Cavanagh, Sarah L. Olguin, J. Talledo, Juliana E. Kotz, Benjamin Z. Roberts, John A. Nungaray, J. Sprock, David Gregg, Savita G. Bhakta, G. Light, N. Swerdlow, J. Young, J. Brigman",ds003506,1
"Baltazar Zavala, Anthony I. Jang, Michael Trotta, Codrin Lungu, Peter Brown, Kareem A. Zaghloul",ds003509,1
"Arun Singh, Rachel C. Cole, Arturo I. Espinoza, Darin R. Brown, James F. Cavanagh, Nandakumar S. Narayanan",ds003509,1
Peter E. Clayson,"ds003509,ds003518,ds004532",3
"Qiang Zhang, Georgina M. Aldridge, Nandakumar Narayanan, Steven W. Anderson, Ergun Y. Uc",ds003509,1
"Qing Wang, Lin Meng, Jun Pang, Xiaodong Zhu, Dong Ming",ds003509,1
"Ofir Yakobi, James Boylan, James Danckert",ds003509,1
K. A. Jellinger,ds003509,1
"Md Fahim Anjum, Arturo I. Espinoza, Rachel C. Cole, Arun Singh, Patrick May, Ergun Y. Uc, Soura Dasgupta, Nandakumar S. Narayanan",ds003509,1
"Arun Singh, Nicholas T. Trapp, Benjamin J. De Corte, Scarlett Cao, Johnathon Kingyon, Aaron D. Boes, K L Parker",ds003509,1
"Lina Qiu, Jianping Li, Liangquan Zhong, Weisen Feng, Chengju Zhou, Jiahui Pan",ds003509,1
"J. N. Bentley, Z. Irwin, S. Black, M. L. Roach, Ryan J. Vaden, Christopher L. Gonzalez, Anas U. Khan, Galal A. Elsayed, Robert T. Knight, Robert T. Knight, B. Guthrie, H. Walker",ds003509,1
"Rachele Pezzetta, Martijn E. Wokke, Salvatore Maria Aglioti, K. Richard Ridderinkhof",ds003509,1
"Sandeep Avvaru, Keshab K. Parhi",ds003509,1
James F. Cavanagh,"ds003509,ds003518,ds004532",3
"Haoyu Wu, Jun Qi, Erick Purwanto, Xiaohui Zhu, Po Yang, Jianjun Chen",ds003509,1
"Taylor J. Bosch, Christopher L. Groth, Tiffany A. Eldridge, Etienne Z. Gnimpiéba, Lee A. Baugh, Arun Kumar Singh",ds003509,1
"Brooke E. Yeager, Hunter P Twedt, Joel Bruss, Jordan L. Schultz, Nandakumar S. Narayanan",ds003509,1
"James F. Cavanagh, Rebecca Rieger, J. Kevin Wilson, Darbi Gill, Lynne Fullerton, Emma Brandt, Andrew R. Mayer","ds003509,ds003522",2
"Rachel O. Nwogo, Stefan Kammermeier, Arun Kumar Singh",ds003509,1
"Taylor J. Bosch, Stefan Kammermeier, Christopher L. Groth, Matt Leedom, Elizabeth K. Hanson, Patti Berg‐Poppe, Arun Kumar Singh",ds003509,1
"Jamie L. Scholl, Arturo I. Espinoza, Wijdan Rai, Matt Leedom, Lee A. Baugh, Patti Berg‐Poppe, Arun Singh",ds003509,1
"Bahar Güntekin, Hakan Uzunlar, Pervin Çalışoğlu, Figen Eroğlu Ada, Ebru Yıldırım, Tuba Aktürk, Enver Atay, Ömer Ceran",ds003509,1
"Rachele Pezzetta, Duru Gun Özkan, Vanessa Era, Gaetano Tieri, Silvia Zabberoni, Sara Taglieri, Alberto Costa, Antonella Peppe, Carlo Caltagirone, Salvatore Maria Aglioti",ds003509,1
"Liya Ma, Jason L. Chan, Kevin Johnston, Stephen G. Lomber, Stefan Everling",ds003509,1
"Taylor J. Bosch, Arturo I. Espinoza, Martina Mancini, Fay B. Horak, Arun Singh",ds003509,1
"Asma Daoud, Moaz Elsayed Abouelmagd, Asmaa Zakria Alnajjar, Abdulrahman Krayim, Maickel AbdelMeseh, Taleb Alsalloum, Yehia Nabil, Roaa Faisal",ds003509,1
"Muhammad Samran Navid, Stefan Kammermeier, Imran Khan Niazi, Vibhash D. Sharma, Shawn M. Vuong, Kai Bötzel, Jeremy D.W. Greenlee, Arun Kumar Singh",ds003509,1
"Joan Duprez, Judie Tabbal, Mahmoud Hassan, Julien Modolo, Aya Kabbara, Ahmad Mheich, Sophie Drapier, Marc Vérin, Paul Sauleau, Fabrice Wendling, Pascal Benquet, Jean‐François Houvenaghel",ds003509,1
"Noémie Monchy, Julien Modolo, Jean‐François Houvenaghel, Bradley Voytek, Joan Duprez",ds003509,1
"Ebru Yıldırım, Tuba Aktürk, Lütfü Hanoğlu, Görsev Yener, Claudio Babiloni, Bahar Güntekin",ds003509,1
"Anupriya Pathania, Amber M. Leiker, Matthew J. Euler, Matthew W. Miller, Keith R. Lohse",ds003509,1
"Vanessa Era, Matteo Candidi, Rachele Pezzetta, Claudia Pulcini, Sara D’Antonio, Silvia Zabberoni, Antonella Peppe, Alberto Costa, Sara Taglieri, Giovanni Augusto Carlesimo, Salvatore Maria Aglioti",ds003509,1
"Zhe Ren, Yibo Zhao, Xiong Han, Mengyan Yue, Bin Wang, Zongya Zhao, Bin Wen, Yang Hong, Qi Wang, Yingxing Hong, Ting Zhao, Na Wang, Pan Zhao",ds003509,1
"Taylor J. Bosch, Richa Barsainya, Andrew Ridder, KC Santosh, Arun Singh",ds003509,1
"Ashwin G. Ramayya, Andrew I. Yang, Vivek Buch, John F. Burke, Andrew G. Richardson, Cameron Brandon, Joel M. Stein, Kathryn A. Davis, H. Isaac Chen, Alex Proekt, Max B. Kelz, Brian Litt, Joshua I. Gold, Timothy H. Lucas",ds003509,1
"Winnugroho Wiratman, Shunsuke Kobayashi, Fang-Yu Chang, Kohei Asano, Yoshikazu Ugawa",ds003509,1
"Magda Mustile, Dimitrios Kourtis, Martin Edwards, Simon Ladouce, Daniele Volpe, Manuela Pilleri, Elisa Pelosin, Gemma Learmonth, D. Donaldson, Magdalena Ietswaart",ds003509,1
"Gajanan S. Revankar, Yuta Kajiyama, Noriaki Hattori, Tetsuya Shimokawa, Tomohito Nakano, Masahito Mihara, Etsuro Mori, Hideki Mochizuki",ds003509,1
"Amir Nassibi, Christos Papavassiliou, S. Farokh Atashzar",ds003509,1
"Halil Aziz Velioğlu, Esra Zeynep Dudukcu, Lütfü Hanoğlu, Bahar Güntekin, Tuba Aktürk, Burak Yulug",ds003509,1
"Taylor J. Bosch, Arturo I. Espinoza, Arun Singh",ds003509,1
"И. В. Брак, Elena Filimonova, Oleg Zakhariya, Рустам Равилевич Хасанов, Ivan V. Stepanyan",ds003509,1
"Sanju Gupta, Juhee Khan, Surajit Ghosh",ds003509,1
"Ke Dong, Xiaoxia Zhu, Wenwu Xiao, Chu Gan, Yulu Luo, Manying Jiang, Hanjun Liu, Xi Chen",ds003509,1
"Nandakumar S. Narayanan, Zahra Jourahmad, Rachel C. Cole, James F. Cavanagh",ds003509,1
"Witney Chen, Coralie de Hemptinne, Michael Leibbrand, Andrew M. Miller, Paul Larson, Philip A. Starr",ds003509,1
"Bing Hu, Minbo Xu, Zhizhi Wang, Danhua Jiang, Dingjiang Wang, Dongmei Zhang",ds003509,1
"Rachel C. Cole, Nadja R. Ging-Jehli, Juan Vivanco‐Suarez, Jeremy D.W. Greenlee, Jan R. Wessel, Arturo I. Espinoza, Qiang Zhang, James F. Cavanagh, Nandakumar S. Narayanan",ds003509,1
"Ali Abdul Nabi Ali, Mesbah Alam, Simon Klein, Nicolai Behmann, Joachim K. Krauss, Theodor Doll, Holger Blume, Kerstin Schwabe",ds003509,1
"Taylor J. Bosch, Christopher L. Groth, Arturo I. Espinoza, Vishal Bharmauria, Oliver Flouty, Arun Singh",ds003509,1
"Julius Kricheldorff, Julia Ficke, Stefan Debener, Karsten Witt",ds003509,1
"May Bar‐On, Shaked Baharav, Zoya Katzir, Anat Mirelman, Ronen Sosnik, Inbal Maidan",ds003509,1
"Jia Chen, Yuanwei Dong, Hong Guo, Tianyu Zhao, Di Zhang, Song Jin",ds003509,1
"Giuseppina Elena Cipriani, Sara Molfese, Fabio Giovannelli, Bahar Güntekin, Neri Vitali, Rachele Marcato, Martina Amanzio",ds003509,1
"Josefine Waldthaler, Alexander Sperlich, Aylin König, Charlotte Stüssel, Frank Bremmer, Lars Timmermann, David J. Pedrosa",ds003509,1
"Jason da Silva Castanheira, Alex I. Wiesman, Justine Y. Hansen, Bratislav Mišić, Sylvain Baillet, Network Quebec Parkinson",ds003509,1
"Melina Maria Afonso, Damodar Reddy Edla, R. Ravinder Reddy",ds003509,1
"Julianne Baarbé, Matt J.N. Brown, Utpal Saha, Stephanie Tran, Anne Weißbach, James Saravanamuttu, Douglas Cheyne, William D. Hutchison, Robert Chen",ds003509,1
"Jeong Woo Choi, Mahsa Malekmohammadi, Soroush Niketeghad, Katy A. Cross, Hamasa Ebadi, Amirreza Alijanpourotaghsara, Adam R. Aron, Ueli Rutishauser, Nader Pouratian",ds003509,1
"Lívia Shirahige, Brenda Leimig, Adriana Baltar, Amanda Silva de Macêdo Bezerra, Caio Vinícius Ferreira de Brito, Yasmin Samara Oliveira do Nascimento, Juliana Carneiro Gomes, Wei‐Peng Teo, Wellignton Pinheiro dos Santos, Marcelo Cairrão, André Fonseca, Kátia Monte‐Silva",ds003509,1
"Shuyan Tong, Ruiwen Wang, Hui‐Hua Li, Tong Zhu, Deqin Geng, Xiangrong Zhang, Chao Ren",ds003509,1
"Taylor J. Bosch, Rachel C. Cole, Shawn M. Vuong, Oliver Flouty, Arun Singh",ds003509,1
"Hamzeh Norouzi, Magdalena Ietswaart, Jason Adair, Gemma Learmonth","ds000247,ds003509,ds004998",3
"Vanessa Era, Ugo Giulio Pesci, Quentin Moreau, Rachele Pezzetta, Silvia Zabberoni, Antonella Peppe, Alberto Costa, Sara Taglieri, Matteo Candidi, Salvatore Maria Aglioti",ds003509,1
"Magda Mustile, Dimitrios Kourtis, Simon Ladouce, Martin G. Edwards, Daniele Volpe, Manuela Pilleri, Elisa Pelosin, D. Donaldson, Magdalena Ietswaart","ds003509,ds004574,ds004579,ds004580,ds004584",5
"Arif Abdulbaki, Theodor Doll, Simeon O. A. Helgers, Hans E. Heissler, Jürgen Voges, Joachim K. Krauss, Kerstin Schwabe, Mesbah Alam",ds003509,1
"Tao Ping, Xuerong Shao, Yuchen Dong, Roger Adams, Elisabeth Preston, Ying Liu, Jia Han",ds003509,1
"Nannan Pan, Ziyan Fang, Jinwei Wang, Penghui Cao",ds003509,1
"Anouk Wolters, Yasin Temel, Hans Clusmann, Sarah Hescham",ds003509,1
"Thi‐Nhu‐Quynh Nguyen, Hoang‐Thuy‐Tien Vo, Huy A. Nguyen, Tuan Van Huynh",ds003509,1
"Jeongbong Choi, Youngseok Choi, Young‐Chul Jung, Jeyeon Lee, Jongshill Lee, Eunkyoung Park, In Young Kim",ds003509,1
"Taylor J. Bosch, Rachel C. Cole, Yarema Bezchlibnyk, Oliver Flouty, Arun Kumar Singh",ds003509,1
"R. Pezzetta, D. G. Ozkan, V. Era, G. Tieri, S. Zabberoni, S. Taglieri, A. Costa, A. Peppe, C. Caltagirone, S. Aglioti",ds003509,1
"David S. Jin, Oumayma Agdali, Taruna Yadav, Sharif I. Kronemer, Sydney Kunkler, Shweta Majumder, Maya S. Khurana, Marie C McCusker, Ivory Fu, Emily J. Siff, Aya Khalaf, Kate L. Christison-Lagay, S. Aerts, Qilong Xin, Jing‐Jing Li, Sarah C. McGill, Michael J. Crowley, Hal Blumenfeld",ds003509,1
"Yves Denoyer, Joan Duprez, Jean‐François Houvenaghel, Fabrice Wendling, Pascal Benquet",ds003509,1
"I. French, Kuo-Hsuan Chang, Wei-Kuang Liang, Wen-Sheng Chang, Yen-Shi Lo, Yi-Ru Wang, Mei-Ling Cheng, Norden E. Huang, Hsiu-Chuan Wu, Siew-Na Lim, Chiung-Mei Chen, Chi-Hung Juan",ds003509,1
"A. Espinoza, J. Scholl, Arun Singh",ds003509,1
"Shifeng Li, Qiongying Xu",ds003509,1
"Valeriana Mancazzo, E. Sibilano, D. Buongiorno, Raffaele Carli, V. Bevilacqua, Antonio Brunetti",ds003509,1
"Björn Holtze, Marc Rosenkranz, Manuela Jaeger, Stefan Debener, Bojana Mirkovic",ds003516,1
"Lisa Straetmans, Björn Holtze, Stefan Debener, Manuela Jaeger, Bojana Mirkovic","ds003039,ds003516",2
"Daniel Hölle, Sarah Blum, Sven Kissner, Stefan Debener, Martin G. Bleichner",ds003516,1
"Marc Rosenkranz, Björn Holtze, Manuela Jaeger, Stefan Debener",ds003516,1
"Shiri Makov, Danna Pinto, Paz Har-Shai Yahav, Lee M. Miller, Elana Zion Golumbic",ds003516,1
"Marc Rosenkranz, Timur Cetin, Verena Uslar, Martin G. Bleichner","ds003516,ds004015",2
"Adi Brown, Danna Pinto, Ksenia Burgart, Yair Zvilichovsky, Elana Zion Golumbic",ds003516,1
"Lisa Straetmans, Kamil Adiloğlu, Stefan Debener","ds003516,ds004015",2
"Chengxuan Qin, Rui Yang, Wenlong You, Zhige Chen, Longsheng Zhu, Mengjie Huang, Zidong Wang","ds003516,ds004015,nm000109,nm000137,nm000158",5
"Galit Agmon, M. Jaeger, Reut Tsarfaty, M. Bleichner, E. Z. Golumbic",ds003516,1
"Thorge Haupt, Marc Rosenkranz, Martin G. Bleichner","ds003516,ds004015,ds004356,ds004505",4
"Björn Holtze, Marc Rosenkranz, Martin G. Bleichner, Manuela Jaeger, Stefan Debener",ds003516,1
"Danna Pinto, Maya Kaufman, Adi Brown, Elana Zion Golumbic",ds003516,1
"Orel Levy, Shirley Libman Hackmon, Yair Zvilichovsky, Adi Korisky, Aurélie Bidet‐Caulet, Julie B. Schweitzer, Elana Zion Golumbic",ds003516,1
"Moïra-Phoebé Huet, Christophe Micheyl, Étienne Parizet, Étienne Gaudrain",ds003516,1
"Marc Rosenkranz, Thorge Haupt, Manuela Jaeger, Verena Uslar, Martin G. Bleichner",ds003516,1
"Silvia Korte, Manuela Jaeger, Marc Rosenkranz, Martin G. Bleichner","ds003039,ds003516",2
"Iris Van de Ryck, Nicolas Heintz, Iustina Rotaru, Simon Geirnaert, Alexander Bertrand, Tom Francart",ds003516,1
"Silvia Korte, Thorge Haupt, Martin G. Bleichner",ds003516,1
"Talal A. Aldhaheri, Sonali B. Kulkarni, Pratibha R. Bhise, Mohammed Tawfik",ds003516,1
"Iris Van de Ryck, Nicolas Heintz, Iustina Rotaru, Debora Fieberg, Alexander Bertrand, Tom Francart",ds003516,1
"Lingxi Lu, Danni Wu, Xiaoyu Zhang, Liangjie Chen",ds003516,1
"Lorenz Fiedler, Ingrid S. Johnsrude, Dorothea Wendt",ds003516,1
"Charlène Aubinet, Audrey Vanhaudenhuyse, Steven Laureys, Athéna Demertzi",ds003516,1
"Silvia Korte, Martin G. Bleichner",ds003516,1
"L. B. Oknina, В. В. Подлепич, Ya. O. Vologdina, I. A. Sieber, E. L. Masherov, A. A. Slezkin, E. V. Strelnikova, A. O. Kantserova",ds003516,1
"Yibo Chen, Ning Chen, Yixiang Niu, Dingxin Chen, Wenze Qiu, Hongqing Zhu, Zhiying Zhu",ds003516,1
Adèle Simon,"ds003516,ds004015",2
"Manuela Jaeger, Elana Zion Golumbic, Martin G. Bleichner","ds003516,ds004015",2
"Jean-Phillipe Rivière, R. Malo, Sara Grassi, Yannick Pri'e",ds003516,1
"Payam Shahsavari Baboukani, Rodrigo Ordoñez, Carina Gravesen, Jan Østergaard, M. Rank, E. Alickovic, A. F. Cabrera",ds003516,1
"James F. Cavanagh, Arthur Napolitano, Christopher L. Wu, Abdullah Mueen",ds003517,1
"James F. Cavanagh, Alexandria Meyer, Greg Hajcak",ds003517,1
"Ibrahim Dahlstrom‐Hakki, Jodi Asbell‐Clarke, Elizabeth Rowe",ds003517,1
"M. Klug, T. Berg, K. Gramann",ds003517,1
"Mostafa Mohammadpour, Saeed Mozaffari",ds003517,1
"Yue Li, Lei Zhang, Kehong Long, Hui Gong, Hao Lei",ds003517,1
"Laura Alejandra Martínez-Tejada, Alex Puertas-González, Natsue Yoshimura, Yasuharu Koike",ds003517,1
"Tae Hun Cho, Yoonjin Nah, Soo Hyun Park, Sanghoon Han",ds003517,1
"Yusuke Yokota, Takahiro Soshi, Yasushi Naruse",ds003517,1
"Masashi Arake, Hiroyuki Ohta, Aki Tsuruhara, Yasushi Kobayashi, Nariyoshi Shinomiya, Hiroaki Masaki, Yuji Morimoto",ds003517,1
"Duho Sihn, Sung-Phil Kim",ds003517,1
"John R. Anderson, Shawn Betts, Jon M. Fincham, Ryan M. Hope, Mathew W. Walsh",ds003517,1
"Marius Klug, T. Berg, K. Gramann",ds003517,1
"Shengle Shi, Yinglu Song, Yue Wang, Jiaqing Xiao, Xinpeng Lin, Heng Wang, Zhe Zhao, Pengyu Wang, Zitong Lu, X X Li, He Chen","ds003517,ds005342",2
"Nadja R. Ging-Jehli, Russell K. Childers, Joshua Lu, Robert Gemma, Rachel Zhu",ds003517,1
"Duho Sihn, Min‐Ki Kim, Sung-Phil Kim","ds003517,ds004796",2
"Nadja R. Ging-Jehli, Rachel Rac-Lubashevsky, Krishn Bera, Alyssa Roberts, Allie Loder, Megan A. Boudewyn, Cameron S. Carter, Molly Erickson, James M. Gold, Steven J. Luck, J. Daniel Ragland, Andrew P. Yonelinas, Angus W. MacDonald, Deanna M. Barch, Michael J. Frank",ds003517,1
"Bryant J. Jongkees, Lorenza S. Colzato","ds003518,ds004532",2
"Andrew Westbrook, Todd S. Braver",ds003518,1
"Mads L. Pedersen, M. Frank, G. Biele","ds003518,ds004532",2
"Karima Chakroun, David Mathar, Antonius Wiehler, Florian Ganzer, Jan Peters","ds003518,ds004532",2
"Anne Collins, Matthew A. Albrecht, James A. Waltz, James M. Gold, Michael J. Frank","ds003518,ds004532",2
"Marieke Jepma, Peter R. Murphy, Matthew R. Nassar, Mauricio Rangel‐Gomez, Martijn Meeter, Sander Nieuwenhuis","ds003518,ds004532",2
"Linh C. Dang, Gregory R. Samanez‐Larkin, Jaime J. Castrellon, Scott F. Perkins, Ronald L. Cowan, Paul Newhouse, David H. Zald","ds003518,ds004532",2
"Guillaume Sescousse, Romain Ligneul, Ruth J. van Holst, Lieneke Janssen, Femke de Boer, Marcel Janssen, Anne S. Berry, William J. Jagust, Roshan Cools","ds003518,ds004532",2
"Roshan Cools, Monja I. Froböse, Esther Aarts, Lieke Hofmans","ds003518,ds004532",2
"Heleen A. Slagter, Katerina Georgopoulou, Michael J. Frank","ds003518,ds004532",2
"Simon Nilsson, Johan Alsiö, Elizabeth M. Somerville, Peter G. Clifton",ds003518,1
"Jennifer C. Swart, Michael J. Frank, Jessica I. Määttä, Ole Jensen, Roshan Cools, Hanneke E.M. den Ouden","ds003518,ds004532",2
"Monja I. Froböse, Jennifer C. Swart, Jennifer Cook, Dirk E. M. Geurts, Hanneke E.M. den Ouden, Roshan Cools","ds003518,ds004532",2
"Kimberly H. LeBlanc, Tanisha D. London, Ilona Szczot, Miriam E. Bocarsly, Danielle M. Friend, Katrina P. Nguyen, Marda M. Mengesha, Marcelo Rubinstein, Veronica A. Alvarez, Alexxai V. Kravitz",ds003518,1
"Nura Sidarus, Stefano Palminteri, Valérian Chambon",ds003518,1
"Sara Jahfari, K. Richard Ridderinkhof, Anne Collins, Tomas Knapen, Lourens Waldorp, Michael J. Frank","ds003518,ds004532",2
"James M. Broadway, Michael J. Frank, James F. Cavanagh","ds003518,ds004532",2
"Joanne C. Van Slooten, Sara Jahfari, Jan Theeuwes","ds003518,ds004532",2
"John F. L. Pinner, James F. Cavanagh","ds003518,ds004532",2
"Daniel Martins, Mitul A. Mehta, Diana Prata",ds003518,1
"Alwin de Rooij, Ruben Vromans",ds003518,1
"Anja Berger, Vanessa Mitschke, David Dignath, Andreas B. Eder, Henk van Steenbergen","ds003518,ds004532",2
"Ayla Kruis, Heleen A. Slagter, David R. W. Bachhuber, Richard J. Davidson, Antoine Lutz","ds003518,ds004532",2
"Ruben van den Bosch, Frank H. Hezemans, Jessica I. Määttä, Lieke Hofmans, Danae Papadopetraki, Robbert‐Jan Verkes, André F. Marquand, Jan Booij, Roshan Cools","ds003518,ds004532",2
"Şükrü Barış Demiral, Christopher Kure Liu, Helene Benveniste, Dardo Tomasi, Nora D. Volkow","ds003518,ds004532",2
"Ravi B. Sojitra, Itamar Lerner, Jessica R. Petok, Mark A. Gluck","ds003518,ds004532",2
"James F. Cavanagh, Andrea A. Mueller, Darin R. Brown, Jacqueline R. Janowich, Jacqueline Story-Remer, Ashley Wegele, Sarah Pirio Richardson","ds003518,ds004532",2
"Joanne C. Van Slooten, Sara Jahfari, Tomas Knapen, Jan Theeuwes","ds003518,ds004532",2
"Péter Pajkossy, Ágnes Szöllősi, Gyula Demeter, Mihály Racsmány","ds003518,ds004532",2
"Kaileigh A. Byrne, A. Ross Otto, Bo Pang, Christopher J. Patrick, Darrell A. Worthy","ds003518,ds004532",2
"Peter S. Whitehead, Gene A. Brewer, Nowed Patwary, Chris Blais",ds003518,1
"Monja I. Froböse, Roshan Cools","ds003518,ds004532",2
"Şükrü Barış Demiral, Peter Manza, Erin Biesecker, Corinde E. Wiers, Ehsan Shokri‐Kojori, Katherine McPherson, Evan Dennis, Allison Johnson, Dardo Tomasi, Gene‐Jack Wang, Nora D. Volkow","ds003518,ds004532",2
"Iris Schutte, Peter Deschamps, Peter N. van Harten, J. Leon Kenemans","ds003518,ds004532",2
Anne Collins,ds003518,1
"Miles Wischnewski, Boukje Compen","ds003518,ds004532",2
"Miles Wischnewski, Harold Bekkering, Dennis J.L.G. Schutter","ds001810,ds003518,ds004532",3
"Alison M. Luckey, Lauren S McLeod, Yuefeng Huang, Anusha Mohan, Sven Vanneste","ds003518,ds004532",2
"Matthew A. Albrecht, James A. Waltz, James F. Cavanagh, Michael J. Frank, James M. Gold","ds003518,ds004532",2
"Kaileigh A. Byrne, Darrell A. Worthy","ds003518,ds004532",2
"Ceyda Sayalı, Jordan Rubin‐McGregor, David Badre","ds003518,ds004532",2
"Thang M. Le, Takeyuki Oba, Luke Couch, Lauren McInerney, Chiang‐Shan R. Li","ds003518,ds004532",2
"Christina Bejjani, Tobias Egner","ds003518,ds004532",2
"Alejandro Luis Callara, Alberto Greco, Enzo Pasquale Scilingo, Luca Bonfiglio","ds003518,ds004532",2
"Rebekka Schröder, Martin Reuter, Kaja Faßbender, Thomas Plieger, Jessie Poulsen, Simon S. Y. Lui, Raymond C. K. Chan, Ulrich Ettinger",ds003518,1
"Andrew Westbrook, Ruben van den Bosch, Lieke Hofmans, Danae Papadopetraki, Jessica I. Määttä, Anne Collins, Michael J. Frank, Roshan Cools","ds003518,ds004532",2
"A. Ross Otto, Andrew Westbrook, Jean Daunizeau",ds003518,1
"Evert Boonstra, Martine R. van Schouwenburg, Anil K. Seth, Markus Bauer, Jasper B. Zantvoord, E. Marleen Kemper, Carien S. Lansink, Heleen A. Slagter","ds003518,ds003519,ds004532",3
"Sareh Zendehrouh, Shahriar Gharibzadeh, Farzad Towhidkhah",ds003518,1
"Andrew S. Lee, Baaba K. Blankson, Peter Manza, Jonathan F. O’Rawe, Craig Evinger, Hoi‐Chung Leung",ds003518,1
"Samuel J. Gershman, Armin Lak",ds003518,1
"Elke Smith, Hendrik Theis, Thilo van Eimeren, K. Knauth, D. Tuzsus, Lei Zhang, D. Mathar, J. Peters","ds003518,ds004532",2
"Clémence Gandaux, Jérôme Sallet, Céline Amiez, Delphine Autran-Clavagnier, Valentine Morel-Latour, Clément Goussi-Denjean, Vincent Fontanier, Pierre Misery, Camille Lamy, Franck Lamberton, Marina Lavigne, Eric J. Kremer, Charles Wilson, Emmanuel Procyk","ds003518,ds004532",2
"Anna Render, Hedwig Eisenbarth, Matt Oxner, Petra Jansen",ds003518,1
Selina A. Wolke,"ds003518,ds004532",2
n/a,"ds002338,ds002761,ds003518,ds004532,nm000188",5
"Kelley E. Gunther, Xiaoxue Fu, Leigha A. MacNeill, Morgan H. Jones, Briana Ermanni, Koraly Pérez‐Edgar","ds003518,ds004532",2
"Asako Mitsuto Nagase, Rei Akaishi, Keiichi Onoda, Kenji Morita, Toshikazu Kawagoe, Tetsuya Yamamoto, Shuhei Yamaguchi, Ritsuko Hanajima, Andrew Westbrook","ds003518,ds004532",2
"Ryuta Kuwamizu, Nozomi Yamamoto, Kota Otani, Yusuke Moriguchi","ds003518,ds004532",2
Jessica P.Y. Hua,"ds003518,ds004532",2
"Debbie Yee, Todd S. Braver",ds003518,1
"Elan Schonfeld, Elias Wisnia","ds003518,ds004532",2
"Thi-Nhu-Quynh Nguyen, Hoang-Thuy-Tien Vo, Tuan Van Huynh","ds003518,ds004532",2
Roshan Cools,ds003519,1
"Elizabeth S. Lorenc, Remington Mallett, Jarrod A. Lewis‐Peacock",ds003519,1
"Nash Unsworth, Matthew K. Robison, Ashley L. Miller",ds003519,1
"S. Fallon, M. Schaaf, N. Huurne, R. Cools",ds003519,1
"Sonja Annerer‐Walcher, Christof Körner, Mathias Benedek",ds003519,1
"Sean James Fallon, Annika Kienast, Kinan Muhammed, Yuen‐Siang Ang, Sanjay Manohar, Masud Husain",ds003519,1
"Sean James Fallon, Olivia Plant, Younes Adam Tabi, Sanjay Manohar, Masud Husain",ds003519,1
"Shijing Yu, Sarah Rempel, Negin Gholamipourbarogh, Christian Beste",ds003519,1
"Michael J. Wenger, Laura E. Murray Kolb, Samuel Scott, Erick Boy, Jere D. Haas",ds003519,1
"Leor Zmigrod, Trevor W. Robbins",ds003519,1
"Sean James Fallon, Kinan Muhammed, Daniel Drew, Yuen‐Siang Ang, Sanjay Manohar, Masud Husain",ds003519,1
"Laura Olivito, Maria De Risi, Fabio Russo, Elvira De Leonibus",ds003519,1
"Sean James Fallon, Matthew Gowell, Maria Raquel Maio, Masud Husain",ds003519,1
"John C. Williams, Zu Jie Zheng, Philip N. Tubiolo, Jacob R. Luceno, Roberto Gil, Ragy R. Girgis, Mark Slifstein, Anissa Abi‐Dargham, Jared X. Van Snellenberg",ds003519,1
"Li‐Ann Leow, Lena Bernheine, Timothy J. Carroll, Paul E. Dux, Hannah L. Filmer",ds003519,1
"Kanch Sharma, Sean James Fallon, Thomas Davis, Scott Ankrett, Greg Munro, Gary Christopher, Elizabeth Coulthard",ds003519,1
"Sarah Newbolds, Michael J. Wenger",ds003519,1
"Amy Barnett, Michael J. Wenger, Pamela Miles, Dee Wu, Zitha Redempta Isingizwe, Doris M. Benbrook, Han Yuan",ds003519,1
"Lola Karsenti, Aya Meltzer‐Asscher",ds003519,1
Sean James Fallon,ds003519,1
"L. J. Wilod Versprille, Koji Yano, Anders Petersen, J. Dalley, Trevor W. Robbins",ds003519,1
"Sudhin A. Shah, Ryan Lowder, Amy Kuceyeski","ds003522,ds005114",2
"Mark C. Nwakamma, Alexandra Stillman, Laurel J. Gabard‐Durnam, James F. Cavanagh, Charles H. Hillman, Timothy P. Morris","ds003522,ds005114",2
"Mo Mortazavi, Francesca Arese Lucini, David Joffe, D. S. Oakley",ds003522,1
"Laura M. Franke, Robert A. Perera, Amma A. Aygemang, Craig A. Marquardt, Collin Teich, Scott R. Sponheim, Connie C. Duncan, William C. Walker",ds003522,1
"Emma Brandt, J. Kevin Wilson, Rebecca Rieger, Darbi Gill, Andrew R. Mayer, James F. Cavanagh","ds003522,ds005114",2
"Garth E. Terry, Kathleen F. Pagulayan, Mark Muzi, Cynthia Mayer, Daniel Murray, Abigail G. Schindler, Todd L. Richards, Cory McEvoy, Adam Crabtree, Chris McNamara, Gary E. Means, Peter Muench, Jacob R. Powell, Jason P. Mihalik, Ronald G. Thomas, Murray A. Raskind, Elaine R. Peskind, James S. Meabon",ds003522,1
"M. Windy McNerney, Gene G. Gurkoff, Charlotte Beard, Marian E. Berryhill","ds003522,ds005114",2
"Yihe Wang, Taida Li, Yujun Yan, Wenzhan Song, Xiang Zhang",ds003522,1
"Masaya Ueda, Keita Ueno, Takuma Yuri, Yasunori Aoki, Masahiro Hata, Takao Inoue, Ryouhei Ishii, Yasuo Naito","ds003522,ds005114",2
"Hsueh‐Sheng Chiang, Michael A. Motes, Borna Afkhami-Rohani, Ashna Adhikari, Christian LoBue, Michael A. Kraut, C. Munro Cullum, John Hart","ds003522,ds005114",2
"Poppy L. A. Schoenberg, Emily M. Mohr, Phyllis E. Kilpatrick, Barbara A. Murphy",ds003522,1
Seda Şaşmaz Karacan,ds003522,1
"MD Boris-Stephan Rauchmann, EE James Hamet, PhD Jesyin Lai, PhD Homeira Kafi, PhD Joe Rexwinkle, MD Mhba Matthias Brendel, PhD Nicolai Franzmeier, MD Carolin Kurz, MD Oliver Pogarell, MD Johannes Levin, MD Günter Höglinger, R. Perneczky, Eeg Electroencephalography",ds003522,1
"Farzaneh Manzari, Peyvand Ghaderyan",ds003522,1
"Natalia Camilotto, Paula Caamaño, Samanta Leiva",ds003522,1
Muna R. Harbi,"ds003522,ds005114",2
"Tahamina Begum, C. Bliese, Emily D. Drake, Margaret Sliwka, S. Sullivan, M. F. Reza",ds003522,1
"Carl E. Stevens, Darya L. Zabelina",ds003570,1
"Cameron Arkin, Emily Przysinda, Charles W. Pfeifer, Tima Zeng, Psyche Loui",ds003570,1
"Hannah M. Merseal, Roger E. Beaty, Yoed N. Kenett, James Lloyd-Cox, Örjan de Manzano, Martin Norgaard",ds003570,1
"Ivan Jimenez, Tuire Kuusi, Christopher Doll",ds003570,1
Matthew D. Thibeault,ds003570,1
"Anna Selway, Hendrik Vincent Koops, A. Volk, D. Bretherton, Nicholas Gibbins, R. Polfreman",ds003570,1
"Ernest Mas‐Herrero, Josep Marco‐Pallarés",ds003570,1
Aaron Z. Lohmeyer,ds003570,1
"Andrew Goldman, Colleen S. Thomas, Paul Sajda",ds003570,1
Jonathan De Souza,ds003570,1
"Ivan Jimenez, Tuire Kuusi, Juha Ojala",ds003570,1
Andrew Goldman,ds003570,1
"Josef Faller, Andrew Goldman, Yida Lin, James R. McIntosh, Paul Sajda",ds003570,1
"Psyche Loui, Corinna Parrish, Xiaotong Wu, Jethro Lee, Elizabeth Hellmuth Margulis",ds003570,1
Psyche Loui,ds003570,1
"Christopher Corcoran, Jan Stupacher, Peter Vuust",ds003570,1
"C. Corcoran, N. Spiro",ds003570,1
Lee Whitehorne,ds003570,1
Joshua Vigran,ds003570,1
Janet Bourne,ds003570,1
"K.J Kim, Noah R. Fram, Barbara Nerness, Cara Turnbull, Aditya Chander, E. Georgieva, Sebastian James, Matt Wright, Takako Fujioka",ds003570,1
Keith Phillips,ds003570,1
"Anna Montevilla, Guillermo Sahonero-Alvarez",ds003570,1
"Vedant N Tapiavala, Joshua Piesner, Sourjyamoy Barman, Feng Fu",ds003570,1
J. M. Ferrin,ds003570,1
"Marius Klug, Niels A Kloosterman","ds003620,ds004460",2
"Alexandra Krugliak, Alex Clarke",ds003620,1
"Shih-Chun Kao, Feng-Tzu Chen, David Moreau, E. Drollette, Steve Amireault, Chien-Heng Chu, Yu-Kai Chang",ds003620,1
"Simon Ladouce, Magda Mustile, Magdalena Ietswaart, Frédéric Dehais",ds003620,1
"Andrew W. Corcoran, Ricardo Perera, Matthieu Koroma, Sid Kouider, Jakob Hohwy, Thomas Andrillon",ds003620,1
"Roni Tibon, Linda Geerligs, Karen L. Campbell",ds003620,1
"William Vallet, Virginie van Wassenhove",ds003620,1
"Xinyu Chen, Liyu Cao, Barbara F. Haendel","ds003620,ds003739",2
"Zachariah R. Cross, Alex Chatburn, Lee Melberzs, Philip Temby, Diane Pomeroy, Matthias Schlesewsky, Ina Bornkessel‐Schlesewsky",ds003620,1
"Nadine Jacobsen, Daniel Kristanto, Suong Welp, Yusuf Coşku Inceler, Stefan Debener","ds003039,ds003620,ds004505",3
"Lara J. Papin, Manik Esche, Joanna E. M. Scanlon, Nadine Jacobsen, Stefan Debener","ds003039,ds003620",2
"Haodong Deng, Mengfan Li, Haoxin Zuo, Huihui Zhou, Enming Qi, Xue Wu, Guizhi Xu",ds003620,1
"N. V. Shemyakina, Yu. G. Potapov, Zh. V. Nagornova",ds003620,1
"S. Ladouce, Magda Mustile, F. Dehais",ds003620,1
"Doli Hazarika, Srihari Madhavan, Cota Navin Gupta",ds003620,1
"Shan Cheng, Lin Cong, Duoduo Hui, Chaolin Teng, Wenbin Li, Jin Ma",ds003620,1
"Tae‐Hun Kim, Dae Yun Seo, Jun Hyun Bae, Jin Han",ds003620,1
"Samantha Marshall, Gianna Jeyarajan, Nicholas Hayhow, Raphael Gabiazon, Tia Seleem, Mathew R. Hammerstrom, Olav Krigolson, Lindsay S. Nagamatsu",ds003620,1
"Fang Yang, Xu Sun, Jiming Bai, Bingjian Liu, Luis Felipe Moreno Leyva, Sheng Zhang",ds003620,1
"Fang Yang, Xu Sun, Jing Ma, Siyuan Zhou, Bingjian Liu, Puhong Li, Wei Lv",ds003620,1
"Chloe A. Dziego, Ina Bornkessel‐Schlesewsky, Maarten A. Immink, Zachariah R. Cross, Matthias Schlesewsky",ds003620,1
"Stephan Streuber, Nicole Wetzel, Stefan Pastel, Dan Bürger, Kerstin Witte",ds003620,1
"Ishrat mehmood, Haoxuan Xu, Peirun Song, Yuying Zhai, Cheng Chang, Xuehui Bao, Hangting Ye, Sirou Guo, Yanyan Wang, Lingling Zhang, Pei Chen, Wanshun Wen, Xuan Zhao, Gang Chen, Xiongjie Yu",ds003620,1
"Lara J. Papin, Fine Berger, Stefan Debener",ds003620,1
"Demian Stoianov, Elisabeth Beyersmann, Nenagh Kemp, Signy Wegener, Srđan Popov",ds003620,1
"Duoyu Feng, Jiajia Li",ds003620,1
"Alexandra I. Kosachenko, Dauren Kasanov, Alexander I. Kotyusov, Yuri G. Pavlov","ds003655,ds003838",2
"Anaïs Llorens, Ludovic Bellier, Alejandro O. Blenkmann, Jugoslav Ivanović, Pål G. Larsson, Jack J. Lin, Tor Endestad, Anne‐Kristin Solbakk, Robert T. Knight",ds003655,1
"Yuri G. Pavlov, Dauren Kasanov, Alexandra I. Kosachenko, Alexander I. Kotyusov, Niko A. Busch","ds003655,ds003838,on006126",3
"Aitor Egurtzegi, Damián E. Blasí, Ina Bornkessel‐Schlesewsky, Itziar Laka, Martin Meyer, Balthasar Bickel, Sebastian Sauppe",ds003655,1
"Julio Rodriguez‐Larios, Saskia Haegens",ds003655,1
"Yuri G. Pavlov, Boris Kotchoubey",ds003655,1
"Naoto Nakagawa, Keita Odanaka, Hiroshi Ohara, Toshinori Ito, Shigeki Kisara, Kitae Ito",ds003655,1
"Yi‐Fang Hsu, Jarmo A. Hämäläinen",ds003655,1
"Natalia Zhozhikashvili, Maria Protopova, Tatiana Shkurenko, Marie Arsalidou, И. К. Захаров, Boris Kotchoubey, Sergey Malykh, Yuri G. Pavlov","ds003655,ds003838",2
"T. A. Suhail, Subasree Ramakrishnan, A. P. Vinod, Suvarna Alladi",ds003655,1
"Brian C. Kavanaugh, Megan Vigne, Ryan Thorpe, Christopher Legere, W. Luke Acuff, Noah Vaughan, Eric Tirrell, Saskia Haegens, Linda L. Carpenter, Stephanie R. Jones",ds003655,1
"Qian Zhang, Ruohan Chang, Zhendong Wang",ds003655,1
"S. Robin Cohen, Elishai Ezra Tsur, Oded Meiron",ds003655,1
"Dauren Kasanov, Olga I. Dorogina, Faisal Mushtaq, Yuri G. Pavlov","ds003655,ds003838",2
"Hirotaka Sugino, Takuya Ideriha, Ryoichiro Yamazaki, Junichi Ushiyama",ds003655,1
"Harshini Gangapuram, Vidya Manian",ds003655,1
"Esteban León-Correa, Philipp Ruhnau, Alex Bahrami Balani, Adam Qureshi, Dorothy Tse, Stergios Makris",ds003655,1
"Brian C. Kavanaugh, Megan Vigne, Isaiah Gamble, Christopher Legere, Gian DePamphilis, W. Luke Acuff, Eric Tirrell, Noah Vaughan, Ryan Thorpe, Elena K. Festa, Anthony Spirito, Stephanie R. Jones, Linda L. Carpenter",ds003655,1
"Brian C. Kavanaugh, Megan Vigne, Isaiah Gamble, Christopher Legere, Gian DePamphilis, W. Luke Acuff, Eric Tirrell, Noah Vaughan, Ryan Thorpe, Anthony Spirito, Stephanie R. Jones, Linda L. Carpenter",ds003655,1
"Tuba Aktürk, Emine Elif Tülay, Bahar Güntekin, Alexander T. Sack",ds003655,1
"A. Kosachenko, Danil I. Syttykov, Dmitrii A. Tarasov, A. Kotyusov, D. Kasanov, S. Malykh, B. Kotchoubey, Y. G. Pavlov",ds003655,1
"Nigel Gebodh, Zeinab Esmaeilpour, Abhishek Datta, Marom Bikson","ds001810,ds003670",2
"Boyang Zang, Tao Sun, Yang Lu, Yuhang Zhang, Guihuai Wang, Sen Wan",ds003688,1
"Costanza Peinkhofer, Gitte M. Knudsen, Rita Moretti, Daniel Kondziella",ds003690,1
"Amie J. Durston, Roxane J. Itier",ds003690,1
"Maria José Ribeiro, Miguel Castelo‐Branco",ds003690,1
"Amy Trongnetrpunya, Paul E. Rapp, Chao Wang, David Darmon, Michelle E. Costanzo, Dominic E. Nathan, Michael J. Roy, Christopher J. Cellucci, David O. Keyser",ds003690,1
"George M. Opie, James M. Hughes, Rohan Puri",ds003690,1
"Francesca Aprile, Marco Simões, J. Henriques, P. Carvalho, Miguel Castelo‐Branco, Alejandra Sel, Maria José Ribeiro",ds003690,1
"Mohamad El Haj, Claire Boutoleau‐Bretonnière, Guillaume Chapelet",ds003690,1
"Filipa Júlio, Maria José Ribeiro, Mário R. Simões, Miguel Castelo‐Branco, Cristina Januário",ds003690,1
"Sthephânia Beatriz Oliveira Souza, Brendha Tomé, Rina Márcia Magnani, Flávia Martins Gervásio",ds003690,1
"Julius Welzel, Miriam Güthe, Julian Keil, Gesine Hermann, Robin Wolke, Walter Maetzler, Jos Becktepe",ds003690,1
"S Oliveira, Catarina F. Gomes, Maria José Ribeiro",ds003690,1
"Adrian RUIZ CHIAPELLO, Enzo BUSCATO, Muriel Mescam, Isabelle Berry, Alexandra Pressigout, Andrea Alamia, Florence Remy",ds003690,1
"Lina Skora, James J. A. Livermore, Karin Roelofs",ds003690,1
"Andrew W. Corcoran, Vaughan G. Macefield, Jakob Hohwy",ds003690,1
"Alessio Bellato, Iti Arora, Puja Kochhar, Chris Hollis, Madeleine J. Groom",ds003690,1
"Laora Kerautret, Stéphanie Dabic, Jordan Navarro",ds003690,1
"Utku Kaya, Hulusi Kafalıgönül",ds003690,1
"Hongliang Zhou, Tingting Xiong, Zhongpeng Dai, Haowen Zou, Xvmiao Wang, Hao Tang, Yinghong Huang, Hao Sun, Wei You, Zhijian Yao, Qing Lü",ds003690,1
"Markus Canazei, Maximilian Dick, Wilfried Pohl, Johannes Weninger, Niclas Hubel, Siegmund Staggl, Elisabeth M. Weiss",ds003690,1
"Trevor W. K. Yung, Cynthia Y. Y. Lai, Chetwyn C. H. Chan",ds003690,1
"Matteo Sequestro, Jade Serfaty, Julie Grèzes, Rocco Mennella",ds003690,1
"Sharath Koorathota, Jia Li, Josef Faller, Linbi Hong, Pawan Lapborisuth, Paul Sajda",ds003690,1
"Hernán Delgado, Sebastián Javier Lipina, M. Carmen Pastor, Graciela Muñiz‐Terrera, Ñeranei Menéndez, Richard Rodríguez, Alejandra Carboni",ds003690,1
"María I. Cobos, Pedro M. Guerra, Ana Belén Funes Chica",ds003690,1
"Ege Kingir, Sukanya Chakraborty, Caspar M. Schwiedrzik, Melanie Wilke",ds003690,1
"Samantha Gregory, Hongfang Wang, Klaus Kessler",ds003702,1
"Irene Sánchez Rodríguez, Luca Bailo, Folco Panizza, Valerie A. A. van Es, Marzio Alessi, Monica Betta, Emiliano Ricciardi",ds003702,1
"John M. Bernabei, Adam Li, Andrew Y Revell, Rachel J. Smith, Kristin M. Gunnarsdottir, Ian Ong, Kathryn A. Davis, Nishant Sinha, Sridevi V. Sarma, Brian Litt",ds003708,1
"A. Paulk, R. Zelmann, Britni Crocker, A. Widge, D. Dougherty, E. Eskandar, D. Weisholtz, R. Richardson, G. Cosgrove, Ziv M. Williams, S. Cash",ds003708,1
"D. van Blooijs, M. A. van den Boom, Jaap F. van der Aar, G. Huiskamp, Giulio Castegnaro, M. Demuru, W. Zweiphenning, P. van Eijsden, K. Miller, F. Leijten, D. Hermes",ds003708,1
"J. Wong, G. Deuschl, Robin Wolke, H. Bergman, M. Muthuraman, Sergiu Groppa, S. Sheth, H. Bronte-Stewart, K. B. Wilkins, M. Petrucci, E. Lambert, Y. Kehnemouyi, P. Starr, S. Little, J. Ansó, Ro’ee Gilron, Lawrence R. Poree, G. Kalamangalam, G. Worrell, K. Miller, N. Schiff, C. Butson, J. Henderson, J. Judy, A. Ramirez-Zamora, K. Foote, P. Silburn, Luming Li, G. Oyama, H. Kamo, S. Sekimoto, N. Hattori, J. Giordano, Diane DiEuliis, J. Shook, Darin D. Doughtery, A. Widge, H. Mayberg, J. Cha, K. Choi, S. Heisig, Mosadoluwa Obatusin, E. Opri, S. Kaufman, P. Shirvalkar, C. Rozell, Sankaraleengam (Sankar) Alagapan, R. Raike, H. Bokil, D. Green",ds003708,1
"Daniel A. N. Barbosa, Sandra Gattas, Juliana S. Salgado, F. M. Kuijper, Allan R. Wang, Yuhao (Danny) Huang, B. Kakusa, Christoph Leuze, Artur Luczak, P. Rapp, R. Malenka, D. Hermes, K. Miller, B. Heifets, C. Bohon, J. McNab, C. Halpern",ds003708,1
"K. Miller, K. Müller, G. Valencia, Harvey Huang, N. Gregg, G. Worrell, D. Hermes",ds003708,1
"G. Ojeda Valencia, N. Gregg, Harvey Huang, B. Lundstrom, B. Brinkmann, T. Pal Attia, Jamie J Van Gompel, M. Bernstein, M. In, J. Huston, G. Worrell, K. Miller, D. Hermes",ds003708,1
"Yuhao (Danny) Huang, Rina Zelmann, P. Hadar, Jaquelin Dezha-Peralta, R. M. Richardson, Ziv M. Williams, S. Cash, C. Keller, A. Paulk",ds003708,1
"Harvey Huang, G. Valencia, N. Gregg, G. Osman, Morgan Montoya, G. Worrell, Kai J. Miller, Dora Hermes","ds003708,ds004457",2
"Harvey Huang, N. Gregg, G. Ojeda Valencia, B. Brinkmann, B. Lundstrom, G. Worrell, K. Miller, D. Hermes",ds003708,1
"Olivier Rossel, Félix Schlosser-Perrin, H. Duffau, R. Matsumoto, E. Mandonnet, F. Bonnetblanc",ds003708,1
"L. Levinson, S. Sun, C. J. Paschall, K. Perks, K. Weaver, S. Perlmutter, A. L. Ko, J. G. Ojemann, J. Herron",ds003708,1
"Maansi Desai, Alyssa M. Field, Liberty S. Hamilton",ds003708,1
"Dian Lyu, James Stiger, Zoe Lusk, V. Buch, Josef Parvizi",ds003708,1
"Josef Parvizi, Dian Lyu, James R. Stieger, Zoe Lusk, Vivek Buch",ds003708,1
"Yuhao (Danny) Huang, C. Keller",ds003708,1
"Justin M. Campbell, Tyler S. Davis, Daria Nesterovich Anderson, Amir M. Arain, Zac Davis, Cory S. Inman, Elliot H. Smith, John D. Rolston",ds003708,1
"Rhiannon L. Cowan, Tyler S. Davis, E. Merricks, Bornali Kundu, B. Shofty, Shervin Rahimpour, C. Schevon, John D. Rolston, Elliot H. Smith",ds003708,1
"Harvey Huang, J. Adkinson, Michael A. Jensen, Mohammed A. Hasen, I. Danstrom, K. Bijanki, Nicholas M. Gregg, K. J. Miller, S. Sheth, Dora Hermes, Eleonora Bartoli","ds003708,ds004457",2
"Zekai Qiang, Jamie Norris, G. Cooray, Richard Rosch, Kai J. Miller, Dora Hermes, Aswin Chari, M. Tisdall",ds003708,1
"Angelique C. Paulk, Rina Zelmann, Britni Crocker, Alik S. Widge, Darin D. Dougherty, Emad N. Eskandar, Daniel S. Weisholtz, R. Mark Richardson, G. Rees Cosgrove, Ziv M. Williams, Sydney S. Cash",ds003708,1
"T. Al-Sadek, Aryan Wadhwa, Millen Wadhwa, Aaron E. L. Warren, John D. Rolston","ds003708,ds004457",2
"Michael A. Jensen, Harvey Huang, Nicholas M. Gregg, Klaus-Robert Müller, Dora Hermes, K. J. Miller",ds003708,1
"M. A. van den Boom, Nicholas M. Gregg, G. Valencia, B. Lundstrom, K. J. Miller, D. van Blooijs, G. Huiskamp, F. Leijten, G. Worrell, Dora Hermes",ds003708,1
"Jamie Norris, Aswin Chari, D. V. Blooijs, G. Cooray, Karl Friston, M. Tisdall, Richard Rosch","ds003708,ds004080",2
"Sikder Tahsin Al-Amin, Robin Varghese, D. Lloyd, M. A. González-González, M. Romero-Ortega, Carlos Ordonez",ds003708,1
"D. van Blooijs, M. A. van den Boom, J.F. van der Aar, G. Huiskamp, G. Castegnaro, M. Demuru, W. Zweiphenning, P. van Eijsden, K. J. Miller, F. Leijten, D. Hermes",ds003708,1
"Justin M. Campbell, T. Davis, D. Anderson, A. Arain, Cory S. Inman, Elliot H. Smith, J. Rolston","ds003708,ds004080",2
"Emily Cunningham, D. Brang",ds003708,1
"Meghan H. Puglia, Jacqueline S. Slobin, Cabell L. Williams",ds003710,1
"Amalia M. Skyberg, Benjamin T. Newman, Andrew J. Graves, Alison M. Goldstein, Samantha R. Brindley, Minah Kim, T. Jason Druzgal, Jessica J. Connelly, J. P. Morris",ds003710,1
"Isabella Lucia Chiara Mariani Wigley, Eleonora Mascheroni, Denis Peruzzo, Roberto Giorda, Sabrina Bonichini, Rosario Montirosso",ds003710,1
"Madelyn G. Nance, Zackary T. Landsman, Gregory J. Gerling, Meghan H. Puglia",ds003710,1
"Madelyn G. Nance, Winnie Chang, Chad Aldridge, Jennifer Burnsed, Kevin Pelphrey, Santina Zanelli, Meghan H. Puglia",ds003710,1
"Meghan H. Puglia, Kathleen M. Krol, Manuela Missana, Cabell L. Williams, Travis S. Lillard, J. P. Morris, Jessica J. Connelly, Tobias Großmann",ds003710,1
A. Skyberg,ds003710,1
"Matthias Stangl, Sabrina L. Maoz, Nanthia Suthana",ds003739,1
"Steven Peterson, Daniel P. Ferris",ds003739,1
"Luisa Roeder, Tjeerd W. Boonstra, Graham Kerr",ds003739,1
"Aiden M. Payne, Lena H. Ting",ds003739,1
"Arnd Gebel, Tim Lehmann, Urs Granacher",ds003739,1
"Alexandre Delaux, Jean‐Baptiste de Saint Aubert, Stephen Ramanoël, Marcia Bécu, Lukas Gehrke, Marius Klug, Ricardo Chavarriaga, José‐Alain Sahel, Klaus Gramann, Angelo Arleo",ds003739,1
"Natalie Richer, Ryan J. Downey, W. David Hairston, Daniel P. Ferris, Andrew D. Nordin",ds003739,1
"Teodoro Solis‐Escalante, Mitchel Stokkermans, Michael X Cohen, Vivian Weerdesteyn",ds003739,1
"Samuel Stuart, Johanna Wagner, Scott Makeig, Martina Mancini",ds003739,1
"Mahjabeen Rahman, Waldemar Karwowski, Magdalena Fąfrowicz, Peter A. Hancock",ds003739,1
"Federica Nenna, Cao Tri, Janna Protzak, Klaus Gramann",ds003739,1
"Brenda R. Malcolm, John J. Foxe, Sonja Joshi, Joe Verghese, Jeannette R. Mahoney, Sophie Molholm, Pierfilippo De Sanctis",ds003739,1
"Steven Peterson, Zoe Steine-Hanson, Nathan Davis, Rajesh P. N. Rao, Bingni W. Brunton","ds003739,nm000173",2
"I. Hwang, L. Ting, A. Payne, Jacqueline A. Palmer, J. McKay",ds003739,1
"Hikaru Yokoyama, Naotsugu Kaneko, Yohei Masugi, Tetsuya Ogawa, Katsumi Watanabe, Kimitaka Nakazawa",ds003739,1
"Aiden M. Payne, Lena H. Ting, Greg Hajcak",ds003739,1
"Vikram Shenoy Handiru, Alaleh Alivar, Armand Hoxha, Soha Saleh, Easter S. Suviseshamuthu, Guang H. Yue, Didier Allexandre",ds003739,1
"Noelle A. Jacobsen, Daniel P. Ferris","ds003739,ds004784",2
"Amanda Studnicki, Ryan J. Downey, Daniel P. Ferris","ds003039,ds003739,ds004460,ds004784",4
"Nina J Ghosn, Jacqueline A. Palmer, Michael R. Borich, Lena H. Ting, Aiden M. Payne",ds003739,1
"Daniel Büchel, Tim Lehmann, Sarah Ullrich, John Cockcroft, Quinette Louw, Jochen Baumeister",ds003739,1
"Natalie Richer, J. Cortney Bradford, Daniel P. Ferris","ds003739,ds005953",2
"Melike Kahya, Natalia Gouskova, On‐Yee Lo, Junhong Zhou, Davide Cappon, Emma Finnerty, Álvaro Pascual‐Leone, Lewis A. Lipsitz, Jeffrey M. Hausdorff, Brad Manor",ds003739,1
"Scott Boebinger, Aiden M. Payne, Giovanni Martino, Kennedy Kerr, Jasmine L. Mirdamadi, J. Lucas McKay, Michael R. Borich, Lena H. Ting",ds003739,1
"Rudri Purohit, Tanvi Bhatt",ds003739,1
"Seongmi Song, Andrew D. Nordin","ds003004,ds003739",2
"Akihiro Nakamura, Yasuyuki Suzuki, Matija Milosevic, Taishin Nomura",ds003739,1
"Shi‐Chun Bao, Wing-Cheong Leung, Vincent C. K. Cheung, Ping Zhou, Raymond Kai‐Yu Tong",ds003739,1
"Carole Fortin, Jean-Philippe Pialasse, Inga Sophia Knoth, Sarah Lippé, Cyril Duclos, Martin Simoneau",ds003739,1
"Shamali Dusane, Tanvi Bhatt",ds003739,1
"Teodoro Solis‐Escalante, Digna de Kam, Vivian Weerdesteyn",ds003739,1
"Ryan J. Downey, Natalie Richer, Rohan Gupta, Chang Liu, Erika M. Pliner, Arkaprava Roy, Jungyun Hwang, D. Clark, C. Hass, T. Manini, R. Seidler, Daniel P. Ferris",ds003739,1
"Yi-Ching Chen, Chien-Chun Huang, Chen-Guang Zhao, Ing‐Shiou Hwang",ds003739,1
"Romain Aubonnet, A Shoykhet, Devon Jacob, Giorgio Di Lorenzo, Hannes Petersen, Paolo Gargiulo",ds003739,1
"Evangelia-Regkina Symeonidou, Daniel P. Ferris",ds003739,1
"Chang Liu, Ryan J. Downey, Jacob Salminen, Sofia Arvelo Rojas, Natalie Richer, Erika M. Pliner, Jungyun Hwang, Yenisel Cruz‐Almeida, Todd M. Manini, Chris J. Hass, Rachael D. Seidler, David J. Clark, Daniel P. Ferris","ds003739,ds004505,ds004784",3
"Wei‐en Wang, Rachel Ho, Bryan Gatto, Susanne M. van der Veen, Matthew K. Underation, James S. Thomas, Ajay Antony, Stephen A. Coombes",ds003739,1
"Yong Woo An, Yangmi Kang, Hyung-pil Jun, Eunwook Chang",ds003739,1
"Yi-Ching Chen, Yu-Chen Chou, Ing‐Shiou Hwang",ds003739,1
"Qing Wang, Pedro A. Valdés-Hernández, Deirel Paz-Linares, Jorge Bosch‐Bayard, Naoya Oosugi, Misako Komatsu, Naotaka Fujii, Pedro A. Valdés‐Sosa",ds003739,1
"Steven Peterson, Satpreet H. Singh, Nancy X. R. Wang, Rajesh P. N. Rao, Bingni W. Brunton",ds003739,1
"Seyed Yahya Shirazi, Helen J. Huang",ds003739,1
"Aiden M. Payne, J. Lucas McKay, Lena H. Ting",ds003739,1
"Tim Lehmann, Daniel Büchel, John Cockcroft, Quinette Louw, Jochen Baumeister",ds003739,1
"Manish Anand, Jed A. Diekfuss, Alexis B. Slutsky‐Ganesh, Dustin R. Grooms, Scott Bonnette, Kim D. Barber Foss, Christopher A. DiCesare, Jennifer L. Hunnicutt, Gregory D. Myer",ds003739,1
"Akihiro Nakamura, Ryota Miura, Yasuyuki Suzuki, Pietro Morasso, Taishin Nomura",ds003739,1
"Jacqueline A. Palmer, Aiden M. Payne, Jasmine L. Mirdamadi, Lena H. Ting, Michael R. Borich",ds003739,1
"Yi-Ching Chen, Yi-Ying Tsai, Gwo-Ching Chang, Ing‐Shiou Hwang",ds003739,1
"Daniel J. Liss, Hannah D. Carey, Sergiy Yakovenko, Jessica L. Allen",ds003739,1
"Melike Kahya, Ke Liao, Kathleen M. Gustafson, Abiodun Akinwuntan, Brad Manor, Hannes Devos",ds003739,1
"Yi-Ying Tsai, Yi-Ching Chen, Chen-Guang Zhao, Ing‐Shiou Hwang",ds003739,1
"Aayushi Khajuria, Richa Sharma, Deepak Joshi",ds003739,1
"Andréia Abud da Silva Costa, Renato Moraes, Rob den Otter, Federico Gennaro, Lisanne B. M. Bakker, Paulo Cezar Rocha dos Santos, Tibor Hortobágyi",ds003739,1
"Julian Elias Reiser, Stefan Arnau, Gerhard Rinkenauer, Edmund Wascher",ds003739,1
"Pierfilippo De Sanctis, Johanna Wagner, Sophie Molholm, John J. Foxe, Helena M. Blumen, Douwe J. Horsthuis",ds003739,1
"Shayan Jalilpour, Gernot Müller-Putz",ds003739,1
"Helen J. Huang, Daniel P. Ferris","ds003739,ds004505",2
"Stefania Sozzi, Shashank Ghai, Marco Schieppati",ds003739,1
"Jacob Salminen, Chang Liu, Erika M. Pliner, Madison Tenerowicz, Arkaprava Roy, Natalie Richer, Jungyun Hwang, Chris J. Hass, David J. Clark, Rachael D. Seidler, Todd M. Manini, Yenisel Cruz‐Almeida, Daniel P. Ferris","ds003739,ds004505,ds004784",3
"Tyler Fettrow, Stephen DiBianca, Fernando V. Santos, Hendrik Reimann, John Jeka",ds003739,1
"Mayu Dohata, Naotsugu Kaneko, Ryogo Takahashi, Yuya Suzuki, Kimitaka Nakazawa",ds003739,1
"Seongmi Song, Courtney A. Haynes, J. Cortney Bradford",ds003739,1
"Anke Hua, Guozheng Wang, Jingyuan Bai, Zengming Hao, Yi Yang, Xin Luo, Jun Liu, Jun Meng, Jian Wang",ds003739,1
"Lydia G. Brough, Richard R. Neptune",ds003739,1
"Ben Townsend, Joey K. Legere, Martin v. Mohrenschildt, Judith M. Shedden",ds003739,1
"Vaughn Chambers, Panagiotis Artemiadis",ds003739,1
"Yu-Po Cheng, Andrew D. Nordin",ds003739,1
"Barbara Händel, Xinyu Chen, Supriya Murali",ds003739,1
"Wei‐en Wang, Rachel Ho, Margarete Ribeiro-Dasilva, Roger B. Fillingim, Stephen A. Coombes",ds003739,1
"Amanda Studnicki, Rachael D. Seidler, Daniel P. Ferris","ds003739,ds004505",2
"Evangelia-Regkina Symeonidou, Nicole M. Esposito, Roehl-Dean Reyes, Daniel P. Ferris",ds003739,1
"Daghan Piskin, Gjergji Cobani, Tim Lehmann, Daniel Büchel, Jochen Baumeister",ds003739,1
"Daghan Piskin, Daniel Büchel, Tim Lehmann, Jochen Baumeister",ds003739,1
"John R. Gilliam, Pradeep K. Sahu, Jennifer M. C. Vendemia, Sheri P. Silfies",ds003739,1
"Chun‐Hsiang Chuang, Tsai-Feng Chiu, Hao‐Che Hsu, Shih-Syun Lin",ds003739,1
"Ömer Burak Tor, Michael A. Nitsche, Edmund Wascher, Nevin Atalay Güzel, Charles S. Layne",ds003739,1
"Carmine Gelormini, Lorena Guerrini, Federica Pescaglia, Kyle J. Edmunds, Romain Aubonnet, Marco Recenti, Giorgio Di Lorenzo, Paolo Gargiulo",ds003739,1
"Susanne M. van der Veen, Robert A. Perera, Laura Manning-Franke, Amma A. Agyemang, Karen M. Skop, Scott R. Sponheim, Elisabeth A. Wilde, Alexander Stamenkovic, James S. Thomas, William C. Walker",ds003739,1
"Mingxin Ao, Shuang Ren, Yuanyuan Yu, Hongshi Huang, Xin Miao, Yingfang Ao, Wei Wang",ds003739,1
"Aiden M. Payne, Norman B. Schmidt, Alex Meyer, Greg Hajcak",ds003739,1
"Yi-Ching Chen, Yi-Ying Tsai, Wei-Min Huang, Chen-Guang Zhao, Ing‐Shiou Hwang",ds003739,1
"Carmine Gelormini, Lorena Guerrini, Federica Pescaglia, R. Aubonnet, Halldór Jónsson Jr, Hannes Petersen, Giorgio Di Lorenzo, Paolo Gargiulo",ds003739,1
"Seongmi Song, Courtney A. Haynes, J. Bradford",ds003739,1
"Alka Bishnoi, Yang Hu, M. E. Hernandez",ds003739,1
"Steven M. Peterson, Daniel P. Ferris",ds003739,1
"A. Monaghan, T. Takla, Edward Ofori, Daniel S. Peterson, Wendy Wu, N. E. Fritz, J. Longhurst",ds003739,1
"Yi-Ching Chen, Y. Tsai, Wei-Min Huang, Chen-Guang Zhao, I. Hwang",ds003739,1
"Naotsugu Kaneko, Hikaru Yokoyama, Yohei Masugi, Katsumi Watanabe, Kimitaka Nakazawa",ds003739,1
"Maria Rubega, Roberto Di Marco, Marianna Zampini, Emanuela Formaggio, Emanuele Menegatti, Paolo Bonato, Stefano Masiero, Alessandra Del Felice",ds003739,1
"Sa Zhou, Ziqi Guo, Kiufung Wong, Hanlin Zhu, Yanhuan Huang, Xiaoling Hu, Yong‐Ping Zheng",ds003739,1
"Melissa Chang, Daniel Büchel, Kirsten Reinecke, Tim Lehmann, Jochen Baumeister",ds003739,1
"Fabio Barollo, Mahmoud Hassan, Hannes Petersen, Isotta Rigoni, Ceon Ramon, Paolo Gargiulo, Antonio Fratini",ds003739,1
"Federico Gennaro, Eling D. de Bruin",ds003739,1
"Brandon G. Rasman, Patrick A. Forbes, Ryan M. Peters, Oscar Ortiz, Ian M. Franks, J. Timothy Inglis, Romeo Chua, Jean‐Sébastien Blouin",ds003739,1
"Hikaru Yokoyama, Takashi Yoshida, Karl Zabjek, Robert Chen, Kei Masani",ds003739,1
"Jinfeng Li, Helen J. Huang","ds003039,ds003739,ds004505",3
"Mei Guo, Kang Yue, Haochen Hu, Kai Lü, Yu Han, Shanshan Chen, Yue Liu",ds003739,1
"Ken Kumai, Yumi Ikeda, Katsuya Sakai, Keisuke Goto, Kenji Morikawa, Keiichirou Shibata",ds003739,1
"Meaghan Elizabeth Spedden, Mikkel Malling Beck, Timothy O. West, Simon F. Farmer, Jens Bo Nielsen, Jesper Lundbye‐Jensen",ds003739,1
"Najmeh Pakniyat, Hamidreza Namazi",ds003739,1
"Luisa Roeder, Luisa Roeder, Michael Breakspear, Graham Kerr, Tjeerd W. Boonstra, Tjeerd W. Boonstra",ds003739,1
"Shi‐Chun Bao, Kenry W. C. Leung, Raymond Kai‐Yu Tong",ds003739,1
"Isotta Rigoni, Giulio Degano, Mahmoud Hassan, Antonio Fratini",ds003739,1
"Thomas Legrand, Scott J. Mongold, Laure Muller, Gilles Naeije, Marc Vander Ghinst, Mathieu Bourguignon",ds003739,1
"Romain Aubonnet, Mahmoud Hassan, Ahmad Mheich, Giorgio Di Lorenzo, Hannes Petersen, Paolo Gargiulo",ds003739,1
"Mitchel Stokkermans, Teodoro Solis‐Escalante, Michael X Cohen, Vivian Weerdesteyn",ds003739,1
"Tie Liang, Lei Hong, Jinzhuang Xiao, Lixin Wei, Xiaoguang Liu, Hongrui Wang, Bin Dong, Xiuling Liu",ds003739,1
"Guozheng Wang, Yi Yang, Kangli Dong, Anke Hua, Jian Wang, Jun Liu",ds003739,1
"Angelina Zeltser, Aleksandra Ochneva, Daria Riabinina, Valeria Zakurazhnaya, Anna Tsurina, Elizaveta Golubeva, А. B. Berdalin, Denis Andreyuk, Елена Михайловна Леонтьева, G. P. Kostyuk, Аnna Morozova",ds003739,1
"Rachel Jones, Neethan Ratnakumar, Kübra Akbaş, Xianlian Zhou",ds003739,1
"Komal K. Kukkar, Nishant Rao, Diana Huynh, Sheel Shah, José L. Contreras-Vidal, Pranav J. Parikh",ds003739,1
"Fiorenzo Artoni, Andrea Cometa, Stefania Dalise, Valentina Azzollini, Silvestro Micera, Carmelo Chisari",ds003739,1
"Vera Kooiman, Helco G. van Keeken, Natasha M. Maurits, Vivian Weerdesteyn, Teodoro Solis‐Escalante",ds003739,1
"Guozheng Wang, Yi Yang, Xiaoxia Liu, Anke Hua, Xin Luo, Yiming Cai, Yanhua Song, Jian Wang, Jun Liu",ds003739,1
"Guozheng Wang, Xiaoxia Liu, Yiming Cai, Jian Wang, Ying Gao, Jun Liu",ds003739,1
"Xiebing Chen, Yuliang Ma, Xiaoyun Liu, Wanzeng Kong, Xugang Xi",ds003739,1
"Wenbin Shen, Xiaoxiao Wang, Qin Li, Qingguo Ding, Hongqiang Zhang, Zheng Qian, Zhixin Sun, Xingyu Chen, Jun Zhang, Mengqi Zhao, Lina Huang, Wei Xing",ds003739,1
"Cai-Hong Cui, Huacong Miao, Tie Liang, Xiuling Liu, Xiaoguang Liu",ds003739,1
"Nobuko FUJITA, Sho Kunimune, Shuichi Okada",ds003739,1
"Vera Kooiman, Joris van der Cruijsen, Ruud A. Leijendekkers, Nico Verdonschot, Teodoro Solis‐Escalante, Vivian Weerdesteyn",ds003739,1
"Rory O’Keeffe, Seyed Yahya Shirazi, Alessandro Del Vecchio, Jaime Ibáñez, Natalie Mrachacz‐Kersting, Ramin Bighamian, John‐Ross Rizzo, Dario Farina, S. Farokh Atashzar",ds003739,1
"Sumire Sato, Valay A. Shah, Tyler Fettrow, Kristina G. Hall, Grant D. Tays, Erta Cenko, Arkaprava Roy, David J. Clark, Daniel P. Ferris, Chris J. Hass, Todd M. Manini, Rachael D. Seidler",ds003739,1
"Anke Hua, Jingyuan Bai, Guozheng Wang, Zengming Hao, Jun Meng, Jian Wang",ds003739,1
"Natalie Richer, Steven Peterson, Daniel P. Ferris",ds003739,1
"Aayushi Khajuria, Deepak Joshi",ds003739,1
"Wanyi Qing, Hantao Song, Legeng Lin, Fuqiang Ye, Xiaoling Hu",ds003739,1
"Vikram Shenoy Handiru, Easter S. Suviseshamuthu, Soha Saleh, Haiyan Su, Guang H. Yue, Didier Allexandre",ds003739,1
"Kimiya Fujio, Kenta Takeda, Hiroki Obata, Noritaka Kawashima",ds003739,1
"Seyed Yahya Shirazi, Shahamat Mustavi Tasin, Helen J. Huang",ds003739,1
"Patrick Tait, Emily Timm, Joan A. O’Keefe, Tamlyn Watermeyer, Rodrigo Vitório, Rosie Morris, Samuel Stuart","ds003039,ds003739",2
"Kohei Okuyama, Kota Maeda, Ryosuke Yamauchi, Daichi Harada, Takayuki Kodama",ds003739,1
"Vikram Shenoy Handiru, Alaleh Alivar, Armand Hoxha, S. Saleh, Easter Selvan, G. Yue, D. Allexandre",ds003739,1
"Luisa Roeder, M. Breakspear, G. Kerr, T. Boonstra",ds003739,1
"Janna Protzak, Jasmine L. Mirdamadi, Michael R. Borich, Lena H. Ting",ds003739,1
"Saurabh Kumar, Aayushi Khajuria, Deepak Joshi",ds003739,1
"Jorge A. Sanchez-Bautista, Javier M. Antelis, Omar Mendoza-Montoya",ds003739,1
"Vera Gramigna, Arrigo Palumbo, Giovanni Di Perri",ds003739,1
"Bo Li, Honghao Liu, Guanghui Li, Yiran Lang, Rongyu Tang, Fengbao Yang",ds003739,1
"Hiroki Ito, Hideaki Yamaguchi, K. Ukai, Ryosuke Yamauchi, Ken Kitai, Takayuki Kodama",ds003739,1
"Rudri Purohit, Shuaijie Wang, Tanvi Bhatt",ds003739,1
"Daphne Nadine Rani Jansen, Lucas Mensink, Matto Leeuwis, Patrick A. Forbes",ds003739,1
Andréia Abud da Silva Costa,ds003739,1
Mariana Cardoso Melo,ds003739,1
Mitchel Stokkermans,ds003739,1
"Tatsunori Watanabe, Kenta Oguma, Miku Otani, Kodai Minami, Aoki Takahashi, Riku Ishizaka, Yuki Tanaka, Taisei Miyazaki, Nodoka Shimizume, Shin Ishihara",ds003739,1
"Sümeyye Özdemir, Lorena Guerrini, Carmine Gelormini, B. Güntekin, Ida Maruotto, Federica Pescaglia, Mahmoud Hassan, Paolo Gargiulo, S. Allouch",ds003739,1
"Haoming Zhang, Kunkun Zhang, Ziqi Zhang, Mingqi Zhao, Quanying Liu, Wenbo Luo, Haiyan Wu",ds003766,1
"Yiyu Chen, Siamac Fazli, Christian Wallraven","ds003766,ds003838,ds004621",3
"Shiqi Fan, Stephen Fairclough, Abdul Khalique, Alan Bury, Zaili Yang",ds003766,1
"Yassine El Ouahidi, Jonathan Lys, Philipp Thölke, Nicolas Farrugia, B. Pasdeloup, Vincent Gripon, Karim Jerbi, Giulia Lioi","ds005505,ds005509,ds005510,ds005511,ds005512,ds005516,nm000109,nm000112,nm000114,nm000115,nm000118,nm000135,nm000140,nm000144,nm000158,nm000169,nm000173,nm000188,on005505,on005506,on005507,on005508,on005509,on005510,on005511,on005512,on005514,on005515,on005516",29
"Bruno Aristimunha, Dung Truong, Pierre Guetschel, Seyed Yahya Shirazi, Isabelle Guyon, Alexandre R. Franco, M. Milham, Aviv Dotan, S. Makeig, Alexandre Gramfort, Jean-Rémi King, Marie-Constance Corsi, P. Valdés-Sosa, Amit Majumdar, Alan Evans, Terrence J. Sejnowski, O. Shriki, Sylvain Chevallier, Arnaud Delorme","ds005505,ds005509,ds005510,ds005511,ds005512,ds005516,on005505,on005506,on005507,on005508,on005509,on005510,on005511,on005512,on005514,on005515,on005516",17
"Danny Dongyeop Han, Yonghyeon Gwon, Ahhyun Lucy Lee, Taeyang Lee, Seongjin Lee, Jubin Choi, Sebin Lee, J. Bang, Seungju Lee, David Keetae Park, Shinjae Yoo, Chun Kee Chung, Jiook Cha","ds005505,ds005509,ds005510,ds005511,ds005512,ds005516",6
"Ang Li, Zikai Wang, Liuyin Yang, Zhenyu Wang, Tianheng Xu, Honglin Hu, Marc M. Van Hulle","ds005505,ds005509,ds005510,ds005511,ds005512,ds005516,nm000112,on005505,on005506,on005507,on005508,on005509,on005510,on005511,on005512,on005514,on005515,on005516",18
"Seyed Yahya Shirazi, Alexandre Franco, Maurício Scopel Hoffmann, Nathalia B. Esper, Dung Truong, Arnaud Delorme, Michael Milham, Scott Makeig","ds005505,ds005509,ds005510,ds005511,ds005512,ds005516,on005505,on005506,on005507,on005508,on005509,on005510,on005511,on005512,on005514,on005515,on005516",17
"Hubert J. Banville, Stéphane d’Ascoli, Simon Dahan, Jérémy Rapin, Marlène Careil, Yohann Benchetrit, Jarod L'evy, S. Panchavati, Antoine Ratouchniak, Mingfang Zhang, Elisa Cascardi, K. Begany, Teon L Brooks, Jean-Rémi King","ds005505,ds005509,ds005510,ds005511,ds005512,ds005516,nm000115,nm000144,nm000158,nm000162,nm000171,nm000188,on005505,on005506,on005507,on005508,on005509,on005510,on005511,on005512,on005514,on005515,on005516",23
"J. Park, Yeong-Duk Park, Jiook Cha","ds005505,ds005509,ds005511,ds005512,ds005516,on005509,on005515,on005516",8
"Asif M S, S. K., A. P. Vinod","ds005505,ds005509,ds005510,ds005511,ds005512,ds005516,on005505,on005506,on005507,on005508,on005509,on005510,on005511,on005512,on005514,on005515,on005516",17
"Ayush Nikhara, Arnav Arya, S. S, Daehan Won","ds005505,ds005509,ds005510,ds005511,ds005512,ds005516,on005505,on005506,on005507,on005508,on005509,on005510,on005511,on005512,on005514,on005515,on005516",17
"Pierre Guetschel, Bruno Aristimunha, Dung Truong, Kuntal Kokate, Michael Tangermann, A. Delorme","ds005505,ds005509,ds005510,ds005511,ds005512,ds005516,nm000114,nm000311,on005505,on005506,on005507,on005508,on005509,on005510,on005511,on005512,on005514,on005515,on005516",19
"Yanxiang Niu, Xin Chen, Yuansen Chen, Zixuan Yao, Xuemei Chen, Ziquan Liu, Xiangyan Meng, Yanqing Liu, Zongya Zhao, Haojun Fan",ds003775,1
"Chuanliang Han, Vincent C. K. Cheung, Rosa H. M. Chan",ds003775,1
"Alberto Jaramillo-Jiménez, Diego Tovar, Yorguin-José Mantilla-Ramos, John-Fredy Ochoa-Gomez, Laura Bonanni, Kolbjørn Brønnick","ds003775,ds004105,ds004106,ds004118,ds004119,ds004120,ds004121,ds004122,ds004123",9
"Junhong Lai, Jiyu Wei, Lin Yao, Yueming Wang","ds003775,ds004080,nm000109,nm000112,nm000114",5
"P. Sampedro-Piquero, F. Buades-Sitjar, A. Capilla, C. Zancada-Menéndez, A. González-Baeza, R. Moreno-Fernández, González-Baeza C b, R. Fernández",ds003775,1
"Sven Stuiver, Julia Pottkämper, Joey Verdijk, Freek ten Doesschate, Eva Aalbregt, Michel J. A. M. van Putten, Jeannette Hofmeijer, Jeroen A. van Waarde",ds003775,1
"Daniel J. McKeown, Emily Roberts, Anna J Finley, Nicholas J. Kelley, Hannah A. D. Keage, Victor R. Schinazi, Oliver Baumann, Ahmed A. Moustafa, Douglas J. Angus",ds003775,1
"John Kounios, Jessica I. Fleck, Fengqing Zhang, Yongtaek Oh",ds003775,1
"Duo Bai, Yatong Guo, Simon Theodor Jülich, Xu Lei",ds003775,1
"Stein Andersson, Trine Waage Rygvold, Christoffer Hatlestad‐Hall",ds003775,1
"Noémie Monchy, Joan Duprez, Jean‐François Houvenaghel, Alexandre Legros, Bradley Voytek, Julien Modolo",ds003775,1
"Thomas Tveitstøl, Mats Tveter, Christoffer Hatlestad‐Hall, Hugo L. Hammer, Denis A. Engemann, Ira Haraldsen","ds003775,ds004504,ds006036",3
"Giulio Degano, Francesco Misirocchi, Isotta Rigoni, Peter W. Kaplan, Hervé Quintard, Serge Vulliémoz, Karl Schaller, Andreas Kleinschmidt, Margitta Seeck, Pia De Stefano",ds003775,1
Sivan Kinreich,"ds003775,ds003944,ds003947,ds004574,ds004579,ds004580,ds004584",7
"Michael Hellstern, Byol Kim, Z. Harchaoui, Ali Shojaie",ds003775,1
"Raphael Angerbauer, Iris Unterberger, Wolfgang Nachbauer, Matthias Amprosi, Sylvia Boesch, Matteo Cesari, Elisabetta Indelicato",ds003775,1
"Anita D’Anselmo, Giulia Prete, Adolfo Di Crosta, Lucrezia Bristot, Claudia Carrarini, Alberto Jaramillo-Jiménez, Rocco Palumbo, Sara Varanese, Andrea Pilotto, Matteo Pardini, Dario Arnaldi, Fabrizia D’Antonio, David Ondráček, Michèle Tinazzi, Irena Rektorová, Milica G. Kramberger, John‐Paul Taylor, Simona Luzzi, G. Bruno, Claudio Babiloni, Alessandro Padovani, Dag Aarsland, Nicola Mammarella, Alberto Di Domenico, Luca Tommasi, Laura Bonanni",ds003775,1
"Gregory Book, Vince D. Calhoun, Michael C. Stevens, Godfrey D. Pearlson",ds003775,1
"Gayal Kuruppu, Neeraj Wagh, Y. Varatharajah","ds003775,nm000114,nm000158",3
"Ayman Anwar, Yassin Khalifa, James L. Coyle, Ervin Sejdić","ds003838,nm000129",2
"Fabian Schmidt, Sarah K. Danböck, Eugen Trinka, Dominic P Klein, Gianpaolo Demarchi, Nathan Weisz",ds003838,1
"Anton Pashkov, Ivan Dakhtin",ds003838,1
"Cédric Cannard, Helané Wahbeh, Arnaud Delorme",ds003838,1
"Yuri G. Pavlov, Anastasia S. Gashkova, Dauren Kasanov, Alexandra I. Kosachenko, Alexander I. Kotyusov, Boris Kotchoubey",ds003838,1
"Artyom Aleksandr Kuznetsov, Т. С. Петренко, Anatoly V. Gorbunov, Василий Борисов",ds003838,1
András Puszta,ds003838,1
"V Divya Vani, Pooja Ojha, Mahesh Arjundan Gadhvi, Abhinav Dixit",ds003838,1
"Milan Milivojević, Ana Gavrovska",ds003838,1
"Patient Zihisire Muke, Adrianna Kozierkiewicz, Marcin Pietranik",ds003838,1
"Wenfu Bao, Alejandro Pérez, Monika Molnar",ds003838,1
"Malavika Pradeep, Akshay Sasi, Nusaibah Farrukh, Rahul Venugopal, Elizabeth Sherly",ds003838,1
"Yi‐Hsuan Chang, Rachel Yep, Chin‐An Wang",ds003838,1
"Zehua Chen, Yuyang Miao, Liyuan Wang, Luyun Fan, D. Mandic, Jun Zhu",ds003838,1
"Dang Huynh, Thảo Nguyên Trần, Khang Thanh Tran, Nguyen Khoa Le, Cao Le, Huu-Xuan Mai, Quang-Linh Huynh, Trung-Hau Nguyen",ds003838,1
"Xu Yan, Yuhang Shi, Tingting Zhang, Xin Chen, Yi Mao",ds003838,1
"Alya Alshehhi, Qammer H.Abbasi, Rami Ghannam",ds003838,1
"Markus Canazei, Luis Glenzer, Siegmund Staggl, Verena Dresen, Johannes Weninger, Elisabeth M. Weiss",ds003838,1
"Sourabh Banik, Himanshu Kumar, Nagarajan Ganapathy, Ramakrishnan Swaminathan",ds003838,1
"Damian Koevoet, Marnix Naber, Christoph Strauch, Stefan Van der Stigchel",ds003838,1
"Bianca Maria Serena Inguscio, Giulia Cartocci, Nicolina Sciaraffa, Maria Nicastri, Ilaria Giallini, Pietro Aricò, Antonio Greco, Fabio Babiloni, Patrizia Mancini",ds003838,1
"Zhongrui Li, Li Tong, Ying Zeng, Yuanlong Gao, Diankun Gong, Kai Yang, Yidong Hu, Bin Yan",ds003838,1
"Agatha Lenartowicz, Sebastian C. Coleman, Nicolas Zink, Karen J. Mullinger",ds003838,1
"Simei Ou, Yixuan Cao, Tian Xie, Tianxiang Jiang, Jiahui Li, Wei Luo, Ning Ma",ds003838,1
"Ulrich Pomper, Lorenza Zaira Curetti, Maria Chait","ds003838,ds004752",2
"Francesco Fisicaro, Klizia Cortese, Rita Bella, Manuela Pennisi, Giuseppe Lanza, Kaoru Yuasa, Yoshikazu Ugawa, Yasuo Terao",ds003838,1
"Zhongrui Li, Li Tong, Ying Zeng, Changfu Pei, Bin Yan",ds003838,1
"Alexandra I. Kosachenko, Danil I. Syttykov, Dmitry Tarasov, Alexander I. Kotyusov, Dauren Kasanov, Sergey Malykh, Boris Kotchoubey, Yuri G. Pavlov","ds003838,ds005034",2
"Adriana A. Zekveld, Veerle W. Visser, Sophia E. Kramer, Jorn Sangers, Cas Smits",ds003838,1
"Junxia Han, Ziying Yang, M Ma, Linya Liang, Dongwei Li",ds003838,1
"Damian Koevoet, Henry M. Jones, Stefan Van der Stigchel, Edward Awh",ds003838,1
"Li J, Min Lin, Xinyu Feng, H Y Zhang, Chuchu Wang, Yulian Ma",ds003838,1
"Bruno de Matos Mansur, Viviana Villafane Barraza, Angela Voegtle, Christoph Reichert, Slawomir J. Nasuto, Catherine M. Sweeney-Reed",ds003838,1
"Pei-Cheng Shih, Masato Hirano, Shinichi Furuya",ds003838,1
"Jiali Sun, Fangfang Long, Hua Wei",ds003838,1
"Xiaoli Wu, Biao Yan, Weiyi Han, Zexi Fang",ds003838,1
"Xin Gao, Haipeng Lin, Xiaolong Wu, Dingguo Zhang",ds003838,1
"Bichitra Mandal, S.C. Mohapatra, Ramesh K. Sahoo",ds003838,1
"Daniel Senkowski, Andreas K. Engel",ds003922,1
"Saul I. Quintero, Ladan Shams, Kimia Kamal",ds003922,1
"Kielan Yarrow, Joshua A. Solomon, Derek H. Arnold, Warrick Roseboom",ds003922,1
"Nikos Chalas, Diana Omigie, David Poeppel, Virginie van Wassenhove",ds003922,1
"Cesare Parise, Marc O. Ernst",ds003922,1
Cesare Parise,ds003922,1
"Xiaoyu Liang, Yuyu Ma, Huanqi Wu, Ruilin Wang, Ruilin Wang, Ruonan Wang, Ruonan Wang, Changzeng Liu, Yang Gao, Xiaolin Ning",ds003922,1
"Yen‐Ju Chen, Zitang Sun, Shin’ya Nishida","ds003922,ds004194",2
"Cesare Parise, Elisa Parise, Anna Parise",ds003922,1
"Hongzhi Guo, Ian F. Akyildiz",ds003922,1
"Cristiano Cuppini, Eleonore F. Di Rosa, Laura Astolfi, Melissa Monti",ds003922,1
"Patrik Polgári, Ljubica Jovanović, Virginie van Wassenhove, Anne Giersch",ds003922,1
"Yueying Li, Yasuki Noguchi",ds003922,1
"Aaron Kaltenmaier, Matthew H. Davis, Clare Press",ds003922,1
"Z. T. He, Yongxiong Wang",ds003922,1
"Robert M Jertberg, Salvador Soto-Faraco, Virginie van Wassenhove, E. Van der Burg",ds003922,1
Cesare V. Parise,ds003922,1
"Renato Paredes, Juan Cabral, Peggy Seriès",ds003922,1
Jennifer M. Groh,ds003922,1
"Haocheng Zhu, U. Beierholm, Ladan Shams",ds003922,1
"A. Chabot, Ellen Lau, Philip J. Monahan, W. Idsardi",ds003922,1
"Daniel S. Kluger, Joachim Groß","ds003944,ds003947",2
"Giuseppe Ippolito, Riccardo Bertaccini, Luca Tarasi, Francesco Di Gregorio, Jelena Trajkovic, Simone Battaglia, Vincenzo Romei","ds003944,ds003947",2
"Sadi Md. Redwan, Md Palash Uddin, Anwaar Ulhaq, Muhammad Imran Sharif, Govind Krishnamoorthy","ds003944,ds003947",2
Salvatore Campanella,"ds003944,ds003947,ds007052,ds007056,ds007069,ds007096,ds007139",7
"Eirini Messaritaki, Sonya Foley, Simona Schiavi, Lorenzo Magazzini, Bethany Routley, Derek K. Jones, Krish D. Singh","ds003944,ds003947",2
"Maria Ferrara, Giorgia Franchini, Melissa Funaro, Marcello Cutroni, Beatrice Valier, Tommaso Toffanin, Laura Palagini, Luigi Zerbinati, Federica Folesani, Martino Belvederi Murri, Rosangela Caruso, Luigi Grassi","ds003944,ds003947",2
"Salvatore Campanella, Kemal Arikan, Claudio Babiloni, Michela Balconi, Maurizio Bertollo, Viviana Betti, Luigi Bianchi, Martin Brunovský, Carla Buttinelli, Silvia Comani, Giorgio Di Lorenzo, Daniel Dumalin, Carles Escera, Andreas J. Fallgatter, Derek J. Fisher, Giulia Maria Giordano, Bahar Güntekin, Claudio Imperatori, Ryouhei Ishii, Hendrik Kajosch, Michael Kiang, Eduardo López‐Caneda, Pascal Missonnier, Armida Mucci, Sebastian Olbrich, Georges Otte, Andrea Perrottelli, Alessandra Pizzuti, Diego Pinal, Dean F. Salisbury, Yingying Tang, P. Tisei, Jijun Wang, István Winkler, Jiajin Yuan, Oliver Pogarell","ds003944,ds003947",2
"Ruby J. Earl, Talitha C. Ford, Jarrad A. G. Lum, Peter G. Enticott, Aron T. Hill","ds003944,ds003947,ds004010",3
"Golnoush Alamian, Annalisa Pascarella, Tarek Lajnef, Laura Knight, James Walters, Krish D. Singh, Karim Jerbi","ds003944,ds003947",2
"Diana C. Dima, Rachael Adams, Stefanie C. Linden, Alister Baird, Jacqueline Smith, Sonya Foley, Gavin Perry, Bethany Routley, Lorenzo Magazzini, Mark Drakesmith, Nigel Williams, Joanne Doherty, Marianne van den Bree, Michael J. Owen, Jérémy Hall, David E.J. Linden, Krish D. Singh","ds003944,ds003947",2
"Yingyi Zhang, Alexandra Geyfman, Brian A. Coffman, Kathryn Gill, Fabio Ferrarelli","ds003944,ds003947",2
"Yu Zhang, Zhe Chen","ds003944,ds003947",2
"Dongdong Zhou, Hongzhi Li, Wo Wang, Li Kuang","ds003944,ds003947",2
"Feifei Zhang, Bo Liu, Yinbo Shao, Yan Tan, Q. L. Niu, Xiaochun Wang, Hui Zhang","ds003944,ds003947",2
"Joanne Doherty, Adam Cunningham, Samuel J. R. A. Chawner, Hayley Moss, Diana C. Dima, David E.J. Linden, Michael J. Owen, Marianne van den Bree, Krish D. Singh","ds003944,ds003947",2
"Mark T. Curtis, Alfredo L. Sklar, Brian A. Coffman, Dean F. Salisbury","ds003944,ds003947",2
"Hmayag Partamian, Judie Tabbal, Mahmoud Hassan, Fadi N. Karameh","ds003944,ds003947",2
"Romain Aubonnet, Mahmoud Hassan, Paolo Gargiulo, Stefano Seri, Giorgio Di Lorenzo","ds003944,ds003947",2
"Alfredo L. Sklar, Sayna Matinrazm, Annika Esseku, Fran López‐Caballero, Mark Curtis, Dylan Seebold, Natasha Torrence, Vanessa Fishel, Brian A. Coffman, Dean F. Salisbury","ds003944,ds003947",2
"Haley R. Wang, Zhen-Qi Liu, Jason S. Nomi, C. Schleifer, C. Bearden, B. Mišić, L. Uddin, Katherine H. Karlsgodt","ds003944,ds003947",2
"Han Lu, Edmund T. Rolls, Hanjia Liu, D. J. Stein, B. Sahakian, Rebecca Elliott, Tianye Jia, Chao Xie, Shitong Xiang, Nan Wang, T. Banaschewski, A. Bokde, S. Desrivières, Herta Flor, A. Grigis, Hugh Garavan, A. Heinz, R. Brühl, J. Martinot, M-L. Paillère Martinot, E. Artiges, F. Nees, D. Orfanos, H. Lemaître, Luise Poustka, Sarah Hohmann, N. Holz, J. Fröhner, M. Smolka, N. Vaidya, Henrik Walter, R. Whelan, Gunter Schumann, Jianfeng Feng, Qiang Luo","ds003944,ds003947",2
"Wei Peng, Zhenhong Liao, Yajie Bi, Shanshan Liu, Ping Liu, Gaoyuan Liu, Chun Ma","ds003944,ds003947",2
"Darrin J. Lee, Edwin Kulubya, Philippe R. Goldin, Amir Goodarzi, Fady Girgis",ds003969,1
"Willoughby B. Britton, Jared R. Lindahl, B. Rael Cahn, Jake H. Davis, Roberta E. Goldman",ds003969,1
"Tracy Brandmeyer, Arnaud Delorme, Helané Wahbeh",ds003969,1
"Rocío Martínez Vivot, Carla Pallavicini, Federico Zamberlán, Daniel E. Vigo, Enzo Tagliazucchi",ds003969,1
"Helané Wahbeh, Amira Sagher, Wallis Back, Pooja Pundhir, Frederick Travis",ds003969,1
"Susanna Feruglio, Alessio Matiz, Giuseppe Pagnoni, Franco Fabbro, Cristiano Crescentini",ds003969,1
"Emmanuelle Rivest-Gadbois, Marie‐Hélène Boudrias",ds003969,1
"Eleni Mitsea, Athanasios Drigas, Charalabos Skianis",ds003969,1
"Camila Sardeto Deolindo, Maurício Watanabe Ribeiro, Maria Adelia Aratanha, Rui Afonso, Mona Irrmischer, Elisa Harumi Kozasa",ds003969,1
"Tracy Brandmeyer, Arnaud Delorme",ds003969,1
"Carla Pallavicini, Federico Cavanna, Federico Zamberlán, Laura Alethia de la Fuente, Yayla A Ilksoy, Yonatan Sanz Perl, Mauricio Arias, Celeste Romero, Robin Carhart‐Harris, Christopher Timmermann, Enzo Tagliazucchi",ds003969,1
"Enrico Fucci, Oussama Abdoun, Anne Caclin, Andrew D Francis, John D. Dunne, Matthieu Ricard, Richard J. Davidson, Antoine Lutz",ds003969,1
"Mohammad Ali Taheri, Farid Semsarha, Fateme Modarresi-Asem",ds003969,1
"Emma R. Huels, Hyoungkyu Kim, UnCheol Lee, Tarik Bel‐Bahar, Angelo V. Colmenero, Amanda Nelson, Stefanie Blain‐Moraes, George A. Mashour, Richard E. Harris",ds003969,1
"Sucharit Katyal, Philippe R. Goldin",ds003969,1
"Senthilkumar Sadhasivam, Suresh Alankar, Raj K. Maturi, Ramana V. Vishnubhotla, Mayur Mudigonda, Dhanashri Pawale, Santhosshi Narayanan, Sepideh Hariri, Chithra Ram, Tracy F. H. Chang, Janelle Renschler, George J. Eckert, Balachundhar Subramaniam",ds003969,1
"Ramana V. Vishnubhotla, Rupa Radhakrishnan, Kestas Kveraga, Rachael Deardorff, Chithra Ram, Dhanashri Pawale, Yu‐Chien Wu, Janelle Renschler, Balachundhar Subramaniam, Senthilkumar Sadhasivam",ds003969,1
"J. Shashi Kiran Reddy, Sisir Roy",ds003969,1
"Mariana Rachel Dias da Silva, Óscar F. Gonçalves, Diogo Branco, Marie Postma",ds003969,1
"Maryam Alimardani, Linda Kemmeren, Kazuki Okumura, Kazuo Hiraki",ds003969,1
"Senthilkumar Sadhasivam, Suresh Alankar, Raj K. Maturi, Amy E. Williams, Ramana V. Vishnubhotla, Sepideh Hariri, Mayur Mudigonda, Dhanashri Pawale, Sangeeth Dubbireddi, Senthil Packiasabapathy, Peter Castelluccio, Chithra Ram, Janelle Renschler, Tracy F. H. Chang, Balachundhar Subramaniam",ds003969,1
"Anup De, Samiran Mondal",ds003969,1
"Jacob H. Young, Martha E. Arterberry, Joshua P. Martin",ds003969,1
"Elisabeth Mocanu, Christine Möhr, Niloufar Pouyan, Simon Thuillard, Elise Dan‐Glauser",ds003969,1
"Camile Bahi, Mona Irrmischer, Katrien Franken, George Fejer, Anna Schlenker, J.B. Deijen, Hessel Engelbregt",ds003969,1
"Neil W. Bailey, Ben Fulcher, Bridget Caldwell, Aron T. Hill, Bernadette M. Fitzgibbon, Hanneke van Dijk, Paul B. Fitzgerald",ds003969,1
"Medha Kaushik, Akarshi Jain, Puneet Agarwal, Shiv Dutt Joshi, Suhel Parvez",ds003969,1
"Paweł Dobrakowski, Michal Blaszkiewicz, Sebastian Binyamin Skalski‐Bednarz",ds003969,1
"Caroline Di Bernardi Luft, Ιωάννα Ζιώγα, Michael J. Banissy, Joydeep Bhattacharya",ds003969,1
"Shun Miyashiro, Yurika Yamada, Toshizumi Muta, Haruyuki Ishikawa, Tetsuri Abe, Masashi Hori, Kotaro Oka, Fusako Koshikawa, Etsuro Ito",ds003969,1
"Atefeh Goshvarpour, Ateke Goshvarpour, Ateke Goshvarpour, Ateke Goshvarpour",ds003969,1
"Joohyun Kim, Miji Kim, Miran Jang, Junyeop Lee",ds003969,1
Frederick Travis,ds003969,1
"Bianca Ventura, Yasir Çatal, Angelika Wolman, Andrea Buccellato, Austin Clinton Cooper, Georg Northoff",ds003969,1
"Dipti Magan, Raj Kumar Yadav",ds003969,1
"Claudia Wang, Kaigang Li, Susan Gaylord",ds003969,1
Dian Jiao,"ds003969,ds005048",2
"Pankaj Pandey, Krishna Prasad Miyapuram",ds003969,1
"Auretta Sonia Kummar, Helen Correia, Hakuei Fujiyama",ds003969,1
"Nicco Reggente, Christian Kothe, Tracy Brandmeyer, Grant Hanada, Ninette Simonian, Sean P. Mullen, Tim Mullen",ds003969,1
"Alessio Matiz, Cristiano Crescentini, Anastasia Fabbro, Riccardo Budai, Massimo Bergamasco, Franco Fabbro",ds003969,1
"Kieran C. R. Fox, B. Rael Cahn",ds003969,1
"Swati Singh, Vinay K. Gupta, Tharun Kumar Reddy, Braj Bhushan, Laxmidhar Behera",ds003969,1
"Alexander T. Duda, Adam R. Clarke, Robert J. Barry",ds003969,1
Sònia Pineda Hernández,ds003969,1
Erin E. Schaefer,ds003969,1
"Henry Fu, Bernie Garrett, Gordon Tao, Elliott Cordingley, Zahra Ofoghi, Tarnia Taverner, Crystal Sun, Teresa Cheung",ds003969,1
"Alea C. Skwara, Brandon G. King, Anthony P. Zanesco, Clifford D. Saron",ds003969,1
"Karuna Datta, Anna Bhutambare, V. L. Mamatha, Yogita Narawa, Rajagopal Srinath, Madhuri Kanitkar",ds003969,1
"Alexander T. Duda, Adam R. Clarke, Robert J. Barry, Frances M. De Blasio",ds003969,1
"Masahiro Hata, Noriyuki Hayashi, Ryouhei Ishii, Leonides Canuet, Roberto D. Pascual‐Marqui, Yasunori Aoki, Shunichiro Ikeda, Toshiko Sakamoto, Masami Iwata, Keishin Kimura, Masao Iwase, Manabu Ikeda, Toshinori Ito",ds003969,1
"Srinagesh Mannekote Thippaiah, Basant Pradhan, Emanuel Voyiaziakis, Rashika Shetty, Sloka Iyengar, Carol Booth Olson, Yi‐Yuan Tang",ds003969,1
"Saketh Malipeddi, Arun Sasidharan, Ravindra P.N., Seema Mehrotra, John P. John, Bindu M. Kutty",ds003969,1
"María Kozhevnikov, Alina Strasser, Elizabeth McDougal, Rupali P. Dhond, Geoffrey Samuel",ds003969,1
"Paul Barrows, William Van Gordon, Paul Gilbert",ds003969,1
"Arnaud Delorme, Romain Grandchamp, Jonathan Curot, Gladys Barragan‐Jason, Marie Denuelle, J.C. Sol, Luc Valton",ds003969,1
"Alessio Matiz, Cristiano Crescentini, Massimo Bergamasco, Riccardo Budai, Franco Fabbro",ds003969,1
"Mannu Brahmi, Dushyant Soni, Shreya Sarkar, Anushka Desai, Pooja Sahni, Jyoti Kumar",ds003969,1
"Jonathan M. Lieberman, Patrick A. McConnell, Mar Estarellas, Matthew D. Sacchet",ds003969,1
"Enrico Fucci, Arnaud Poublan‐Couzardot, Oussama Abdoun, Antoine Lutz",ds003969,1
"Saketh Malipeddi, Seema Mehrotra, John P. John, Bindu M. Kutty",ds003969,1
"Katarzyna Zemla, Grzegorz M. Wójcik, Filip Postepski, Krzysztof Wróbel, Andrzej Kawiak, Grzegorz Sędek",ds003969,1
"Noga Aviad, Oz Moskovich, Ophir Orenstein, Etam Benger, Arnaud Delorme, Amit Bernstein",ds003969,1
"Pankaj Pandey, Pragati Gupta, Krishna Prasad Miyapuram",ds003969,1
"Isabelle Merlet, M. Guillery, Louise Weyl, M. Hammal, Mihai Dragoş Mălîia, S. Maliia, Arnaud Biraben, C. Ricordeau, Dominique Drapier, Anca Nica",ds003969,1
"Daniela Calvetti, Brian P. Johnson, Annalisa Pascarella, Francesca Pitolli, Erkki Somersalo, Barbara Vantaggi",ds003969,1
"Mannu Brahmi, Dushyant Soni, Jyoti Kumar",ds003969,1
"Anna Lardone, Marianna Liparoti, Pierpaolo Sorrentino, Roberta Minino, Arianna Polverino, Emahnuel Troisi Lopez, Simona Bonavita, Fabio Lucidi, Giuseppe Sorrentino, Laura Mandolesi",ds003969,1
"G. Pradeep Kumar, Kanishka Sharma, A. G. Ramakrishnan, A. Adarsh",ds003969,1
"M. Boly, Richard J. Smith, Giulietta Vigueras Borrego, Joan P. Pozuelos, Tariq Alauddin, Peter Malinowski, G. Tononi",ds003969,1
"Broc A. Pagni, Cole Williams, G. Abrams, Chris Blais, Gene A. Brewer, B. Blair Braden",ds003969,1
"Swati Singh, Vinay K. Gupta, Tharun Kumar Reddy, Laxmidhar Behera, Suvendu Samanta",ds003969,1
"Subrata Pain, Subhrasankar Chatterjee, Monalisa Sarma, Debasis Samanta",ds003969,1
"Maciej Śliwowski, Paulina Jastrzębska, Paweł Holas, Jarosław Żygierewicz, Piotr Suffczyński",ds003969,1
"Marcel Allbritton, Carrie Heeter",ds003969,1
"Helané Wahbeh, Cédric Cannard, Michael Kriegsman, Arnaud Delorme",ds003969,1
"Brittany McQueen, Oscar W. Murphy, Paul B. Fitzgerald, Neil W. Bailey",ds003969,1
"Pankaj Pandey, Pragati Gupta, Shivam Chaudhary, Krishna Prasad Miyapuram, Derek Lomas",ds003969,1
"Chamil Marasinghe, Varuni Tennakoon, Sanath Thushara Chamakara Mahawithanage",ds003969,1
"Paulina Clara Dagnino, J. A. Galadí, E. Càmara, G. Deco, A. Escrichs",ds003969,1
"Shruti Singh, Pankaja Pandey, Shivam Chaudhary, K. Miyapuram, J. Lomas",ds003969,1
E. Attar,ds003969,1
"A. Pascarella, Philipp Thölke, David Meunier, Jordan O’Byrne, Tarek Lajnef, A. Raffone, Roberto Guidotti, V. Pizzella, L. Marzetti, Karim Jerbi",ds003969,1
"Julia Campbell, Anu Sharma",ds002893,1
"Maria J. S. Guerreiro, Dana R. Murphy, Pascal W. M. Van Gerven",ds002893,1
Velia Cardin,ds002893,1
"Kelly C. Harris, Sara E. Wilson, Mark A. Eckert, Judy R. Dubno",ds002893,1
"David Tomé, Fernando Barbosa, Kamila Nowak, João Marques Teixeira",ds002893,1
"Valerie L. Shafer, Yan H. Yu, Monica Wagner",ds002893,1
"Guillaume A. Rousselet, J. S. Husk, Cyril Pernet, Carl Gaspar, Patrick Bennett, Allison B. Sekuler",ds002893,1
"Benjamin Rich Zendel, Claude Alain",ds002893,1
"Nima Bigdely-Shamlo, Ken Kreutz-Delgado, Christian Kothe, Scott Makeig",ds002893,1
"Jennifer J. Lister, Nathan D. Maxfield, Gabriel J. Pitt, Victoria B. Gonzalez",ds002893,1
"Rita Willemssen, Michael Falkenstein, Michael Schwarz, Thomas Müller, Christian Beste",ds002893,1
"Marie‐Pierre Deiber, Vicente Ibañez, Pascal Missonnier, Cristelle Rodriguez, Pantéleimon Giannakopoulos",ds002893,1
"George Stothart, Nina Kazanina",ds002893,1
"Annalisa Setti, Simon Finnigan, Rory Sobolewski, Laura McLaren, Ian H. Robertson, Richard B. Reilly, Rose Anne Kenny, Fiona N. Newell",ds002893,1
"W. Maddox, B. Chandrasekaran, Kirsten E. Smayda, Han-Gyol Yi, Todd Maddox",ds002893,1
"Maria J. S. Guerreiro, Pascal W. M. Van Gerven",ds002893,1
"Jack Grinband, Jason Steffener, Qolamreza Razlighi, Yaakov Stern",ds002893,1
"Jennifer J. Lister, Aryn L. Harrison Bush, Ross Andel, Courtney Matthews, David Morgan, Jerri D. Edwards",ds002893,1
"Aysha Basharat, Meaghan S. Adams, William R. Staines, Michael Barnett‐Cowan",ds002893,1
"Michael Cliff, Dan W. Joyce, Melissa Lamar, Thomas Dannhauser, Derek K. Tracy, Sukhwinder S. Shergill",ds002893,1
"Jennifer L. O’Brien, Dee Adams Nikjeh, Jennifer J. Lister",ds002893,1
"Jenna L. Riis, Hyemi Chong, Scott McGinnnis, Elise C. Tarbi, Xue Sun, Phillip J. Holcomb, Dorene M. Rentz, Kirk R. Daffner",ds002893,1
"Susanne Passow, René Westerhausen, Kenneth Hugdahl, Isabell Wartenburger, Hauke R. Heekeren, Ulman Lindenberger, Shu Li",ds002893,1
"Claude Alain, Ricky Chow, Jing Lu, Rahel Rabi, Vivek V. Sharma, Dawei Shen, Nicole D. Anderson, Malcolm Binns, Lynn Hasher, Dezhong Yao, Morris Freedman",ds002893,1
"David A. E. Bolton, Richard Staines",ds002893,1
"Lucas S. Baltzell, Curtis J. Billings",ds002893,1
"Robert J. Barry, Frances M. De Blasio, Adele E. Cave",ds002893,1
"Sibylle Bertoli, Rudolf Probst, Daniel Bodmer",ds002893,1
"Janna Protzak, Rebecca Wiczorek, Klaus Gramann",ds002893,1
"Cassandra J. Brooks, Yu Man Chan, Andrew J. Anderson, Allison M. McKendrick",ds002893,1
"George Stothart, Andrea Tales, Nina Kazanina",ds002893,1
"Ruey‐Kuang Cheng, Allison C. Scott, Trevor B. Penney, Christina L. Williams, Warren H. Meck",ds002893,1
"Attigodu C. Ganesh, F. Berthommier, Coriandre Vilain, Marc Sato, Jean‐Luc Schwartz",ds002893,1
"Lindsay S. Nagamatsu, Patrick L. Carolan, Teresa Liu‐Ambrose, Todd C. Handy",ds002893,1
"Alexandra Osorio, Soledad Ballesteros, Séverine Fay, Viviane Pouthas",ds002893,1
"Maria J. S. Guerreiro, Joaquin A. Anguera, Jyoti Mishra, Pascal W. M. Van Gerven, Adam Gazzaley",ds002893,1
"Kirk R. Daffner, Anna E. Haring, Brittany R. Alperin, Tatyana Y. Zhuravleva, Katherine K. Mott, Phillip J. Holcomb",ds002893,1
"Iris Wiegand, Kathrin Finke, Thomas Töllner, Kornelija Starman, Hermann J. Müller, Markus Conci",ds002893,1
"Guillaume T. Vallet, Martine Simard, Rémy Versace, Stéphanie Mazza",ds002893,1
"Shu Li, Susanne Passow, Wilfried Nietfeld, Julia Schröder, Lars Bertram, Hauke R. Heekeren, Ulman Lindenberger",ds002893,1
"Yan Wang, Shimin Fu, Pamela M. Greenwood, Yuejia Luo, Raja Parasuraman",ds002893,1
"Elisa M. Ruohonen, Saara Kattainen, Xueqiao Li, Anna-Elisa Taskila, Chaoxiong Ye, Piia Astikainen",ds002893,1
"Jeffrey A. Rumschlag, Khaleel A. Razak",ds002893,1
"Jennifer L. O’Brien, Jennifer J. Lister, Bernadette A. Fausto, Gregory K. Clifton, Jerri D. Edwards",ds002893,1
"Andrea Valente, Marina Laganaro",ds002893,1
"Sarah Hennessy, Alison Wood, Rand R. Wilcox, Assal Habibi",ds002893,1
"Ben Isbel, Jan Weber, Jim Lagopoulos, Kayla B. Stefanidis, Hannah Anderson, Mathew J. Summers",ds002893,1
"Frances M. De Blasio, Robert J. Barry",ds002893,1
"Cassandra J. Brooks, Andrew J. Anderson, Neil W. Roach, Paul V. McGraw, Allison M. McKendrick",ds002893,1
"Allison M. McKendrick, Yu Man Chan, Bao N. Nguyen",ds002893,1
"Voyko Kavcic, Regina L. Triplett, Anasuya Das, Tim Martin, Krystel R. Huxlin",ds002893,1
"Tatyana Y. Zhuravleva, Brittany R. Alperin, Anna E. Haring, Dorene M. Rentz, Philip J. Holcomb, Kirk R. Daffner",ds002893,1
"Christina Schmiedt‐Fehr, Saskia Dühl, Canan Başar‐Eroğlu",ds002893,1
"Alexandra N. Scurry, Tiziana Vercillo, Alexis Nicholson, Michael Webster, Fang Jiang",ds002893,1
"Bojan Zalar, Tim Martin, Voyko Kavcic",ds002893,1
"Joaquín Rapela, Klaus Gramann, Marissa Westerfield, Jeanne Townsend, Scott Makeig",ds002893,1
"Jeffrey S. Bedwell, Christopher Spencer, Chi Chuen Chan, Pamela D. Butler, Pejman Sehatpour, Joseph Schmidt",ds002893,1
"George Stothart, Andrea Tales, Craig Hedge, Nina Kazanina",ds002893,1
"Youguo Chen, Xiting Huang, Bo Yang, Todd Jackson, Chunhua Peng, Hong Yuan, Chunxiang Liu",ds002893,1
"Franziska Rienäcker, Pascal W. M. Van Gerven, Heidi I.L. Jacobs, Judith Eck, Caroline van Heugten, Maria J. S. Guerreiro",ds002893,1
"Zsófia Anna Gaál, Flóra Bodnár, István Czigler",ds002893,1
"Mais Abbas, Sarit Szpiro, Hanin Karawani",ds002893,1
"James R. Houston, Ilana J. Bennett, Philip A. Allen, David J. Madden",ds002893,1
"Petra Csizmadia, Béla Petró, Petia Kojouharova, Zsófia Anna Gaál, Katalin Scheiling, Boglárka Nagy, István Czigler",ds002893,1
"Brittany R. Alperin, Erich Tusch, Katherine K. Mott, Phillip J. Holcomb, Kirk R. Daffner",ds002893,1
"Sarah A. Sauvé, Emily Bolt, Sylvie Nozaradan, Benjamin Rich Zendel",ds002893,1
"Nikesh Bajaj, Jesús Requena Carrión, Francesco Bellotti","ds002893,nm000188",2
"Farooq Kamal, Cassandra Morrison, Kenneth B. Campbell, Vanessa Taler",ds002893,1
"Jennifer L O Brien, Jennifer J. Lister, Carol L. Peronto, Jerri D. Edwards",ds002893,1
"K. Helfer, Edward L. Bartlett, A. Popper, R. Fay, Causes, Consequences",ds002893,1
"István Sulykos, Zsófia Anna Gaál, István Czigler",ds002893,1
"Audrey-Rose Charlebois-Poirier, Ève Lalancette, Kristian Agbogba, Audrey‐Ann Fauteux, Inga Sophia Knoth, Sarah Lippé",ds002893,1
"Silvia Pagano, Elisa Fait, Debora Brignani, Veronica Mazza",ds002893,1
"Yanna Ren, Zhihan Xu, Tao Wang, Weiping Yang",ds002893,1
Kelly C. Harris,ds002893,1
"Л. А. Жаворонкова, A. P. Belostocky, Mikhail Koulikov, L. B. Oknina, N. B. Kholodova, С. В. Купцова",ds002893,1
"G. Navarro-Mora, Paolo Francesco Fabene, Gilles van Luijtelaar",ds002893,1
Benjamin Rich Zendel,ds002893,1
"Ahreum Lee, Hokyoung Ryu, Jae‐Kwan Kim, Eunju Jeong",ds002893,1
"Petia Kojouharova, Zsófia Anna Gaál, Boglárka Nagy, István Czigler","ds000246,ds002893",2
"Joaquín Rapela, Marissa Westerfield, Jeanne Townsend, Scott Makeig",ds002893,1
"Selhan Gürkan, Oğuz Başokçu, Serpil Mungan Durankaya, Yalçın İşler, Günay Kırkım",ds002893,1
"Petra Csizmadia, Boglárka Nagy, István Czigler, Zsófia Anna Gaál",ds002893,1
"L. B. Oknina, Oxana Kuznetsova, A. P. Belostotskyi, Natalia L. Nechaeva, E. V. Kutakova, E. L. Masherow, Alexander S. Romanov",ds002893,1
"Marleen Haupt, Douglas D. Garrett, Radoslaw Martin Cichy",ds002893,1
"Sahar Rahimi Malakshan, Farveh Daneshvarfard, Hamid Abrishami Moghaddam",ds002893,1
"Anna Oroń, Elżbieta Szeląg, Kamila Nowak, Anna Dacewicz, Aneta Szymaszek",ds002893,1
"Andreas Trier Poulsen, Simon Kamronn, Lucas C. Parra, Lars Kai Hansen",ds002893,1
"Yifat Yaar‐Soffer, Brilliant Brilliant, Chava Muchnik, Andrej Kral, Yael Henkin",ds002893,1
"Zohreh Ahmadi, Fauve Duquette-Laplante, Shanna Kousaie, Benjamin Rich Zendel, Amineh Koravand",ds002893,1
"Ahmed Hussain, Khaleel A. Razak",ds002893,1
Jacinthe Lacombe,ds002893,1
Jos J. Eggermont,ds002893,1
"Seyyed Saleh Fazaeli Hashemi, Farveh Daneshvarfard, Nasrin Maarefi",ds002893,1
Seungwan Lee,ds002893,1
G. Chandrashekara,ds002893,1
"A. Diaconescu, A. Mcintosh",ds002893,1
"Sander Koelstra, Christian Mühl, Mohammad Soleymani, Jong‐Seok Lee, Amirmehdi Yazdani, Touradj Ebrahimi, Thierry Pun, Anton Nijholt, Ioannis Patras",ds003004,1
"Arnaud Delorme, Jason Palmer, Julie Onton, Robert Oostenveld, Scott Makeig","ds003004,ds004117",2
"Jianhua Zhang, Zhong Yin, Peng Chen, Stefano Nichele",ds003004,1
"Juan Abdon Miranda-Correa, Mojtaba Khomami Abadi, Nicu Sebe, Ioannis Patras",ds003004,1
"Arnaud Delorme, Tim Mullen, Christian Kothe, Zeynep Akalin Acar, Nima Bigdely-Shamlo, Andrey Vankov, Scott Makeig","ds003004,ds004117",2
"Yong‐Jin Liu, Minjing Yu, Guozhen Zhao, Jinjing Song, Yan Ge, Yuanchun Shi",ds003004,1
"Sandra K. Loo, Scott Makeig","ds003004,ds004117",2
"Edgar P. Torres, Edgar A. Torres, Myriam Hernández-Álvarez, Sang Guun Yoo","ds003004,nm000172",2
"Christian Mühl, Brendan Z. Allison, Anton Nijholt, Guillaume Chanel",ds003004,1
"Alice F. Jackson, Donald J. Bolger",ds003004,1
"Bahar Güntekin, Erol Başar","ds003004,ds004117",2
Olaf Dimigen,ds003004,1
"Noppadon Jatupaiboon, Setha Pan-ngum, Pasin Israsena",ds003004,1
"Sander Koelstra, Ioannis Patras",ds003004,1
"Bahareh Nakisa, Mohammad Naim Rastgoo, Dian Tjondronegoro, Vinod Chandran",ds003004,1
"Johanna Wagner, Scott Makeig, Mateusz Gola, Christa Neuper, Gernot Müller-Putz",ds003004,1
"Fiorenzo Artoni, Arnaud Delorme, Scott Makeig","ds003004,ds004117",2
"Martin Seeber, Reinhold Scherer, Johanna Wagner, Teodoro Solis‐Escalante, Gernot Müller-Putz",ds003004,1
"Haiyun Huang, Qiuyou Xie, Jiahui Pan, Yanbin He, Zhenfu Wen, Ronghao Yu, Yuanqing Li",ds003004,1
"Kai Yang, Li Tong, Jun Shu, Ning Zhuang, Bin Yan, Ying Zeng",ds003004,1
"Scott Makeig, Christian Kothe, Tim Mullen, Nima Bigdely-Shamlo, Zhilin Zhang, Kenneth Kreutz-Delgado","ds003004,ds006502,nm000143,on002718,on003645",5
"Nicola Martini, Danilo Menicucci, Laura Sebastiani, Remo Bedini, Alessandro Pingitore, Nicola Vanello, Matteo Milanesi, Luigi Landini, Angelo Gemignani",ds003004,1
"Gráinne McLoughlin, Scott Makeig, Ming T. Tsuang","ds003004,ds004117",2
"Laura B. Baucom, Douglas H. Wedell, Jing Wang, David Blitzer, Svetlana V. Shinkareva",ds003004,1
"Bahareh Nakisa, Mohammad Naim Rastgoo, Andry Rakotonirainy, Frédéric Maire, Vinod Chandran",ds003004,1
"Brenton W. McMenamin, Alexander J. Shackman, Lawrence L. Greischar, Richard J. Davidson",ds003004,1
"Byung Hyung Kim, Sungho Jo",ds003004,1
"Kranti S. Kamble, Joydeep Sengupta",ds003004,1
"Dongdong Li, Li Xie, Bing Chai, Zhe Wang, Hai Yang",ds003004,1
"Fiorenzo Artoni, Danilo Menicucci, Arnaud Delorme, Scott Makeig, Silvestro Micera",ds003004,1
"Ehsan Darestani Farahani, Tine Goossens, Jan Wouters, Astrid Van Wieringen",ds003004,1
"Filipe Galvão, Soraia M. Alarcão, Manuel J. Fonseca",ds003004,1
"Huan Liu, Tianyu Lou, Yuzhe Zhang, Yixiao Wu, Yang Xiao, Christian S. Jensen, Dalin Zhang",ds003004,1
"Chun‐Hsiang Chuang, Kong-Yi Chang, Chih-Sheng Huang, Tzyy‐Ping Jung",ds003004,1
"Chao Pan, Cheng Shi, Honglang Mu, Jie Li, Xinbo Gao",ds003004,1
"Jiahui Pan, Qiuyou Xie, Haiyun Huang, Yanbin He, Yuping Sun, Ronghao Yu, Yuanqing Li",ds003004,1
"Arnaud Delorme, Makoto Miyakoshi, Tzyy‐Ping Jung, Scott Makeig",ds003004,1
"Shang-Wen Chuang, Chun‐Hsiang Chuang, Yi-Hsin Yu, Jung‐Tai King, Chin‐Teng Lin",ds003004,1
"Laura Frølich, T Andersen, Morten Mørup","ds003004,ds006563",2
"Kübra Erat, Elif Bilge Şahin, Furkan Doğan, Nur Merdanoğlu, Ahmet Akcakaya, Pınar Onay Durdu",ds003004,1
"Christian Kothe, Scott Makeig, Julie Onton",ds003004,1
"Yi-Wei Shen, Yuan‐Pin Lin",ds003004,1
"Panayu Keelawat, Nattapong Thammasan, Masayuki Numao, Boonserm Kijsirikul",ds003004,1
"Scott Makeig, Grace Leslie, Tim Mullen, Devpratim Sarma, Nima Bigdely-Shamlo, Christian Kothe",ds003004,1
"Guofa Shou, Lei Ding, Deepika Dasari",ds003004,1
"Parthana Sarma, Shovan Barma",ds003004,1
"Amir Jahangiri, Francisco Sepulveda",ds003004,1
"Yuan‐Pin Lin, Jeng‐Ren Duann, Wenfeng Feng, Jyh-Horng Chen, Tzyy‐Ping Jung",ds003004,1
"Johanna Wagner, Ramón Martínez-Cancino, Scott Makeig",ds003004,1
"Nur Yusuf Oktavia, Adhi Dharma Wibawa, Evi Sentiana Pane, Mauridhi Hery Purnomo",ds003004,1
"Jae-Hwan Kang, Ji Woon Jeong, Hyun Taek Kim, Sang Hee Kim, Sung-Phil Kim",ds003004,1
"Julian R. Keith, Lobsang Rapgay, Don Theodore, Jeffrey M. Schwartz, Jae Lee Ross",ds003004,1
"Nima Bigdely-Shamlo, Kenneth Kreutz-Delgado, Kay A. Robbins, Makoto Miyakoshi, Marissa Westerfield, Tarik Bel‐Bahar, Christian Kothe, Jessica Hsi, Scott Makeig",ds003004,1
"Enrique Molina, Daniel Sanabria, Tzyy‐Ping Jung, Ángel Correa",ds003004,1
"Sheng-Hsiou Hsu, Yayu Lin, Julie Onton, Tzyy‐Ping Jung, Scott Makeig",ds003004,1
"Grace Leslie, Tim Mullen",ds003004,1
"Muhammad Samran Navid, Imran Khan Niazi, Dina Lelic, Asbjørn Mohr Drewes, Heidi Haavik",ds003004,1
"Jae-Hwan Kang, Hyeon Min Ahn, Ji Woon Jeong, In-Jae Hwang, Hyun Taek Kim, Sanghee Kim, Sung-Phil Kim",ds003004,1
"Eline R. Kupers, Helena X. Wang, Kaoru Amano, Kendrick Kay, David J. Heeger, Jonathan Winawer","ds003004,ds005953",2
"Matthew G. Wisniewski, Alexandria C. Zakrzewski, Destiny R. Bell, Michelle Wheeler",ds003004,1
"Jiawen Li, Shovan Barma, Sio Hang Pun, Mang I Vai, Peng Un Mak",ds003004,1
"Grace Leslie, Alejandro Ojeda, Scott Makeig",ds003004,1
"Majid Roshanaei, Hamzeh Norouzi, Julie Onton, Scott Makeig, Alireza Mohammadi",ds003004,1
"Muhammad Samran Navid, Imran Khan Niazi, Dina Lelic, Rasmus Bach Nedergaard, Kelly Holt, Imran Amjad, Asbjørn Mohr Drewes, Heidi Haavik",ds003004,1
"Tingru Zhang, Alan H. S. Chan",ds003004,1
"K. Hiyoshi-Taniguchi, Masahiro Kawasaki, Tatsuya Yokota, Hovagim Bakardjian, H. Fukuyama, Andrzej Cichocki, François Vialatte",ds003004,1
"Mario Quiles Pérez, Enrique Tomás Martínez Beltrán, Sergio López Bernal, Eduardo Horna Prat, Luis Montesano Del Campo, Lorenzo Fernández Maimó, Alberto Huertas Celdrán",ds003004,1
"Thomas Do, Chun‐Hsiang Chuang, Shih-Jie Hsiao, Chin‐Teng Lin, Yu–Kai Wang",ds003004,1
"Muhammad Najam Dar, Muhammad Usman Akram, Ahmad Rauf Subhani, Sajid Gul Khawaja, Constantino Carlos Reyes‐Aldasoro, Sarah Gul",ds003004,1
"Amir Jahangiri, David Achanccaray, Francisco Sepulveda",ds003004,1
"Asieh Daneshi, Hamed Azarnoush, Farzad Towhidkhah, Delphine Bernardin, Jocelyn Faubert",ds003004,1
"Rafael A. Calvo, Sidney K. D’Mello, Jonathan Gratch, Arvid Kappas, Christian Mühl, Dirk Heylen, Anton Nijholt",ds003004,1
"Alberto Greco, Gaetano Valenza, Enzo Pasquale Scilingo",ds003004,1
"Yerim Ji, Suh-Yeon Dong",ds003004,1
"Pankaj Pandey, Richa Tripathi, Krishna Prasad Miyapuram",ds003004,1
"Enrique Molina, Ángel Correa, Daniel Sanabria, Tzyy‐Ping Jung",ds003004,1
"Monica Pratiwi, Adhi Dharma Wibawa, Mauridhi Hery Purnomo",ds003004,1
"Jun-ichiro Hirayama, Takeshi OGAWA, Aapo Hyvärinen",ds003004,1
"Rafael Cabredo, Roberto Legaspi, Paul Salvador Inventado, Masayuki Numao",ds003004,1
"Heewook Weon, Youn-Eon Byun, Hyun‐Ja Lim",ds003004,1
"Zhang Yun-xia, Xin Li, Changming Zhao, Wenyin Zheng, Manqing Wang, Yongqing Zhang, Hongjiang Ma, Dongrui Gao",ds003004,1
"Kuan‐Chih Huang, Alka Rachel John, Tzyy‐Ping Jung, Wen-Feng Tsai, Yi-Hsin Yu, Chin‐Teng Lin",ds003004,1
"Matthew G. Wisniewski, Alexandria C. Zakrzewski",ds003004,1
"Yasuhisa Maruyama, Yousuke Ogata, Laura Alejandra Martínez-Tejada, Yasuharu Koike, Natsue Yoshimura",ds003004,1
"Soraia M. Alarcão, Manuel J. Fonseca",ds003004,1
"Didar Dadebayev, Wei Wei Goh, Ee Xion Tan",ds003004,1
"Hanna Becker, Julien Fleureau, Philippe Guillotel, Fabrice Wendling, Isabelle Merlet, Laurent Albera",ds003004,1
"Aurélien Appriou, Andrzej Cichocki, Fabien Lotte",ds003004,1
"Payongkit Lakhan, Nannapas Banluesombatkul, Vongsagon Changniam, Ratwade Dhithijaiyratn, Pitshaporn Leelaarporn, Ekkarat Boonchieng, Supanida Hompoonsup, Theerawit Wilaiprasitporn",ds003004,1
"Lin Zhang, Steffen Walter, Xueyao Ma, Philipp Werner, Ayoub Al-Hamadi, Harald C. Traue, Sascha Gruss",ds003004,1
"Wanrou Hu, Gan Huang, Linling Li, Li Zhang, Zhiguo Zhang, Zhen Liang",ds003004,1
"Naveen Masood, Humera Farooq",ds003004,1
"Daniel Cernea, Andreas Kerren",ds003004,1
"Dilana Hazer, Xueyao Ma, Stefanie Rukavina, Sascha Gruss, Steffen Walter, Harald C. Traue",ds003004,1
"Alain Desire Bigirimana, Nazmul Siddique, Damien Coyle",ds003004,1
"M. Spezialetti, L. Cinque, J. Tavares, G. Placidi",ds003004,1
"Andrea Clerico, Rishabh Gupta, Tiago H. Falk",ds003004,1
"Takashi Yamauchi, Kunchen Xiao, Casady Bowman, Abudullah Mueen",ds003004,1
"Yuliyan Velchev, Svetla Radeva, Strahil Sokolov, Dimitar Radev",ds003004,1
"Jennifer Sorinas, María Dolores Grima, J. M. Ferrández, E. Fernández",ds003004,1
"Asma Baghdadi, Yassine Aribi, Adel M. Alimi",ds003004,1
"Eugene V. Chepin, Alexander A. Dyumin, Gleb A. Urvanov, Timofei I. Voznenko",ds003004,1
"Kiret Dhindsa, Suzanna Becker",ds003004,1
"Xin Xu, Xinke Shen, X Chen, Qingzhu Zhang, Sitian Wang, Yihan Li, Zongsheng Li, Dan Zhang, Mingming Zhang, Quanying Liu","ds003004,nm000112",2
"J. Mangesh, G. Mukta, Ashutosh Pankaj",ds003004,1
"Anakarina Nazare, Miralena I. Tomescu",ds003004,1
"Kiret Dhindsa, Dean Carcone, Suzanna Becker","ds003004,nm000144",2
"Andrea Apicella, Pasquale Arpaïa, Andrea Cataldo, Giovanni D’Errico, ‎Davide Marocco, Giovanna Mastrati, Nicola Moccaldi, Andrea Pollastro, B Ricciardi, Ersilia Vallefuoco",ds003004,1
"Olga Sourina, Yisi Liu, Xiyuan Hou, Wei Lun Lim, Wolfgang Müeller-Wittig, Lipo Wang, Dimitrios Konovessis, Chun‐Hsien Chen, Wei Tech Ang",ds003004,1
"David Casacuberta, Jordi Vallverdú",ds003004,1
"Naveen Irtiza, Humera Farooq",ds003004,1
"Yunyong Punsawad, Yodchanan Wongsawat",ds003004,1
"Charoenporn Bouyam, Nannaphat Siribunyaphat, Bukhoree Sahoh, Yunyong Punsawad",ds003004,1
"Shuang Liu, Wenyi Wu, Zhai Siyu, Xiaoya Liu, Yufeng Ke, Xingwei An, Dong Ming",ds003004,1
"A. Bigirimana, N. Siddique, D. Coyle",ds003004,1
"Payongkit Lakhan, Nannapas Banluesombatkul, Vongsagon Changniam, Ratwade Dhithijaiyratn, Irawadee Thawornbut, Ekkarat Boonchieng, Theerawit Wilaiprasitporn",ds003004,1
"Nie Chun-yan, Ru-jun Fan, Ying Xia, Min-shi Che, Yang Cheng-jin, Xin-lei Ruan",ds003004,1
"Camilla Jensen, Michael Kai Petersen, Jakob Eg Larsen",ds003004,1
R. Jenke,ds003004,1
Sushirdeep Narayana,ds003004,1
"Yunyong Punsawad, Juthamat Uengamphon, Yodchanan Wongsawat",ds003004,1
"Peng Li, Gwan Choi, Yoonsuck Choe, Xiaoning Qian, M. Begovic, Sung Il Park, Xiaoyu Xu, Song Qiu",ds003004,1
"Strahil Sokolov, Y. Velchev, S. Radeva, D. Radev",ds003004,1
"Yi Ding, Su Zhang, Chuangao Tang, Cuntai Guan",ds003004,1
"Jingcong Li, Fei Wang, Haiyun Huang, Feifei Qi, Jiahui Pan",ds003004,1
"Sudhakar Mishra, Narayanan Srinivasan, Uma Shanker Tiwary","ds003004,ds006525",2
"Jialan Xie, Yutong Luo, Shiyuan Wang, Guangyuan Liu",ds003004,1
"Hyeonseok Kim, Chi-Yuan Chang, Christian Kothe, John R. Iversen, Makoto Miyakoshi",ds003004,1
"Yongjie Zhu, Tiina Parviainen, Erkka Heinilä, Lauri Parkkonen, Aapo Hyvärinen","ds000247,ds003004",2
"Luis Bravo, Ciro Rodríguez, Pedro Hidalgo, Cesar Angulo",ds003004,1
"Xinke Shen, Runmin Gan, Kaixuan Wang, Shuyi Yang, Qingzhu Zhang, Quanying Liu, Dan Zhang, Sen Song",ds003004,1
"Angela Vujic, Shreyas Nisal, Pattie Maes",ds003004,1
"Qianqian Yu, Yuejia Luo, Raymond J. Dolan, Jianxin Ou, Chuwen Huang, Haiteng Wang, Zhibing Xiao, Matthew M. Nour, Yunzhe Liu",ds003004,1
"Víctor J. López‐Madrona, Samuel Médina Villalon, J Velmurugan, Aurore Semeux-Bernier, Élodie Garnier, J. Badier, Daniele Schön, Christian Bénar",ds003004,1
"Gekai Liao, Siwen Wang, Zijing Wei, Bohan Liu, Ryu Okubo, Manuel E. Hernandez",ds003004,1
"Tien-Ching Wang, Yu-Yu Huang, Jeng‐Ren Duann",ds003004,1
"Fatemeh Divan, Teh Ying Wah, Kheng Seang Lim, Ali Seyed Shirkhorshidi",ds003004,1
"Yuxuan Zhao, Siqi Liu, Linjing Cao, Yidao Ji, Wei Wu, Bo Wang",ds003004,1
"Jingjing Li, Ching‐Hung Lee, Dingna Duan, Yanhong Zhou, Xueguang Xie, Xianglong Wan, Tiange Liu, Danyang Li, Hao Yu, Wan Zuha Wan Hasan, Haiqing Song, Wen Dong",ds003004,1
"Angela Vujic, A. John Martin, Shreyas Nisal, Manaal Mohammed, Pattie Maes",ds003004,1
"Sudhakar Mishra, N. Srinivasan, U. Tiwary",ds003004,1
"Jachin Edward Pousson, Yi-Wei Shen, Yuan‐Pin Lin, Aleksandras Voicikas, Evaldas Pipinis, Valdis Bernhofs, Lana Burmistrova, Inga Griškova-Bulanova",ds003004,1
"Amruta Jagadish Takawale, A. N. Paithane",ds003004,1
"Adam Li, Patrick Myers, Nebras M. Warsi, Kristin M. Gunnarsdottir, Sarah Kim, Viktor Jirsa, Ayako Ochi, Hiroshi Otusbo, George M. Ibrahim, Sridevi V. Sarma",ds003029,1
"Bradley J. Edelman, Shuailei Zhang, Gerwin Schalk, Peter Brunner, Gernot Müller-Putz, Cuntai Guan, Bin He","ds003039,nm000170,nm000189",3
"Marius Klug, Sein Jeung, Anna Wunderlich, Lukas Gehrke, Janna Protzak, Zakaria Djebbara, Andreas Argubi‐Wollesen, Bettina Wollesen, Klaus Gramann","ds003039,ds004460,on006126",3
"Anna Wunderlich, Klaus Gramann",ds003039,1
"Magnus Liebherr, Andrew W. Corcoran, Phillip M. Alday, Scott Coussens, Valeria Bellan, Caitlin A. Howlett, Maarten A. Immink, Mark Kohler, Matthias Schlesewsky, Ina Bornkessel‐Schlesewsky","ds003039,on006126",2
"Eleni Patelaki, John J. Foxe, Emma P. Mantel, George Kassis, Edward G. Freedman",ds003039,1
"Stefan Haufe, Ioannis U. Isaias, Franziska Pellegrini, Chiara Palmisano",ds003039,1
"Pierfilippo De Sanctis, Teodoro Solis‐Escalante, Martin Seeber, Johanna Wagner, Daniel P. Ferris, Klaus Gramann",ds003039,1
"Helen Müller, Jochen Baumeister, Ellen Marie Bardal, Beatrix Vereijken, Nina Skjæret-Maroni",ds003039,1
"Maren Schmidt‐Kassow, Jochen Kaiser",ds003039,1
"Nadine Jacobsen, Sarah Blum, Joanna E. M. Scanlon, Karsten Witt, Stefan Debener","ds003039,ds004460",2
"Joanna E. M. Scanlon, Nadine Jacobsen, Marike C. Maack, Stefan Debener",ds003039,1
"Jinuk Kim, Jungsoo Lee, Gihyoun Lee, Won Hyuk Chang, Myoung-Hwan Ko, Woo‐Kyoung Yoo, Gyu-Ha Ryu, Yun‐Hee Kim",ds003039,1
"Simon Ladouce, Max Pietzker, Dietrich Manzey, Frédéric Dehais",ds003039,1
"Melanie Klapprott, Stefan Debener","ds003039,ds004505",2
"Patrick S. Ledwidge, C. A. McPherson, Lily Faulkenberg, Alexander A. Morgan, Gordon C. Baylis","ds003039,ds004784,on004745",3
"Martin Orf, Sarah Tune, Ronny Hannemann, Jonas Obleser",ds003039,1
"Srihari Madhavan, Doli Hazarika, C. N. Gupta",ds003039,1
Joe Scanlin,ds003039,1
"Víctor Armada, Ana Maria Alexandra Sion, Francisco Luque, Francisco Javier Páez, Rosa Jurado-Barba",ds003039,1
"Reza Pousti, Daniel M. Russell, Derek C. Monroe, Christopher K. Rhea",ds003039,1
"S.D Phillips, Andrew D. Nordin","ds003039,ds004784",2
"Nicole Unsihuay, Filipe Manuel Clemente, Robert Trybulski, Rohit K. Thapa, Murilo Henrique Faria, Fanny Lys Casado, Fernando Zvietcovich, Luiz H. Palucci Vieira",ds003039,1
"Kuo‐Pin Wang, Li-Ju Chen, Chien-Lin Yu, Dong-Tai Chen, Tsung-Min Hung, Shu‐Shih Hsieh",ds003039,1
"Nardin Samuel, Ke Zeng, Irene E. Harmsen, Mandy Yi Rong Ding, Ghazaleh Darmani, Can Sarica, Brendan Santyr, Artur Vetkas, Aditya Pancholi, Anton Fomenko, Vanessa Milano, Kazuaki Yamamoto, Utpal Saha, Richard Wennberg, Nathan C. Rowland, Robert Chen, Andrés M. Lozano",ds002885,1
"K. Amande M. Pauls, Olesia Korsun, Jukka Nenonen, Jussi Nurminen, Mia Liljeström, Jan Kujala, Eero Pekkonen, Hanna Renvall",ds002885,1
"Vladimir Litvak, Esther Florin, Gertrúd Tamás, Sergiu Groppa, Muthuraman Muthuraman",ds002885,1
"Mengfei Hu, Shuqing Zhang, Wei Dong, Fengjiao Xu, Haitao Liu",ds002885,1
"Lennard I. Boon, Wouter V. Potters, Thomas J.C. Zoon, Odile A. van den Heuvel, Naomi Prent, Rob M.A. de Bie, Maarten Bot, P. Richard Schuurman, Pepijn van den Munckhof, Gert J. Geurtsen, Arjan Hillebrand, Cornelis J. Stam, Anne‐Fleur van Rootselaar, Henk W. Berendse",ds002885,1
"Rachel K. Spooner, Bahne H. Bahners, Alfons Schnitzler, Esther Florin",ds002885,1
"Liisa Helle, Jukka Nenonen, Eric B. Larson, J. Simola, Lauri Parkkonen, Samu Taulu",ds002885,1
"Lucy M. Werner, Alfons Schnitzler, Jan V. Hirschmann",ds002885,1
"Rachel K. Spooner, Baccara J. Hizli, Bahne H. Bahners, Alfons Schnitzler, Esther Florin",ds002885,1
"Eva Zita Patai, Tom Foltynie, Patricia Limousin, Harith Akram, Ludvic Zrinzo, Rafał Bogacz, Vladimir Litvak",ds002885,1
"Mansoureh Fahimi Hnazaee, Matthias Sure, George C. O’Neill, Gaetano Leogrande, Alfons Schnitzler, Esther Florin, Vladimir Litvak",ds002885,1
"Ashwini Oswal, Bahman Abdi‐Sargezeh, Abhinav Sharma, Tolga Esat Özkurt, Samu Taulu, Nagaraja Sarangmat, Alexander L. Green, Vladimir Litvak",ds002885,1
"Mevlüt Yalaz, Eric Elzenheimer, Henrik Wolframm, S. Knappe-Grüneberg, Michael Höft, Günther Deuschl, Ann‐Kristin Helmers, Tilmann Sander",ds002885,1
"Dmitry Todorov, Alfons Schnitzler, Jan V. Hirschmann",ds002885,1
"Ruonan Wang, Kaiwen Fu, Ruochen Zhao, Dawei Wang, Zhimin Yang, Wei Bin, Yang Gao, Xiaolin Ning",ds002885,1
"Bahne H. Bahners, Roxanne Lofredi, Tilmann Sander, Alfons Schnitzler, Andrea A. Kühn, Esther Florin",ds002885,1
"Nardin Samuel, Irene E. Harmsen, Mandy Yi Rong Ding, Can Sarica, Artur Vetkas, Christine Wong, Vanessa Lawton, Andrew Yang, Nathan C. Rowland, Suneil K. Kalia, Taufik A. Valiante, Richard Wennberg, Gelareh Zadeh, Paul Kongkham, Aristotelis Kalyvas, Andrés M. Lozano",ds002885,1
"Ruonan Wang, MA Yu-jie, Ruochen Zhao, Jin Ding, Ling Li, Yanfei Yang, Fulong Wang, Zhiqiang Cao, Xueying Zhang, Xiaoyang Lin, Xiaolin Ning",ds002885,1
"Ruonan Wang, Fulong Wang, Yanfei Yang, R. P. Zhao, Yujie Ma, Jin Ding, Le Jia, Yumei Gong, D. Xu, Xiaoyu Liang, Xiaolin Ning",ds002885,1
"Esther A. Pelzer, Abhinav Sharma, Esther Florin",ds002885,1
"Tim M. Tierney, Nicholas Alexander, Stephanie Mellor, Niall Holmes, Robert A. Seymour, George C. O’Neill, Eleanor A. Maguire, Gareth R. Barnes",ds002885,1
"Nooshin Bahador, Josh Saha, Mohammad R. Rezaei, Saha Utpal, Ayda Ghahremani, Robert Chen, Milad Lankarany",ds002885,1
Veikko Jousmäki,ds002885,1
"Fulong Wang, Fuzhi Cao, MA Yu-jie, Ruochen Zhao, Ruonan Wang, Nan An, Min Xiang, Dawei Wang, Xiaolin Ning",ds002885,1
"Ahmet Levent Kandemir, Alfons Schnitzler, Esther Florin",ds002885,1
"Blake Hale, Anna Latorre, Lorenzo Rocchi, John C. Rothwell, Patricia Limousin",ds002885,1
"Aditya Koppula, Ankita Jain, Suranjita Ganguly, Chaitanya Srinivas LV, Kousik Sarathy Sridharan",ds002885,1
"Thomas Pirenne, Mansoureh Fahimi Hnazaee, Patrick Santens, Aline Moorkens, Marc M. Van Hulle",ds002885,1
"Ajmal Zemmar, David H. Aguirre‐Padilla, Irene E. Harmsen, Julianne Baarbé, Can Sarica, Kazuaki Yamamoto, Talyta Grippe, Ghazaleh Darmani, Amitabh Bhattacharya, Zhongcan Chen, Kelly E. Gartner, Nelleke van Wouwe, Paula Azevedo, Artur Vetkas, Darcia Paul, Nardin Samuel, Gianluca Sorrento, Brendan Santyr, Nathan C. Rowland, Suneil K. Kalia, Robert Chen, Alfonso Fasano, Andrés M. Lozano",ds002885,1
"Fulong Wang, Fuzhi Cao, Nan An, Jianzhi Yang, Yaxiang Wang, Min Xiang, Qianqian Wu, Weiguo Li",ds002885,1
"Bahne H. Bahners, Roxanne Lofredi, Hannah Voss, Ana Luísa de Almeida Marcelino, Lukas L. Goede, Lucia K. Feldmann, Alfons Schnitzler, Tilmann H. Sander, Esther Florin, Andrea A. Kühn",ds002885,1
"Ashwini Oswal, Bahman Abdi‐Sargezeh, Tolga Esat Özkurt, Samu Taulu, Nagaraja Sarangmat, Alexander L. Green, Vladimir Litvak",ds002885,1
"Bahne H. Bahners, Lukas L. Goede, Patricia Zvarova, Garance M. Meyer, Konstantin Butenko, Roxanne Lofredi, Nanditha Rajamani, Frédéric Schaper, Clemens Neudorfer, Barbara Hollunder, Julianna Pijar, Savir Madan, Lauren A. Hart, Matthias Sure, Alexandra Steina, Fayed Rassoulou, Christian J Hartmann, Markus Butz, J. Hirschmann, Jan Vesper, K. Faust, Gerd-Helge Schneider, Tilmann H. Sander, Wolf‐Julian Neumann, Michael D. Fox, Kai Miller, Alfons Schnitzler, Andrea A. Kühn, Esther Florin, Andreas Horn",ds002885,1
"Riitta Hari, Aina Puce","ds001810,ds002885",2
"Natalie Bell, Mahak Virlley, Zabecca Brinson, Fang F. Yu, Tyrell Pruitt, Adriana E. Ohm, Ben Wagner, Laura H. Lacritz, Heidi Rossetti, C. Munro Cullum, Amil M. Shah, Joseph A. Maldjian, Elizabeth M. Davenport, Amy L. Proskovec","ds002885,ds005752",2
"Thomas Donoghue, Natalie Schaworonkow, Bradley Voytek","ds000248,ds004010,on006126",3
"Máté Gyurkovics, Grace M. Clements, Kathy A. Low, Monica Fabiani, Gabriele Gratton","ds004010,ds005953",2
"Julio Rodriguez‐Larios, Eduardo Antonio Bracho Montes de, Kaat Alaerts",ds004010,1
"Yevgenia Rosenblum, Tamara Shiner, Noa Bregman, Nir Giladi, Inbal Maidan, Firas Fahoum, Anat Mirelman",ds004010,1
"Maarten A. Immink, Zachariah R. Cross, Alex Chatburn, James Baumeister, Matthias Schlesewsky, Ina Bornkessel‐Schlesewsky",ds004010,1
Thomas Donoghue,ds004010,1
"Sigurd L. Alnes, Marzia De Lucia, Andrea O. Rossetti, Athina Tzovara",ds004010,1
"Shane D. McKeon, Maria I. Perica, A. Parr, Finnegan J. Calabro, Will Foran, Hoby Hetherington, Chan-Hong Moon, Beatriz Luna",ds004010,1
"Hernan Hernandez, Sandra Baez, Vicente Medel, Sebastian Moguilner, Jhosmary Cuadros, Hernando Santamaría-García, Enzo Tagliazucchi, P. Valdés-Sosa, Francisco Lopera, J. Ochoa-Gómez, A. González-Hernández, J. Bonilla-Santos, R. A. Gonzalez-Montealegre, Tuba Aktürk, E. Yıldırım, Renato Anghinah, Agustina Legaz, Sol Fittipaldi, G. Yener, Javier Escudero, C. Babiloni, Susanna Lopez, Robert Whelan, A. Lucas, Adolfo M. García, D. Huepe, G. D. Caterina, Marcio Soto-Añari, A. Birba, Agustin Sainz-Ballesteros, Carlos Coronel-Oliveros, Eduar Herrera, D. Abásolo, Kerry Kilborn, N. Rubido, Ruaridh A. Clark, R. Herzog, Deniz Yerlikaya, B. Güntekin, Mario A. Parra, Pavel Prado, Agustín Ibáñez",ds004010,1
"R. A. Stanyard, D. Masón, C. Ellis, H. Dickson, R. Short, D. Batalle, T. Arichi",ds004010,1
"Riccardo Cusinato, Sigurd L. Alnes, Ellen van Maren, Ida Boccalaro, Debora Ledergerber, Antoine Adamantidis, Lukas Imbach, Kaspar Schindler, Maxime O. Baud, Athina Tzovara",ds004010,1
"Fahimeh Akbarian, Chiara Rossi, Lars Costers, Marie D’hooghe, Miguel D’haeseleer, Guy Nagels, Jeroen Van Schependom",ds004010,1
"A. Finley, D. Angus, E. Knight, C. V. van Reekum, M. Lachman, R. Davidson, S. Schaefer",ds004010,1
"Sander van Bree, Daniel Levenstein, Matthew R. Krause, Bradley Voytek, Richard Gao",ds004010,1
"Zoya Mooraj, Alireza Salami, Karen L Campbell, M. Dahl, Julian Q. Kosciessa, Matthew R Nassar, M. Werkle-Bergner, F. Craik, U. Lindenberger, Ulrich Mayr, M. N. Rajah, Naftali Raz, Lars Nyberg, D. Garrett","ds004010,ds005385",2
"Sandra Baez, Hernan Hernandez, Sebastian Moguilner, Jhosmary Cuadros, Hernando Santamaría-García, Vicente Medel, Joaquín Migeot, J. Cruzat, P. Valdés-Sosa, Francisco Lopera, A. González-Hernández, J. Bonilla-Santos, R. A. Gonzalez-Montealegre, Tuba Aktürk, Agustina Legaz, Florencia Altschuler, Sol Fittipaldi, G. Yener, Javier Escudero, C. Babiloni, Susanna Lopez, Robert Whelan, A. Lucas, D. Huepe, Marcio Soto-Añari, Carlos Coronel-Oliveros, Eduar Herrera, Daniel Abasolo, Ruaridh A. Clark, B. Güntekin, Claudia Duran-Aniotz, Mario A. Parra, B. Lawlor, Enzo Tagliazucchi, Pavel Prado, Agustín Ibáñez",ds004010,1
"Moritz Gerster, Gunnar Waterstraat, Vladimir Litvak, Klaus Lehnertz, Alfons Schnitzler, Esther Florin, Gabriel Curio, Vadim V. Nikulin","ds000248,ds004010",2
"Runhao Lu, Nadene Dermody, John Duncan, A. Woolgar",ds004010,1
"S. Montemurro, D. Borek, D. Marinazzo, Sara Zago, F. Masina, Ettore Napoli, Nicola Filippini, Giorgio Arcara",ds004010,1
"J. da Silva Castanheira, Alex I. Wiesman, J. Hansen, B. Misic, Sylvain Baillet, J. Breitner, J. Poirier, Sylvain Baillet, Pierre Bellec, Véronique Bohbot, Mallar M. Chakravarty, Louis Collins, Pierre Etienne, Alan Evans, Serge Gauthier, Rick Hoge, Yasser Ituria-Medina, Gerhard Multhaup, Lisa-Marie Münter, Natasha Rajah, P. Rosa-Neto, Jean-Paul Soucy, Étienne Vachon-Presseau, Sylvia Villeneuve, P. Amouyel, Melissa Appleby, Nicholas Ashton, Daniel Auld, Gülebru Ayranci, C. Bedetti, Marie-Lise Béland, K. Blennow, Ann Brinkmalm Westman, Claudio Cuello, M. Dadar, Leslie-Ann Daoust, Samir Das, Marina Dauar-Tedeschi, Louis De Beaumont, D. Dea, Maxime Descoteaux, Marianne Dufour, Sarah Farzin, Fabiola Ferdinand, Vladimir S Fonov, J. Gonneaud, J. Kat, Christina Kazazian, A. Labonté, Marie‐Élyse Lafaille‐Magnan",ds004010,1
"Thomas Donoghue, Ryan Hammonds, Eric Lybrand, Leonhard Washcke, Richard Gao, B. Voytek",ds004010,1
"Tisa Frelih, Andraž Matkovič, Tjaša Mlinarič, Jurij Bon, G. Repovš",ds004010,1
"Ruby J. Earl, T. Ford, J. Lum, P. G. Enticott, Aron T. Hill",ds004010,1
"Giuseppe Di Dona, Denisa Adina Zamfira, Martina Battista, Luca Battaglini, D. Perani, Luca Ronconi",ds004010,1
"Thomas Pfeffer, Christian Keitel, Daniel S. Kluger, Anne Keitel, Alena Russmann, Gregor Thut, Tobias H. Donner, Joachim Groß",ds004010,1
"Luiza Bonfim Pacheco, Daniel Feuerriegel, Hayley K. Jach, Elizabeth Robinson, V. Dương, Stefan Bode, L. Smillie",ds004010,1
"F. Schmidt, Sarah K. Danböck, E. Trinka, D. P. Klein, G. Demarchi, N. Weisz",ds004010,1
"M. Vandewouw, Julie Sato, Kristina Safar, Natalie Rhodes, M. Taylor",ds004010,1
"Alicia J. Campbell, T. E. Anijärv, Thomas Pace, Ciarán Treacy, J. Lagopoulos, D. Hermens, Jacob M. Levenstein, Sophie C. Andrews",ds004010,1
"P. Simor, T. Vékony, B. Farkas, O. Szalárdy, Tamás Bogdány, B. Brezóczki, Gábor Csifcsák, Dezső Németh",ds004010,1
"Aron T. Hill, Gillian M. Clark, Felicity J. Bigelow, Jarrad A. G. Lum, Peter G. Enticott",ds004010,1
"Ezequiel Pablo Espinosa, Di Zang, Andrea Buccellato, Zengxin Qi, Xuehai Wu, Samira Abbasi, Yasir Çatal, S. Lechner, Federico Zilio, G. Northoff",ds004010,1
"Marius Tröndle, N. Langer",ds004010,1
"Zinong Yang, Stephanie D. Williams, Ewa Beldzik, Stephanie Anakwe, Emilia Schimmelpfennig, Laura D. Lewis",ds004010,1
"A. Asadi, A. Wiesman, C. Wiest, Sylvain Baillet, H. Tan, M. Muthuraman",ds004010,1
"M. Kopf, Jan Martini, C. Stier, Silke Ethofer, Christoph Braun, Yiwen Li Hegner, N. K. Focke, J. Marquetand, R. Helfrich",ds004010,1
"M. Ameen, Joshua Jacobs, M. Schabus, K. Hoedlmoser, T. Donoghue",ds004010,1
"Yang Gao, A. H. Koyun, A. Stock, Annett Werner, Veit Roessner, L. Colzato, Bernhard Hommel, Christian Beste",ds004010,1
"Quirine van Engen, Geeling Chau, Aaron Smith, Kirsten C. S. Adam, Thomas Donoghue, B. Voytek",ds004010,1
"C. Horváth, R. Bódizs",ds004010,1
"Michael CB David, Emma-Jane Mallas, Lucia Li, M. Kolanko, R. Nilforooshan, Man Lai Tsoi, Hanim Karakoc, Karen Hoang, Johanna Brandt, Charikleia Triantafyllou, D. Gruia, Darije Custovic, Peter J. Lally, Karl A Zimmerman, David Danielle Sarah Ramin Matthew Shlomi Mara Payam Pau Sharp Wilson Daniels Nilforooshan Harrison Haar Go, David J Sharp, Danielle Wilson, Sarah Daniels, Matthew Harrison, Shlomi Haar, Mara Golemme, P. Barnaghi, Paul S. Freemont, Ravi Vaidyanathan, T. Constandinou, Gregory PT Scott, Derk-Jan Dijk, Peter J. Lally, Paresh A. Malhotra, L. Robinson, Adam Hampshire, Michael CB David, M. Del Giovane, Neil Graham, M. Kolanko, Helen Lai, M. Rumsey, Emma-Jane Mallas, A. Serban, E. Soreq, Abidemi I. Otaiku, Megan E Parkinson, Thomas D Parker, Success Fabusoro, Emily Beal, Alan Bannon, Danilo P. Mandic, Ziwei Chen, C. Hadjipanayi, Ghena Hammour",ds004010,1
"D. McKeown, Emily R Roberts, Anna J. Finley, Nicholas J. Kelley, Hannah A. D. Keage, V. R. Schinazi, O. Baumann, Ahmed A. Moustafa, Douglas J. Angus",ds004010,1
"Duo Bai, Yatong Guo, S. Jülich, Xu Lei",ds004010,1
"A. Santoni, Giuseppe Di Dona, David Melcher, L. Franchin, Luca Ronconi",ds004010,1
"Agnieszka Glica, Katarzyna Wasilewska, Julia Jurkowska, Jarosław Żygierewicz, B. Kossowski, K. Jednoróg",ds004010,1
"Yuting Xu, Ayumu Yamashita, Kyuto Uno, Tomoya Kawashima, Kaoru Amano",ds004010,1
"K. Amande M. Pauls, Pietari Nurmi, H. Ala-Salomäki, H. Renvall, Jan Kujala, Mia Liljeström",ds004010,1
"P. Kałamała, G. M. Clements, Máté Gyurkovics, Tao Chen, Kathy A. Low, Monica Fabiani, G. Gratton",ds004010,1
"Stefania Petri, Helene Vitali, C. Campus, Martina Riberto, M. Gori",ds004010,1
"A. Arazi, Alessandro Toso, T. Grent-‘t-Jong, P. J. Uhlhaas, T. H. Donner",ds004010,1
"Verina Guirguis, Sanvi Korsapathy, F. Pupillo, R. Mcclure, David Zarzar, Mengsen Zhang, F. Frohlich, T. Schwippel",ds004010,1
"Aron T. Hill, T. Ford, Neil W. Bailey, J. Lum, F. Bigelow, Lindsay.M. Oberman, P. G. Enticott",ds004010,1
"Luc E. Wilson, J. da Silva Castanheira, Benjamin Lévesque Kinder, Sylvain Baillet",ds004010,1
"Xiaoyu Liang, Ruonan Wang, Huanqi Wu, Yuyu Ma, Changzeng Liu, Yang Gao, Dexin Yu, Xiaolin Ning",ds004010,1
"B. Y. Angulo-Ruiz, E. I. Rodríguez-Martínez, V. Muñoz, Carlos M. Gómez",ds004010,1
"M. Makale, Kenneth Blum, Abdalla Bowirrat, Keerthy Sunder, Miles R Makale, Mark S. Gold, I. Elman, Catherine A Dennen, Kevin T. Murphy",ds004010,1
"Aislin A Sheldon, H. Moser, Kamar S. Abdullahi, Karly D. Allison, Carter B. Mulder, Samantha A. Montoya, S. Sponheim, M. Marjańska, Michael-Paul Schallmo",ds004010,1
"Vaibhav Tripathi, Lakshmi Bhaskar, Chhaya Kharya, Manvir Bhatia, Vinod Kochupillai",ds004010,1
"Verónica Mäki-Marttunen, Alexandra Velinov, S. Nieuwenhuis",ds004010,1
"L. Braunsmann, Finja Beermann, H. Strüder, V. Abeln",ds004010,1
"Grace M Elliott, M. M. Robertson, Celine E Locklear, D. L. Robinson, Margaret A. Sheridan, C. A. Boettiger",ds004010,1
"Hongchi Zhang, Amir Jahanian-Najafabadi, Khaled Bagh, L. Colzato, Bernhard Hommel",ds004010,1
"GM Opie, N. Schaworonkow, P. Gordon, Dania Humaidan, U. Ziemann",ds004010,1
"Rana Elmaghraby, Yanchen Liu, Priya Ramesh, G. Westerkamp, Meredith Nelson, Travis R. Larsh, E. Smith, Donald L. Gilbert, Steve W. Wu, Craig A. Erickson, E. Pedapati",ds004010,1
"Vinsea A. V. Singh, Vinodh G. Kumar, A. Banerjee, Dipanjan Roy",ds004010,1
"Michele Deodato, David Melcher, Patrik Vuilleumier","ds004010,nm000112",2
"Shiwei Jia, Dandan Liu, Yang Yue, L. Colzato, Bernhard Hommel, Christian Beste",ds004010,1
"A. Arazi, Alessandro Toso, T. Grent-‘t-Jong, P. Uhlhaas, T. H. Donner",ds004010,1
"Mireia Torralba-Cuello, Angela Marti-Marca, Márta Szabina Pápai, Salvador Soto-Faraco",ds004010,1
"Runhao Lu, Elizabeth Pollitt, A. Woolgar",ds004010,1
"M. L. Weijs, Silvia Missura, Weronika Potok-Szybińska, M. Bächinger, Bianca Badii, M. Domínguez, N. Wenderoth, S. Meissner",ds004010,1
"Robert D Melara, J. Root, Jay A Edelman, M. Estelle, Isabella Mohr, T. Ahles",ds004010,1
"Anne Trishia Fordan-Fresco, A. Velasco-Hernandez, A. Chornet-Lurbe, Isabel Martin-Hoyos, Silvia García-Moreno, Mengdi Gao, Guangfei Li, Y. Ye-Lin, Dongmei Hao",ds004010,1
"Marissa M. Holden, Isabella Premoli, S. Clark, M. P. Richardson, M. R. Goldsworthy, Nigel C. Rogasch",ds004010,1
"Xiaoyu Liang, Huanqi Wu, Ruonan Wang, Yuyu Ma, Hao Lu, Changzeng Liu, L. Jia, Yang Gao, Xiaolin Ning",ds004010,1
"M. Maggio, S. Dattola, S. Bertino, S. De Salvo, Elvira Gjonaj, Antonino Lombardo Facciale, Luca Pergolizzi, L. Bonanno, Federica Impellizzeri, L. Billeri, P. de Pasquale, A. Quartarone, R. S. Calabrò",ds004010,1
"Fleming C. Peck, Catherine R. Walsh, Holly Truong, J. Pochon, Kristen D. Enriquez, C. Bearden, Sandra K. Loo, Robert M. Bilder, A. Lenartowicz, Jesse Rissman",ds004010,1
"Sara Lago, Sara Zago, S. Montemurro, R. S. Calabrò, M. Maggio, S. Dattola, Ilaria Casetta, Giorgio Arcara",ds004010,1
"Karolina Armonaite, Franca Tecchio, B. Pinna, Camillo Porcaro, Livio Conti",ds004010,1
"K. Hemmerich, Juan Lupiáñez, E. Martín-Arévalo, Roi Cohen Kadosh",ds004010,1
"Joel Eyamu, Boncho Ku, Kahye Kim, K. Lee, Jaeuk U. Kim",ds004010,1
"Nienke E. R. van Bueren, Anne H. Van Hoogmoed, Sanne van der Ven, Lisa M. Jonkman",ds004010,1
"Virginia Tronelli, P. Kałamała, G. Gratton, Monica Fabiani, Máté Gyurkovics, Kathy A. Low, Maurizio Codispoti, Andrea De Cesarei",ds004010,1
"J. da Silva Castanheira, A. Wiesman, M. Taylor, Sylvain Baillet",ds004010,1
"Zeyi Wang, Sungchil Yang, Jianping Lu, Qiang Zhou",ds004010,1
"Jie Liu, Jiajun Li, Jun Yang, Qin Zhang",ds004010,1
"James M. Shine, Laura D. Lewis, Douglas D. Garrett, Kai Hwang",ds004010,1
"Leonhard Waschke, Thomas Donoghue, Lorenz Fiedler, Sydney Smith, Douglas D. Garrett, Bradley Voytek, Jonas Obleser","ds004010,ds005953",2
"Brendan Ostlund, Thomas Donoghue, Berenice Anaya, Kelley E. Gunther, Sarah L. Karalunas, Bradley Voytek, Koraly Pérez‐Edgar","ds000248,ds004010",2
"Luc Wilson, Jason da Silva Castanheira, Sylvain Baillet",ds004010,1
"Sarah L. Karalunas, Brendan Ostlund, Brittany R. Alperin, McKenzie T. Figuracion, Hanna Gustafsson, Erika Deming, Dan Foti, Dylan Antovich, Jason Dude, Joel T. Nigg, Elinor L. Sullivan",ds004010,1
"Anne M van Nifterick, Danique Mulder, Denise Joanne Duineveld, Marina Diachenko, Philip Scheltens, Cornelis J. Stam, Ronald E. van Kesteren, Klaus Linkenkaer‐Hansen, Arjan Hillebrand, Alida A. Gouw",ds004010,1
"Sofia V. Salvatore, Peter Lambert, Ann Benz, Nicholas Rensing, Michael Wong, Charles F. Zorumski, Steven Mennerick",ds004010,1
"Daniel S. Kluger, Carina Forster, Omid Abbasi, Nikos Chalas, Arno Villringer, Joachim Groß",ds004010,1
"Anupriya Pathania, Matthew J. Euler, Mindie Clark, Rhiannon L. Cowan, Kevin Duff, Keith R. Lohse",ds004010,1
"Mostafa Mir, Farnad Nasirzadeh, Hannah Bereznicki, Peter G. Enticott, Sang Hyun Lee",ds004010,1
"Chenyan Zhang, Ann‐Kathrin Stock, Moritz Mückschel, Bernhard Hommel, Christian Beste",ds004010,1
"Zachariah R. Cross, Andrew W. Corcoran, Matthias Schlesewsky, Mark Kohler, Ina Bornkessel‐Schlesewsky",ds004010,1
"Christopher Höhn, Michael A Hahn, Janna D. Lendner, Kerstin Hoedlmoser",ds004010,1
"C Turri, Giuseppe Di Dona, Alessia Santoni, Denisa Adina Zamfira, Laura Franchin, David Melcher, Luca Ronconi",ds004010,1
"Yevgenia Rosenblum, Leonore Bovy, Frederik D. Weber, Axel Steiger, Marcel Zeising, Martin Dresler",ds004010,1
"Patrycja Kałamała, Máté Gyurkovics, Daniel C. Bowie, Grace M. Clements, Kathy A. Low, Florin Dolcos, Monica Fabiani, Gabriele Gratton",ds004010,1
"Pascal Helson, Daniel Lundqvist, Per Svenningsson, Mikkel C. Vinding, Arvind Kumar",ds004010,1
"Anne B. Arnett, Virginia Peisch, April R. Levin",ds004010,1
"Matthew J. Euler, Julia V. Vehar, Jasmin E. Guevara, Allie R. Geiger, Pascal R. Deboeck, Keith R. Lohse",ds004010,1
"Michele Deodato, David Melcher",ds004010,1
"Daniel J. McKeown, Anna J Finley, Nicholas J. Kelley, James F. Cavanagh, Hannah A. D. Keage, Oliver Baumann, Victor R. Schinazi, Ahmed A. Moustafa, Douglas J. Angus",ds004010,1
"Phillip R. Johnston, Anthony R. McIntosh, Jed A. Meltzer",ds004010,1
"Sian Virtue-Griffiths, Alex Fornito, Sarah Thompson, Mana Biabani, Jeggan Tiego, Tribikram Thapa, Neil W. Bailey, Nigel C. Rogasch",ds004010,1
"Aditya Nanda, Graham W. Johnson, Yu Mu, Misha B. Ahrens, Catie Chang, Dario J. Englot, Michael Breakspear, Mikail Rubinov",ds004010,1
"Ashley C. Parr, Valerie J. Sydnor, Finnegan J. Calabro, Beatriz Luna",ds004010,1
"Janna D. Lendner, Ulrich Harler, Jonathan Daume, Andreas K. Engel, Christian Zöllner, Till R. Schneider, Marlene Fischer",ds004010,1
"Srishty Aggarwal, Supratim Ray",ds004010,1
"Emily Cunningham, Clementine Zimnicki, Diane M. Beck",ds004010,1
"Thomas Donoghue, Andrew J. Watrous",ds004010,1
"Mattia Pietrelli, Jason Samaha, Bradley R. Postle",ds004010,1
"Mohamed S. Ameen, Joshua Jacobs, Manuel Schabus, Kerstin Hoedlmoser, Thomas Donoghue",ds004010,1
"Leisi Pei, Xinlin Zhou, Fks Leung, Guang Ouyang",ds004010,1
"Irene Gonzalez-Burgos, Marie Bainier, Simon Gross, Philipp Schoenenberger, José A. Ochoa, Miguel Valencia, Roger L. Redondo",ds004010,1
"Ornella Dakwar-Kawar, Tal Mentch-Lifshits, Shachar Hochman, Noam Mairon, Reut Cohen, Pragathi Priyadharsini Balasubramani, Jyoti Mishra, Joshua T. Jordan, Roi Cohen Kadosh, Itai Berger, Mor Nahum",ds004010,1
"Sigurd L. Alnes, Lea Z. M. Bächlin, Kaspar Schindler, Athina Tzovara",ds004010,1
"Michael Preston, Natalie Schaworonkow, Bradley Voytek",ds004010,1
"K. Amande M. Pauls, Pietari Nurmi, Heidi Ala-Salomäki, Hanna Renvall, Jan Kujala, Mia Liljeström",ds004010,1
"Yun Zhang, Yübo Wang, Huanhuan Cheng, Fei Yan, Dingning Li, Dawei Song, Qiang Wang, Liyu Huang",ds004010,1
"Zhitong John Wang, Hsin‐Chien Lee, Chun‐Hsiang Chuang, Fan‐Chi Hsiao, Shwu‐Hua Lee, Ai‐Ling Hsu, Changwei W. Wu",ds004010,1
"Péter Simor, Teodóra Vékony, Bence Csaba Farkas, Orsolya Szalárdy, Tamás Bogdány, Bianka Brezóczki, Gábor Csifcsák, Dezső Németh",ds004010,1
"Alicia J Campbell, Toomas Erik Anijärv, Thomas Pace, Ciara Treacy, Jim Lagopoulos, Daniel F. Hermens, Jacob M. Levenstein, Sophie C. Andrews",ds004010,1
"Marius Tröndle, Nicolas Langer",ds004010,1
"Michał Ociepka, Patrycja Kałamała, Adam Chuderski",ds004010,1
"Florian H. Kasten, René Lattmann, Daniel Strüber, Christoph S. Herrmann",ds004010,1
"Duo Bai, Jingyi Hu, Simon Theodor Jülich, Xu Lei",ds004010,1
"Janna D. Lendner, Jack J. Lin, Pål G. Larsson, Randolph F. Helfrich",ds004010,1
"Caroline Ellis, Jumana Ahmad, Alexia Zoumpoulaki, Mihail Dimitrov, Hester Velthuis, Ana Catarina Pereira, Nichol M. L. Wong, Maria Francesca Ponteduro, Łukasz Kowalewski, Anna DORNHAUS Anne S. LEONARD, P. Garces, Qiyun Huang, Eileen Daly, Declan Murphy, Gráinne McAlonan",ds004010,1
"K. Amande M. Pauls, Elina Salmela, Olesia Korsun, Jan Kujala, Riitta Salmelin, Hanna Renvall",ds004010,1
"Mohammed Abdalla Kannan, Nurfaizatul Aisyah Ab Aziz, Nur Syairah Ab Rani, Mohd Waqiyuddin Abdullah, Muhammad Hakimi Mohd Rashid, M. S. Shab, N. I. Ismail, Muhammad Amiri Ab Ghani, F. Reza, M. Muzaimi",ds004012,1
"Mohammed Abdalla Kannan, Nurfaizatul Aisyah Ab Aziz, Nur Syairah Ab Rani, Mohd Waqiyuddin Abdullah, Muhammad Hakimi Mohd Rashid, Mas Syazwanee Shab, Nurul Iman Ismail, Muhammad Amiri Ab Ghani, Faruque Reza, Muzaimi Mustapha",ds004012,1
"Netiwit Kaongoen, Jae-Hoon Choi, Jin Woo Choi, Haram Kwon, Chaeeun Hwang, Guebin Hwang, Byung Hyung Kim, Sungho Jo","ds004015,ds004348,ds005207,nm000142",4
"Daniel Hölle, Martin G. Bleichner",ds004015,1
"Andreas Schroeer, Martin Rune Andersen, Mike Lind Rank, Ronny Hannemann, Eline Borch Petersen, Filip Marchman Rønne, Daniel J. Strauß, Farah I. Corona–Strauss",ds004015,1
"Nhan Duc Thanh Nguyen, Kaare B. Mikkelsen, Preben Kidmose","ds004015,ds004348",2
"Farzad Saffari, Sahar Zarei, Shobhit Kakaria, José Enrique Bigné Alcañiz, Luis Emilio Bruni, Thomas Z. Ramsøy",ds004015,1
"Max Blümer, Jordi Heeren, Bojana Mirkovic, Matthias Latzel, Craig A. Gordon, David Crowhen, Markus Meis, Kirsten C. Wagener, Michael Schulte",ds004015,1
"Ruikai Li, Yixing Zhang, Guangwei Fan, Ziteng Li, Junmin Li, Fan Shiyong, Cunguang Lou, Xiuling Liu",ds004015,1
"Haolin Zhu, Yujie Yan, Xiran Xu, Zhongshu Ge, Pei Tian, Xihong Wu, Jing Chen",ds004015,1
"Simon Geirnaert, Simon L. Kappel, Preben Kidmose","ds004015,ds005207",2
"René Pallenberg, Ann-Katrin Griedelbach, Alfred Mertins",ds004015,1
"Galit Agmon, Manuela Jaeger, Ella Magen, Danna Pinto, Yuval Perelmuter, Elana Zion Golumbic, Martin G. Bleichner",ds004015,1
"Michael Thornton, Danilo P. Mandic, Tobias Reichenbach",ds004015,1
"Lukas Schick, Emilia Frey, Felix Putze, Michael Thomas Knierim",ds004015,1
Ivo V. Stuldreher,ds004015,1
"Qingyong Hu, Yuxuan Zhou, J. Wang, Yanbin Gong, Yizhen Zhang, Jingnan Sun, Jian Yao, Qijia Shao, Lili Qiu, Qian Zhang, Guihua Li",ds004015,1
"Martin A. Imhof, Karl‐Philipp Flösch, Ralf Schmälzle, Britta Renner, Harald T. Schupp",ds004015,1
"Carmen van Klaren, Anneloes Maij, Laurie Marsman, A. van Drongelen","ds004015,ds005207",2
"Simon Geirnaert, Ruochen Ding, Alexander Bertrand",ds004015,1
"Yuanming Zhang, Zeyan Song, Jing Lu, Fei Chen, Zhibin Lin",ds004015,1
"Zhuang Xie, Jianguo Wei, Le Song, Gaoyan Zhang",ds004015,1
Farzad Saffari,ds004015,1
"Leping Yu, Luis Fernando Herbozo Contreras, Zhaojing Huang, Zhilin Yang, Bobby Chen, Omid Kavehei","ds004015,ds004348",2
"Johanna Wilroth, Oskar Keding, Martin A. Skoglund, Maria Sandsten, Martin Enqvist, Emina Aličković",ds004015,1
"Isabela Mary Sasaki e Silva, Wemerson Delcio Parreira, Fábio Pires Itturriet, Renata Coelho Borges",ds004015,1
Qiang Li,ds004015,1
"Johanna Wilroth, Oskar Keding, Martin A. Skoglund, E. Alickovic, Martin Enqvist",ds004015,1
"Lina Teichmann, Denise Moerel, Chris I. Baker, Tijl Grootswagers","ds004043,ds004816,ds004817,ds004995,on004018",5
"Kai J. Miller, Klaus‐Robert Müller, Gabriela Ojeda Valencia, Harvey Huang, Nicholas M. Gregg, Gregory A. Worrell, Dora Hermes","ds004080,ds004457",2
"Gabriela Ojeda Valencia, Nicholas M. Gregg, Harvey Huang, Brian N. Lundstrom, Benjamin H. Brinkmann, Tal Pal Attia, Jamie J. Van Gompel, Matt A. Bernstein, Myung‐Ho In, John Huston, Gregory A. Worrell, Kai J. Miller, Dora Hermes",ds004080,1
"Odile Feys, Vincent Wens, Antonin Rovaï, Sophie Schuind, Estelle Rikir, Benjamin Legros, Xavier De Tiège, Nicolas Gaspard",ds004080,1
"Nicholas M. Gregg, Gabriela Ojeda Valencia, Tereza Pridalova, Harvey Huang, Vaclav Kremen, Brian N. Lundstrom, Jamie J. Van Gompel, Kai J. Miller, Gregory A. Worrell, Dora Hermes","ds004080,ds004457",2
"Weixiong Jiang, Zhen Zhou, Guoshi Li, Weiyan Yin, Zhengwang Wu, Li Wang, Maryam Ghanbari, Gang Li, Pew‐Thian Yap, Brittany Howell, Martin Styner, Essa Yacoub, Heather C. Hazlett, John H. Gilmore, J. Keith Smith, Kâmil Uǧurbil, Jed T. Elison, Han Zhang, Dinggang Shen, Weili Lin",ds004080,1
"Pál Barzó, Ildikó Szöts, Martin Tóth, Éva Csajbók, Gábor Molnár, Gábor Tamás",ds004080,1
"D. Gonzales, Hammad Khan, Hayagreev V. S. Keri, Saumitra Yadav, Christopher S. Steward, Lyle Muller, Scott R. Pluta, Krishna Jayant",ds004080,1
"Sandra Doval, David López‐Sanz, Ricardo Bruña, Pablo Cuesta, Luis Fernando Antón‐Toro, Ignacio Taguas, Lucía Torres-Simón, Brenda Nadia Chino Vilca, Fernando Maestú",ds004080,1
"Yuwei Jiang, Yangjiayi Mu, Zhao Xu, Qingyang Liu, Shouyan Wang, He Wang, Jianfeng Feng",ds004080,1
"Justin M. Campbell, Tyler S. Davis, Daria Nesterovich Anderson, Amir Arain, Zac Davis, Cory S. Inman, Elliot H. Smith, John D. Rolston",ds004080,1
"Ilkka Laakso, Juhani Kataja, Noora Matilainen, Timo Roine, Thomas Tarnaud, Yoshikazu Ugawa",ds004080,1
"Haoer Shi, Akash R. Pattnaik, Carlos Aguila, Alfredo Lucas, Nishant Sinha, Brian Prager, Marissa Mojena, Ryan S. Gallagher, Alexandra Parashos, Leonardo Bonilha, Ezequiel Gleichgerrcht, Kathryn A. Davis, Brian Litt, Erin C. Conrad",ds004080,1
"Yulia Novitskaya, Matthias Dümpelmann, Andreas Schulze‐Bonhage",ds004080,1
"Simon H. Geukes, Mariana P. Branco, Erik J. Aarnoutse, Annike Bekius, Julia Berezutskaya, Nick F. Ramsey",ds004080,1
"D. V. Blooijs, S. Blok, G. Huiskamp, P. V. Eijsden, H.G.E. Meijer, F. Leijten, Clinical Neurophysiology",ds004080,1
"Zekai Qiang, J. C. Norris, Gerald Cooray, Richard Rosch, Kai J. Miller, Dora Hermes, Ajai Chari, Martin Tisdall","ds004080,ds004457",2
"Jonas Terlau, Jan Martini, Randolph F. Helfrich",ds004080,1
"Chirag Mehra, Ahmad Beyh, Petroula Laiou, Pilar Garcés, Emily J. H. Jones, Luke Mason, Jan K. Buitelaar, Mark H. Johnson, Declan Murphy, Eva Loth, Flavio Dell’Acqua, Joshua B. Ewen, Mark P. Richardson, Jonathan O’Muircheartaigh",ds004080,1
"Chanellé Hendrikse, Leigh L. van den Heuvel, Robin Emsley, Soraya Seedat, Stefan S. du Plessis",ds004080,1
"Max van den Boom, Nicholas M. Gregg, Gabriela Ojeda Valencia, Brian N. Lundstrom, Kai J. Miller, Dorien van Blooijs, Geertjan Huiskamp, Frans S. S. Leijten, Gregory A. Worrell, Dora Hermes","ds004080,ds004457",2
"Michael A. Jensen, Harvey Huang, Nicholas M. Gregg, Klaus‐Robert Müller, Dora Hermes, Kai J. Miller",ds004080,1
"Tamara Al-Sadek, Aryan Wadhwa, Millen Wadhwa, Aaron E. L. Warren, John D. Rolston",ds004080,1
"Xin Di, Ting Xu, Xinyuan Miao",ds004080,1
"Zhuoran Li, Xianqing Liu, Joshua R. Tatz, Eric W. Tsang, Umair Hassan, Jeffrey B. Wang, Corey J. Keller, Nicholas T. Trapp, Aaron D. Boes, Jing Jiang",ds004080,1
"Anina Lund, Brian H. Kopell, Negar Golestani, Eric Vornholt, Marcher Thompson, Lora E. Liharska, Yuyang Luo, Esther Cheng, You Jeong Park, Brian Fennessy, Lilian Wilkins, Deepak Kaji, Hannah Silk, Kimia Ziafat, Alice Hashemi, Emily Moya, Claudia Feng, Lisa M. Linares, Ariela Buxbaum Grice, Sabrina Xie, Marysia-Kolbe Rieder, Joseph Scarpa, Prashant Kota, Vanessa Cohen, Brendan Sullivan, Punit Shah, Weiping Ma, Jessica S. Johnson, Gregory M. Miller, Richard Searfoss, Nischal Mahaveer Chand, Pei Wang, Girish N. Nadkarni, Niven R. Narain, Eric J. Nestler, Michael A. Kiebish, Eric E. Schadt, Alexander W. Charney, Noam D. Beckmann",ds004080,1
"Davide Giampiccolo, Luigi Cattaneo, Francesco Sala",ds004080,1
"Xiaobo Liu, A. Wiesman, Sylvain Baillet","ds000247,ds004080",2
Dilara Altan Koç,ds004080,1
"Saina Asadi, Arthur P C Spencer, Yasser Alemán‐Gómez, Maciej Jedynak, Erick J. Canales‐Rodríguez, Tommaso Pavan, Emeline Mullier, Louise de Wouters, Isotta Rigoni, Hélène Lajous, Chun Hei Michael Chan, Alexandre Cionca, Dimitri Van De Ville, Serge Vulliémoz, Olivier David, Patric Hagmann, Ileana Jelescu",ds004080,1
"Jesse T. Miles, Kurt E. Weaver, Sara Jane Webb, Jeffrey G. Ojemann",ds004080,1
"Corentin Jacques, Jacques Jonas, Sophie Colnat-Coulbois, Bruno Rossion",ds004080,1
"Xi Wang, Aonan He, Chunfeng Yang, Jingjing Li, Yikun Zhang, Yang Chen, Miao Cao",ds004080,1
"Bingyang Cai, Shize Jiang, Jiwei Li, Zhengwei Zhong, Haiqing Zhang, Zengji Zhang, Xiaolai Ye, Weiqi Bao, Jie Hu, Liang Chen, Lanying Li, Jie Luo",ds004080,1
"Emily Cunningham, David Brang",ds004080,1
"Clotilde Turpin, Olivier Rossel, Félix Schlosser-Perrin, Mathilde Carrière, Riki Matsumoto, Emmanuel Mandonnet, Hugues Duffau, Sam Ng, François Bonnetblanc",ds004080,1
"Kelly Perlman, J. Major, A. Collin, Valerie Pineau-Noel, Murielle Mardenli, Sébastien Jerczyński, Maria Antonietta Davoli, Julien Cohen‐Adad, Daniel Côté, Naguib Mechawar",ds004080,1
"Guanyu Wang, Liang Qi, K E X I N Li, Chenyu Tang, Xuhang Chen, Luigi G. Occhipinti, Arokia Nathan, Ningli Wang, Yu Pan, Peter Smielewski, Ying Wang, Yingyan Mao, Xiaoyu Guo, Shuo Gao","ds004080,ds004752",2
"J. Larocque, W. Ojemann, Jay Xu, A. Lucas, N. Sinha, Eli J. Cornblath, Caren Armstrong, Samuel B Tomlinson, Eric D Marsh, S. Sinha, B. Litt, Kathryn A. Davis, Quy Cao, E. Conrad",ds004080,1
"Mattia F. Pagnotta, Gijs Plomp","ds004105,ds004118,ds004120,ds004121,ds004122,ds004123",6
"Fuwu Yan, Mutian Liu, Changhao Ding, Yi Wang, Lirong Yan","ds004105,ds004118,ds004120,ds004121,ds004122,ds004123",6
"K. Bansal, J. Medaglia, D. Bassett, J. Vettel, S. Muldoon","ds004105,ds004118,ds004120,ds004121,ds004122,ds004123",6
"Nick Wasylyshyn, B. Hemenway, J. Garcia, Christopher N. Cascio, M. O'Donnell, C. Bingham, B. Simons-Morton, J. Vettel, Emily B. Falk US Army Research Laboratory, U. Pennsylvania, University of Florida Transportation Institute, Eunice Kennedy Shriver National Institute on Child Health, Human Development, U. C. S. Barbara","ds004105,ds004120,ds004121,ds004123",4
"Nima Bigdely Shamlo, J. Touryan, A. Ojeda, C. Kothe, T. Mullen, K. Robbins","ds004105,ds004118,ds004120,ds004121,ds004122,ds004123",6
"Stephan Getzmann, Stefan Arnau, Melanie Karthaus, J. Reiser, E. Wascher","ds004105,ds004118,ds004120,ds004121,ds004122,ds004123",6
"M. Haghani, M. Bliemer, B. Farooq, Inhi Kim, Zhibin Li, Cheol Oh, Zahra Shahhoseini, H. MacDougall","ds004105,ds004118,ds004120,ds004121,ds004122,ds004123",6
"E. Wascher, Stefan Arnau, I. Gutberlet, Melanie Karthaus, Stephan Getzmann","ds004105,ds004118,ds004120,ds004121,ds004122,ds004123",6
"Melanie Karthaus, E. Wascher, Stephan Getzmann","ds004105,ds004118,ds004120,ds004121,ds004122,ds004123",6
"Yingmei Qin, Ziyu Hu, Yi Chen, Jing Liu, Lijie Jiang, Y. Che, C. Han","ds004105,ds004118,ds004120,ds004121,ds004122,ds004123",6
"Emad Alyan, Stefan Arnau, J. Reiser, Stephan Getzmann, Melanie Karthaus, E. Wascher","ds004105,ds004118,ds004120,ds004121,ds004122,ds004123",6
"G. Vecchiato, M. Del Vecchio, J. Ambeck-Madsen, L. Ascari, P. Avanzini","ds004105,ds004121,ds004122,ds004123",4
"S. Tompson, E. Falk, D. Bassett, J. Vettel","ds004105,ds004122,ds004123",3
"K. Bansal, Javier Garcia, C. Feltch, C. Earley, R. Robucci, Nilanjan Banerjee, Justin Brooks","ds004105,ds004118,ds004120,ds004121,ds004122,ds004123",6
"Asif Hasan, D. Pandey, Azizuddin Khan","ds004105,ds004118,ds004120,ds004121,ds004122,ds004123",6
"B. Gabrielson, M. A. Akhonda, Suchita Bhinge, Justin Brooks, Qunfang Long, T. Adalı","ds004105,ds004121,ds004122,ds004123",4
"Hannah S. Pulferer, Cuntai Guan, Gernot R. Müller-Putz","ds004105,ds004118,ds004120,ds004121,ds004122,ds004123",6
"Borja Monsalve, Enrique Puertas, Javier Fernández, N. Aliane","ds004105,ds004118,ds004120,ds004121,ds004122,ds004123",6
"J. Vettel, Nina Lauharatanahirun, Nick Wasylyshyn, H. Roy, Roberto Fernandez, N. Cooper, Alexandra M Paul, M. O'Donnell, Tony Johnson, J. Metcalfe, E. Falk, J. Garcia","ds004105,ds004118,ds004120,ds004121,ds004122,ds004123",6
"P. Tice, Sudipta Dey Tirtha, Naveen Eluru, P.A. Hancock","ds004105,ds004120,ds004121,ds004122,ds004123",5
"Sharath C. Koorathota, J. Ma, Josef Faller, Linbi Hong, Pawan Lapborisuth, P. Sajda","ds004105,ds004118,ds004120,ds004121,ds004122,ds004123",6
"J. Ma, Sharath C. Koorathota, P. Sajda","ds004105,ds004118,ds004120,ds004121,ds004122,ds004123",6
"Jiajia Li, Fan Li, Jian Song","ds004105,ds004118,ds004120,ds004121,ds004122,ds004123",6
"A. Massironi, Marco Petilli, Carlotta Lega, Simone Fontana, Emanuela Bricolo","ds004105,ds004118,ds004120,ds004121,ds004122,ds004123",6
"Suriya Prakash Muthukrishnan, Adham Atyabi","ds004105,ds004121,ds004122,ds004123",4
"Ashton Gauff, Humberto Munoz-Barona, Addison W. Bohannon, J. Vettel","ds004105,ds004118,ds004120,ds004121,ds004122,ds004123",6
"Kay A. Robbins, Jonathan Touryan, Tim Mullen, Christian Kothe, Nima Bigdely-Shamlo","ds004105,ds004106,ds004118,ds004119,ds004120,ds004121,ds004122,ds004123",8
"Guiomar Niso, Rotem Botvinik‐Nezer, Stefan Appelhoff, Alejandro de la Vega, Oscar Estéban, Joset A. Etzel, Karolina Finc, Melanie Ganz, Rémi Gau, Yaroslav O. Halchenko, Peer Herholz, Agâh Karakuzu, David B. Keator, Christopher J. Markiewicz, Camille Maumet, Cyril Pernet, Franco Pestilli, Nazek Queder, Tina Schmitt, Weronika Sójka, Adina Wagner, Kirstie Whitaker, Jochem W. Rieger","ds000246,ds000247,ds000248,ds004105,ds004106,ds004119,ds004121,ds004122,ds004123,ds005752,ds007052,ds007056,ds007069,ds007096,ds007137,ds007139,on006126",17
"James A. Desjardins, Stefon van Noordt, Scott Huberty, Sidney J. Segalowitz, Mayada Elsabbagh","ds004105,ds004106,ds004118,ds004119,ds004120,ds004121,ds004122,ds004123,on006126",9
"Mariella Paul, Gisela Govaart, Antonio Schettino","ds004105,ds004106,ds004118,ds004119,ds004120,ds004121,ds004122,ds004123",8
"Kelsie L. Lopez, A.D. Monachino, Santiago Morales, Stephanie C. Leach, Maureen E. Bowers, Laurel J. Gabard‐Durnam","ds004105,ds004106,ds004118,ds004119,ds004120,ds004121,ds004122,ds004123",8
"Elizabeth S. Norton, Leigha A. MacNeill, Emily M. Harriott, Norrina B. Allen, Sheila Krogh‐Jespersen, Christopher D. Smyser, Cynthia Rogers, Tara A. Smyser, Joan L. Luby, Lauren S. Wakschlag","ds004105,ds004106,ds004118,ds004119,ds004120,ds004121,ds004122,ds004123",8
"Scott Huberty, Virginia Carter Leno, Stefon van Noordt, Rachael Bedford, Andrew Pickles, James A. Desjardins, Sara Jane Webb, The BASIS Team, Mayada Elsabbagh","ds004105,ds004120,ds004121,ds004122,ds004123,on006126",6
"Pavel Prado, Agustina Birba, Josefina Cruzat, Hernando Santamaría‐García, Mario A. Parra, Sebastián Moguilner, Enzo Tagliazucchi, Agustín Ibáñez","ds004105,ds004106,ds004118,ds004119,ds004120,ds004121,ds004122,ds004123,on006126",9
"Alberto Jaramillo-Jiménez, Diego Tovar, Johann Alexis Ospina Galindez, Yorguin-Jose Mantilla-Ramos, Daniel Loaiza-López, Verónica Henao Isaza, Luisa María Zapata Saldarriaga, Valeria Cadavid Castro, Jazmín Ximena Suárez-Revelo, Yamile Bocanegra, Francisco Lopera, David Antonio Pineda-Salazar, Carlos Tobón, John Fredy Ochoa-Gómez, Miguel Germán Borda, Dag Aarsland, Laura Bonanni, Kolbjørn Brønnick","ds004105,ds004106,ds004118,ds004119,ds004120,ds004121,ds004122,ds004123,on006126",9
"Maliheh Ahmadi, Kamran Kazemi, Katarzyna Kuć, Anita Cybulska-Kłosowicz, Marta Zakrzewska, Ewa Racicka, Mohammad Sadegh Helfroush, Ardalan Aarabi","ds004105,ds004106,ds004118,ds004119,ds004120,ds004121,ds004122,ds004123",8
"Kay A. Robbins, Dung Truong, Alexander Jones, Ian Callanan, Scott Makeig","ds004105,ds004106,ds004118,ds004119,ds004120,ds004121,ds004122,ds004123,ds006502,on002718,on003645,on006126",12
"Ramón Martín-Brufau, Manuel Nombela Gómez, Leyre Sánchez-Sánchez-Rojas, Cristina Nombela","ds004105,ds004118,ds004120,ds004121,ds004122,ds004123",6
"Claudio Babiloni, Xianghong Arakaki, Sandra Báez, Robert J. Barry, Alberto Benussi, Katarzyna J. Blinowska, Laura Bonanni, Barbara Borroni, Jorge Bosch‐Bayard, Giuseppe Bruno, Alessia Cacciotti, Filippo Carducci, John Carino, Matteo Carpi, Antonella Conte, Josephine Cruzat, Fabrizia D’Antonio, Stefania Della Penna, Claudio Del Percio, Pierfilippo De Sanctis, Javier Escudero, Giovanni Fabbrini, Francesca R Farina, Francisco J. Fraga, Peter Fuhr, Ute Gschwandtner, Bahar Güntekin, Yi Guo, Mihály Hajós, Mark Hallett, Harald Hampel, Lűtfű Hanoğlu, Ira Haraldsen, Mahmoud Hassan, Christoffer Hatlestad‐Hall, András Attila Horváth, Agustín Ibáñez, Francesco Infarinato, Alberto Jaramillo-Jiménez, Jaeseung Jeong, Yang Jiang, Maciej Kamiński, Giacomo Koch, Sanjeev Kumar, Giorgio Leodori, Gang Li, Roberta Lizio, Susanna Lopez, Raffaele Ferri, Fernando Maestú","ds004105,ds004106,ds004118,ds004120,ds004121,ds004122,ds004123",7
"Yi‐Hsuan Chang, He‐Jun Chen, Cesar Barquero, Hsu Jung Tsai, Wei‐Kuang Liang, Chun‐Hsien Hsu, Neil G. Muggleton, Chin‐An Wang","ds004105,ds004106,ds004119,ds004120,ds004121,ds004122,ds004123",7
"Aaron Reer, Andreas Wiebe, Xu Wang, Jochem W. Rieger","ds004105,ds004106,ds004118,ds004120,ds004122,ds004123",6
"Anna Kurbatskaya, Alberto Jaramillo-Jiménez, John Fredy Ochoa-Gómez, Kolbjørn Brønnick, Álvaro Fernández-Quilez","ds004105,ds004106,ds004118,ds004120,ds004121,ds004122,ds004123",7
"Çağatay Demirel, Jarrod Gott, Kristoffer Appel, Katharina Lüth, Christian Fischer, Cecilia Raffaelli, Britta U. Westner, Xinlin Wang, Zsófia Zavecz, Axel Steiger, Daniel Erlacher, Stephen LaBerge, Sérgio Mota‐Rolim, Sidarta Ribeiro, Marcel Zeising, Nico Adelhöfer, Martin Dresler","ds004105,ds004106,ds004118,ds004119,ds004120,ds004121,ds004122,ds004123",8
"Taeho Kang, Yiyu Chen, Christian Wallraven","ds004105,ds004106,ds004118,ds004119,ds004120,ds004121,ds004122,ds004123",8
"Hsin-Hua Chin, Ying‐Hsuan Tai, Rachel Yep, Yi‐Hsuan Chang, Chun‐Hsien Hsu, Chin‐An Wang","ds004105,ds004106,ds004119,ds004122,ds004123",5
"Yeganeh Farahzadi, Cameron T. Alldredge, Zoltán Kekecs","ds004105,ds004106,ds004118,ds004119,ds004120,ds004121,ds004122,ds004123",8
"Kelsie L. Lopez, A.D. Monachino, Sophie Morales, Stephanie C. Leach, Maureen E. Bowers, Laurel J. Gabard‐Durnam","ds004105,ds004106,ds004118,ds004119,ds004120,ds004121,ds004122,ds004123",8
"John Fredy Ochoa-Gómez, Yorguin-José Mantilla-Ramos, Verónica Henao Isaza, Carlos Tobón, Francisco Lopera, David Aguillón, Jazmín Ximena Suárez-Revelo","ds004105,ds004106,ds004118,ds004119,ds004120,ds004121,ds004122,ds004123",8
"Alberto Jaramillo-Jiménez, Yorguin-José Mantilla-Ramos, Diego Tovar, Francisco Lopera, David Aguillón, John Fredy Ochoa-Gómez, Claire Paquet, Sinead Gaubert, Matteo Pardini, Dario Arnaldi, John‐Paul Taylor, Tormod Fladby, Kolbjørn Brønnick, Dag Aarsland, Laura Bonanni","ds004105,ds004106,ds004118,ds004119,ds004120,ds004121,ds004122,ds004123,ds004504,ds006036",10
"Olivier Rosanne, Danielle Benesch, Gregory P. Krätzig, Simon Paré, Nicole K. Bolt, Tiago H. Falk","ds004105,ds004106,ds004118,ds004119,ds004120,ds004121,ds004122,ds004123",8
"Dawid Strzelczyk, Peter E. Clayson, Heida Maria Sigurdardottir, Faisal Mushtaq, Yuri G. Pavlov, Hélène Devillez, Anton Lukashevich, Harold A. Rocha, Yong Hoon Chung, Kevin Ortego, Viola S. Störmer, José C. García Alanis, Christoph Löffler, Anna‐Lena Schubert, Anna Lena Biel, Ariane Tretow, Weiyong Xu, Jarmo A. Hämäläinen, Zitong Lu, Yong Min Choi, Eva Lout, Julie D. Golomb, Shuangke Jiang, Myles Jones, Eda Mızrak, Claudia C. von Bastian, Niko A. Busch, Samuel A Birkholz, Emily Johnson, Jeffrey S. Johnson, Maro G. Machizawa, William Xiang Quan Ngiam, Edward K. Vogel, Nicolas Langer","ds004105,ds004106,ds004118,ds004119,ds004120,ds004121,ds004122,ds004123",8
S. A. Gulyaev,"ds004105,ds004106,ds004118,ds004119,ds004120,ds004121,ds004122,ds004123",8
"Verónica Henao Isaza, Valeria Cadavid Castro, Luisa María Zapata-Saldarriaga, Yorguin-Jose Mantilla-Ramos, Jazmín Ximena Suárez-Revelo, Carlos Andrés Tobón-Quintero, John Fredy Ochoa-Gómez","ds004105,ds004106,ds004118,ds004119,ds004120,ds004121,ds004122,ds004123",8
"Edward J. Golob, Jeremy T. Nelson, Enrique T Piedra, Jason Adams, Carlos R. Esquivel, Samuel A. Spear, Jeffrey R. Mock","ds004105,ds004106,ds004118,ds004119,ds004120,ds004121,ds004122,ds004123",8
"Zoltán Kekecs, Endre Csikos, Nguyen Dang Quy Minh, Yeganeh Farahzadi, Péter Simor, Balázs Nyíri, P. Rizzo, Jay A. Olson, Gary Elkins","ds004105,ds004118,ds004120,ds004121,ds004122,ds004123",6
"Songquan Li, Jun Yuan, Mengyao Li, Hanming Wang, Rongbo Zhu","ds004105,ds004106,ds004118,ds004119,ds004120,ds004121,ds004122,ds004123",8
Kaliny Alice Carvalho de Oliveira Magalhães,"ds004105,ds004106,ds004119,ds004120,ds004121,ds004122,ds004123",7
"Andreas Pedroni, Amirreza Bahreini, Nicolas Langer","ds004105,ds004106,ds004118,ds004119,ds004120,ds004121,ds004122,ds004123,ds006502,on002718,on003645,on006126",12
"Benedikt Ehinger, Olaf Dimigen","ds004105,ds004106,ds004118,ds004119,ds004120,ds004121,ds004122,ds004123",8
"Olaf Dimigen, Benedikt Ehinger","ds004105,ds004106,ds004118,ds004119,ds004120,ds004121,ds004122,ds004123",8
"Nima Bigdely-Shamlo, Jonathan Touryan, Alejandro Ojeda, Christian Kothe, Tim Mullen, Kay A. Robbins","ds004105,ds004106,ds004118,ds004119,ds004120,ds004121,ds004122,ds004123",8
"Simon Kwon, Michael D. Rugg, Ronny Wiegand, Tim Curran, Alexa M. Morcom","ds004105,ds004118,ds004120,ds004121",4
"Pavel Prado, Sebastián Moguilner, Jhony Mejia, Agustín Sainz‐Ballesteros, Mónica Otero, Agustina Birba, Hernando Santamaría‐García, Agustina Legaz, Sol Fittipaldi, Josephine Cruzat, Enzo Tagliazucchi, Mario A. Parra, Rubén Herzog, Agustín Ibáñez","ds004105,ds004106,ds004118,ds004119,ds004120,ds004121,ds004122,ds004123",8
"Pavel Prado, Jhony Mejia, Agustín Sainz‐Ballesteros, Agustina Birba, Sebastián Moguilner, Rubén Herzog, Mónica Otero, Jhosmary Cuadros, Lucía Z‐Rivera, Daniel Franco O'Byrne, Mario A. Parra, Agustín Ibáñez","ds004105,ds004106,ds004118,ds004119,ds004120,ds004121,ds004122,ds004123",8
"Jianyu Zhao, Ke Li, Xi Xi, Shanshan Wang, Vijayalakshmi Saravanan, R. Dinesh Jackson Samuel","ds004105,ds004106,ds004118,ds004119,ds004120,ds004121,ds004122,ds004123",8
"T. Nakano, Masahiro Takamura, Haruki Nishimura, Maro G. Machizawa, Naho Ichikawa, Atsuo Yoshino, Go Okada, Yasumasa Okamoto, Shigeto Yamawaki, Makiko Yamada, Tetsuya Suhara, Junichiro Yoshimoto","ds004105,ds004106,ds004118,ds004119,ds004120,ds004121,ds004122,ds004123",8
"Luigi Bianchi, Alberto Antonietti, Garima Bajwa, Raffaele Ferrante, Mufti Mahmud, Pradeep Balachandran","ds004105,ds004106,ds004118,ds004119,ds004120,ds004122",6
"Hongjian Bo, Cong Xu, Boying Wu, Lin Ma, Haifeng Li","ds004105,ds004106,ds004118,ds004119,ds004120,ds004121,ds004122,ds004123",8
"Alexa M. Morcom, Simon Kwon, Michael D. Rugg, Tim Curran, Ronny Wiegand","ds004105,ds004118,ds004120,ds004121,ds004123",5
"Monique Denissen, Bernhard Pöll, Kay A. Robbins, Scott Makeig, Florian Hutzler","ds004105,ds004106,ds004118,ds004119,ds004120,ds004121,ds004122,ds004123",8
"Dong Li, Xiaobo Peng","ds004105,ds004106,ds004118,ds004119,ds004120,ds004121,ds004122,ds004123",8
"Scott Makeig, Kay A. Robbins","ds004105,ds004106,ds004118,ds004119,ds004120,ds004121,ds004122,ds004123",8
"Gabriel Blanco-Gomez, Nicky Wright, Christian O’Reilly, Sara Jane Webb, Mayada Elsabbagh, The BASIS Team","ds004105,ds004106,ds004118,ds004120,ds004121,ds004122,ds004123",7
"Rodney Petrus Balandong, Rana Fayyaz Ahmad, Mohamad Naufal Mohamad Saad, Aamir Saeed Malik","ds004106,ds004119",2
"José Miguel Morales, Carolina Díaz-Piedra, Héctor Rieiro, Joaquín Roca González, Samuel Romero, Andrés Catena, Luis J. Fuentes, Leandro L. Di Stasi","ds004106,ds004119",2
"Jacek Rogala, Ewa Kublik, Rafał Krauz, Andrzej Wróbel","ds004106,ds004119",2
"R. H. C. Souza, Eduardo Lázaro Martins Naves","ds004106,ds004119",2
"Sharaj Panwar, Paul Rad, Tzyy‐Ping Jung, Yufei Huang","ds004106,ds004118,ds004119,ds004120,ds004121,ds004122,ds004123",7
"Jingxia Chen, Zijing Mao, Wanxiang Yao, Yufei Huang","ds004106,ds004118,ds004119,ds004120,ds004121,ds004122,ds004123",7
"J. Cortney Bradford, Jamie R. Lukos, Antony D. Passaro, Anthony J. Ries, Daniel P. Ferris","ds004106,ds004119",2
"Carolina Beppi, Inês R. Violante, Gregory Scott, Stefano Sandrone","ds004106,ds004119",2
"Sharaj Panwar, Paul Rad, John Quarles, Yufei Huang","ds004106,ds004118,ds004119,ds004120,ds004121,ds004122,ds004123",7
Elaine Ästrand,"ds004106,ds004118,ds004119,ds004120,ds004121,ds004122,ds004123",7
"Firdaus Mohamed, Syed Faiz Ahmed, Z. Ibrahim, Sazali Yaacob","ds004106,ds004119",2
"Fernando Cross-Villasana, Peter Gröpel, Felix Ehrlenspiel, Jürgen Beckmann",ds004106,1
"Jon Touryan, Vernon J. Lawhern, Patrick Connolly, Nima Bigdely-Shamlo, Anthony J. Ries","ds004106,ds004119",2
"Trupti Taori, Shankar S. Gupta, Sandesh Bhagat, Suhas Gajre, Ramchandra Manthalkar","ds004106,ds004119",2
"Yonggun Lee, Yufei Huang","ds004106,ds004118,ds004119,ds004120,ds004121,ds004122,ds004123",7
"Fazilat Hojaji, Adam J. Toth, John M. Joyce, Mark J. Campbell","ds004106,ds004119",2
"Sunaina Soni, Suriya Prakash Muthukrishnan, Mamta Sood, Simran Kaur, Ratna Sharma",ds004106,1
"Wen Dong, Zhenhua Pang, Xianglong Wan, Jing‐Jing Li, Xianling Dong, Yanhong Zhou","ds004106,ds004119",2
"Nima Bigdely-Shamlo, Gabriel Ibagon, Christian Kothe, Tim Mullen","ds004106,ds004119",2
"Firdaus Mohamed, Sathees Kumar Nataraj, Shahad Wisam Ahmed, Sazali Yaacob","ds004106,ds004119",2
"Andreas Meinel, Henrich Kolkhorst, Michael Tangermann","ds004106,ds004119",2
"Suriya Prakash Muthukrishnan, Sunaina Soni, Ratna Sharma","ds004106,ds004119",2
"Firdaus Mohamed, Pranesh Krishnan, Sazali Yaacob","ds004106,ds004119",2
"Tim Reinboth, Stephanie Gross, Laura Bishop, Brigitte Krenn","ds004106,ds004119",2
"Addzrull Hi-Fi Syam Ahmad Jamil, Mohd Lutfi Mohd Khidir, Mohd Firdaus Mohd Mokhtar","ds004106,ds004119",2
"P. Hansen, M. Kringelbach, R. Salmelin",ds004107,1
"Esther Florin, Sylvain Baillet",ds004107,1
"Aina Puce, Matti Hämäläinen","ds000247,ds000248,ds004107",3
"Daniel Strohmeier, Yousra Bekhti, Jens Haueisen, Alexandre Gramfort",ds004107,1
"C. Aine, C. Aine, L. Sanfratello, L. Sanfratello, D. Ranken, E. Best, J. MacArthur, T. Wallace, K. Gilliam, Christopher H. Donahue, R. Montaño, J. E. Bryant, A. Scott, J. Stephen",ds004107,1
"Christoph Dinh, Daniel Strohmeier, Martin Luessi, Daniel Güllmar, Daniel Baumgarten, Jens Haueisen, Matti Hämäläinen",ds004107,1
"Wanmei Ou, Polina Golland, Matti Hämäläinen",ds004107,1
"Lennard I. Boon, Prejaas Tewarie, Henk W. Berendse, Cornelis J. Stam, Arjan Hillebrand",ds004107,1
"Daniel Strohmeier, Alexandre Gramfort, Jens Haueisen",ds004107,1
"Esther Florin, S. Baillet",ds004107,1
"Yousra Bekhti, Daniel Strohmeiery, Mainak Jas, Roland Badeau, Alexandre Gramfort",ds004107,1
"Syed Ashrafulla, Dimitrios Pantazis, John C. Mosher, Matti Hämäläinen, Brent Liu, Richard M. Leahy",ds004107,1
John Rasure,ds004107,1
"Lorenz Esch, Jinlong Dong, Matti Hämäläinen, Daniel Baumgarten, Jens Haueisen, Johannes Vorwerk",ds004107,1
"Jerry J. Shih, Michael P. Weisend",ds004107,1
"J. Edgar, T. W. Wilson, S. Taulu, A. Nugent, S. Ahlfors, T. Kenet, Y. Chen, A. Bosseler, H. L. Green, E. Heinrichs-Graham, W. Gaetz, E. Larson, F. Candelaria-Cook, N. Bell, E. Davenport, B. Howell, M. Evans, B. Ahtam, M. Huang, T. W. Ward, B. Share, M. Mody, J. J. Son, D. Cellier, N. Peatfield, T. Bardouille, L. M. Bailey, S. Grewal, K. Pratt, S. Knappe, O. Alem, G. A. Miller, J. Stephen",ds004107,1
"Ryan T. Canolty, E. Edwards, Sarang S. Dalal, Maryam Soltani, SS Nagarajan, Heidi E. Kirsch, Mitchel S. Berger, N. Barbaro, Robert T. Knight",ds004117,1
"Niko A. Busch, Julien Dubois, Rufin VanRullen",ds004117,1
"Paul Sauseng, Birgit Griesmayr, Roman Freunberger, Wolfgang Klimesch",ds004117,1
"Barry Oken, Martin Salinsky, Siegward‐M. Elsas",ds004117,1
"Bjørg Elisabeth Kilavik, Manuel Zaepffel, Andrea Brovelli, William A. MacKay, Alexa Riehle",ds004117,1
"James F. Cavanagh, Michael X Cohen, John J. B. Allen",ds004117,1
"James F. Cavanagh, Laura Zambrano‐Vazquez, John J. B. Allen",ds004117,1
"Julie Onton, Marissa Westerfield, Jeanne Townsend, Scott Makeig",ds004117,1
"Daniela Sammler, Maren Grigutsch, Thomas Hans Fritz, Stefan Koelsch",ds004117,1
"Michael X Cohen, Christian E. Elger, Charan Ranganath",ds004117,1
"Robin Carhart‐Harris, Karl Friston",ds004117,1
John Gruzelier,ds004117,1
"Liang‐Tien Hsieh, Charan Ranganath",ds004117,1
"Damon J. Mitchell, Neil McNaughton, Danny Flanagan, Ian J. Kirk",ds004117,1
"Tim Lomas, Itai Ivtzan, Cynthia H.Y. Fu",ds004117,1
"Simon Hanslmayr, Bernhard Pastötter, Karl‐Heinz T. Bäuml, Sieglinde Gruber, Maria Wimber, Wolfgang Klimesch",ds004117,1
"Adam Gazzaley, Wesley C. Clapp, Jon Kelley, Kevin McEvoy, Robert T. Knight, Mark D’Esposito",ds004117,1
"Danielle S. Bassett, Edward T. Bullmore, Andreas Meyer‐Lindenberg, José Apud, Daniel R. Weinberger, Richard Coppola",ds004117,1
Bradley Voytek,ds004117,1
"Edmund Wascher, Björn Rasch, Jessica Sänger, Sven Falkenstein Hoffmann, Daniel Schneider, Gerhard Rinkenauer, Herbert Heuer, Ingmar Gutberlet",ds004117,1
"Claire Braboszcz, Arnaud Delorme",ds004117,1
"René Scheeringa, Marcel Bastiaansen, Karl Magnus Petersson, Robert Oostenveld, David G. Norris, Peter Hagoort",ds004117,1
"Julie Onton, Scott Makeig",ds004117,1
"René Scheeringa, Karl Magnus Petersson, Robert Oostenveld, David G. Norris, Peter Hagoort, Marcel Bastiaansen",ds004117,1
"Filipa Campos Viola, Jeremy D. Thorne, Barrie A. Edmonds, Till R. Schneider, Tom Eichele, Stefan Debener",ds004117,1
"Paul Sauseng, J Hoppe, Wolfgang Klimesch, Christian Gerloff, Friedhelm C. Hummel",ds004117,1
"Frédéric Roux, Michael Wibral, Harald M. Mohr, Wolf Singer, Peter J. Uhlhaas",ds004117,1
"Erol Başar, Bahar Güntekin",ds004117,1
"Trevor Thompson, Tony Steffert, Tomas Ros, Joseph Leach, John Gruzelier",ds004117,1
"Marie‐Pierre Deiber, Pascal Missonnier, Olivier Bertrand, Gabriel Gold, Lara Fazio‐Costa, Vicente Ibañez, Pantéleimon Giannakopoulos",ds004117,1
"Andrew C. N. Chen, Weijia Feng, H L Zhao, Yanling Yin, Peipei Wang",ds004117,1
"Jinn-Rong Wang, Shulan Hsieh",ds004117,1
"Gebhard Sammer, Carlo Blecker, Helge Gebhardt, Matthias Bischoff, Rudolf Stark, Katrin Morgen, Dieter Vaitl",ds004117,1
"Michael Minzenberg, Alana Firl, Jong H. Yoon, Glenn C. Gomes, Celeste Reinking, Cameron S. Carter",ds004117,1
James M. Hyman,ds004117,1
"David M. Groppe, Stephan Bickel, Corey J. Keller, Sanjay K. Jain, Sean Hwang, Cynthia L. Harden, Ashesh D. Mehta",ds004117,1
Ryan T. Canolty,ds004117,1
Diego A. Pizzagalli,ds004117,1
Elizabeth Milne,ds004117,1
"Lars Michels, Kerstin Bücher, Rafael Lüchinger, Peter Klaver, Ernst Martin, Daniel Jeanmonod, Daniel Brandeis",ds004117,1
"Michael X Cohen, Christian E. Elger, Juergen Fell",ds004117,1
"David M. Groppe, Scott Makeig, Marta Kutas",ds004117,1
"Samy Chikhi, Nadine Matton, Sophie Blanchet",ds004117,1
"Sirawaj Itthipuripat, Jan R. Wessel, Adam R. Aron",ds004117,1
"Winnie K. Y. So, Savio W.H. Wong, Joseph N. Mak, Rosa H. M. Chan",ds004117,1
"Stefan Debener, Alexander Strobel, Bettina Sorger, Judith Peters, Cornelia Kranczioch, Andreas K. Engel, Rainer Goebel",ds004117,1
"Jed A. Meltzer, Hitten P. Zaveri, Irina I. Goncharova, Marcello DiStasio, Xenophon Papademetris, Susan S. Spencer, Dennis D. Spencer, R. Todd Constable",ds004117,1
"Alessandro Presacco, R. H. Goodman, Larry W. Forrester, José L. Contreras-Vidal",ds004117,1
"Clay B. Holroyd, Akina Umemoto",ds004117,1
"Johannes Vosskuhl, René J. Huster, Christoph S. Herrmann",ds004117,1
"Michael X Cohen, K. Richard Ridderinkhof, Sven Haupt, Christian E. Elger, Juergen Fell",ds004117,1
"Haitao Yu, Xinyu Wu, Lihui Cai, Bin Deng, Jiang Wang",ds004117,1
"David B. Grimes, Desney Tan, Scott E. Hudson, Pradeep Shenoy, Rajesh P. N. Rao",ds004117,1
"Satu Palva, Shrikanth Kulashekhar, Matti Hämäläinen, J. Matias Palva",ds004117,1
"Jed A. Meltzer, Michiro Negishi, Linda C. Mayes, R. Todd Constable",ds004117,1
"Nicolas Langer, Claudia C. von Bastian, Helen Wirz, Klaus Oberauer, Lutz Jäncke",ds004117,1
"Shruti Baijal, Narayanan Srinivasan",ds004117,1
"Stefan Debener, Jeremy D. Thorne, Till R. Schneider, Filipa Campos Viola",ds004117,1
"Amedeo D’Angiulli, Anthony T. Herdman, David R. Stapells, Clyde Hertzman",ds004117,1
"Matthew J. Brookes, Jonathan R. Wood, Claire Stevenson, Johanna M. Zumer, Thomas P. White, Peter F. Liddle, Peter G. Morris",ds004117,1
"Klaus Gramann, Julie Onton, Davide Riccobon, Hermann Mueller, Stanislav Bardins, Scott Makeig",ds004117,1
"Neil W. Bailey, Kate E. Hoy, Nigel C. Rogasch, Richard H. Thomson, Susan McQueen, D. Elliot, Caley Sullivan, Ben Fulcher, Zafiris J. Daskalakis, Paul B. Fitzgerald",ds004117,1
"Agatha Lenartowicz, Arnaud Delorme, Patricia D. Walshaw, Alexander Cho, Robert M. Bilder, James J. McGough, James T. McCracken, Scott Makeig, Sandra K. Loo",ds004117,1
"Tobias Staudigl, Simon Hanslmayr, Karl‐Heinz T. Bäuml",ds004117,1
"Bastian Pfleging, Drea K. Fekety, Albrecht Schmidt, Andrew L. Kun",ds004117,1
"Pouya Bashivan, Irina Rish, Mohammed Yeasin, Noel Codella",ds004117,1
"Thilo Womelsdorf, Martin Vinck, L. Stan Leung, Stefan Everling",ds004117,1
О. М. Разумникова,ds004117,1
Julie Onton,ds004117,1
"Pascal Missonnier, Marie‐Pierre Deiber, Garry E. Gold, François R. Herrmann, P. Millet, Agnès Michon, Lara Fazio‐Costa, V. Ibañez, Pantéleimon Giannakopoulos",ds004117,1
"Urs Maurer, Silvia Brem, Martina D. Liechti, Stefano Maurizio, Lars Michels, Daniel Brandeis",ds004117,1
"Noor Kamal Al-Qazzaz, Sawal Hamid Md Ali, Siti Anom Ahmad, Mohd. Islam, Javier Escudero",ds004117,1
"Wei Ouyang, Wei Lu, Yamin Zhang, Yiming Liu, Jong Uk Kim, Haixu Shen, Yunyun Wu, Haiwen Luan, Keith Kilner, Stephen P. Lee, Yinsheng Lu, Yiyuan Yang, Jin Wang, Yongjoon Yu, Amy J. Wegener, Justin A. Moreno, Zhaoqian Xie, Yixin Wu, Sang Min Won, Kyeongha Kwon, Changsheng Wu, Wubin Bai, Hexia Guo, Tzu‐Li Liu, Hedan Bai, Giuditta Monti, Jason Zhu, Surabhi R. Madhvapathy, Jacob Trueb, Maria Stanslaski, Elizabeth Higbee‐Dempsey, Iwona Stepien, Nayereh Ghoreishi‐Haack, Chad R. Haney, Tae‐il Kim, Yonggang Huang, Roozbeh Ghaffari, Anthony Banks, Thomas C. Jhou, Cameron H. Good, John A. Rogers",ds004117,1
"Julian Q. Kosciessa, Thomas H. Grandy, Douglas D. Garrett, Markus Werkle‐Bergner",ds004117,1
"Lars Michels, Morteza Moazami-Goudarzi, Daniel Jeanmonod, Johannes Sarnthein",ds004117,1
"Pietro Aricò, Gianluca Borghini, Gianluca Di Flumeri, Alfredo Colosimo, Simone Pozzi, Fabio Babiloni","ds004117,nm000188",2
"Haitao Yu, Fanyi Zeng, Dongliang Liu, Jiang Wang, Jialin Liu",ds004117,1
"Elnaz Lashgari, Dehua Liang, Uri Maoz","ds004118,ds004120,ds004121,ds004122,ds004123,nm000172",6
"Rifai Chai, Sai Ho Ling, Phyo Phyo San, Ganesh R. Naik, Tuan Nghia Nguyen, Yvonne Tran, Ashley Craig, Hung T. Nguyen","ds004118,ds004120,ds004121,ds004122,ds004123",5
"Anne-Marie Brouwer, Thorsten O. Zander, Jan B. F. van Erp, Johannes E. Korteling, Adelbert W. Bronkhorst","ds004118,ds004121,ds004123",3
"Zijing Mao, Wan X. Yao, Yufei Huang","ds004118,ds004120,ds004121,ds004122,ds004123",5
"Chao He, Jialu Liu, Yuesheng Zhu, Wencai Du","ds004118,ds004120,ds004121,ds004122,ds004123,nm000135",6
"Swati Rajwal, Swati Aggarwal","ds004118,ds004120,ds004121,ds004122,ds004123",5
"Ana Matran‐Fernandez, Riccardo Poli","ds004118,ds004120,ds004121,ds004122,ds004123",5
"Jon Touryan, Brent J. Lance, Scott E. Kerick, Anthony J. Ries, Kaleb McDowell","ds004118,ds004120,ds004121,ds004122,ds004123",5
"Ricardo Chavarriaga, Marija Ušćumlić, Huaijian Zhang, Zahra Khaliliardali, Ruslan Aydarkhanov, Sareh Saeedi, Lucian Gheorghe, José del R. Millán","ds004118,ds004120,ds004121,ds004122,ds004123",5
"Amelia J. Solon, Vernon J. Lawhern, Jonathan Touryan, Jonathan R. McDaniel, Anthony J. Ries, Stephen M. Gordon","ds004118,ds004120,ds004121,ds004122,ds004123",5
"Mehdi Hajinoroozi, Zijing Mao, Yuan‐Pin Lin, Yufei Huang","ds004118,ds004120,ds004121,ds004122,ds004123",5
"Tarik Bin Shams, Md. Sakir Hossain, Md. Firoz Mahmud, Md. Shahariar Tehjib, Zahid Hossain, Md Ileas Pramanik","ds004118,ds004120,ds004121,ds004122,ds004123",5
"Holly Wilson, Xi Chen, Mohammad Golbabaee, Michael J. Proulx, Eamonn O’Neill","ds004118,ds004120,ds004121,ds004122,ds004123",5
"Georgios Ν. Dimitrakopoulos, Iοannis Kakkos, Nitish V. Thakor, Anastasios Bezerianos, Yu Sun","ds004118,ds004120,ds004121,ds004122,ds004123",5
"Jingxia Chen, Zijing Mao, Ru Zheng, Yufei Huang, Lifeng He","ds004118,ds004120,ds004121,ds004122,ds004123",5
"Xuejian Kang, Wonchul Kim, Moon Namgung","ds004118,ds004120,ds004121,ds004122,ds004123",5
"Yuriy Mishchenko, Murat Kaya","ds004118,ds004120,ds004121,ds004122,ds004123",5
"Macie Ware, Jing Feng, Chang S. Nam","ds004118,ds004120,ds004121,ds004122,ds004123",5
"Xianyin Hu, Shinji Nakatsuru, Yuki Ban, Rui Fukui, Shin’ichi Warisawa","ds004118,ds004120,ds004121,ds004122,ds004123",5
"Zhongze Hu, Yu Sun, Julian Lim, Nitish V. Thakor, Anastasios Bezerianos","ds004118,ds004120,ds004121,ds004122,ds004123",5
Furkan BALCI,"ds004118,ds004120,ds004121,ds004122,ds004123",5
"Murat Kaya, Çiğdem İnan Acı, Yuriy Mishchenko","ds004118,ds004120,ds004121,ds004122,ds004123",5
"Jiaxin Li, Shuai Huang, Ji-Eun Kim","ds004118,ds004120,ds004121,ds004122,ds004123",5
"Liu Yang, Wei Guan, Rui Ma, Xiaomeng Li","ds004118,ds004120,ds004121,ds004122,ds004123",5
"Annemarie Wolff, Javier Gómez‐Pilar, Takashi Nakao, Georg Northoff","ds004118,ds004120,ds004121,ds004122,ds004123",5
"Javier O. Garcia, Justin Brooks, Scott E. Kerick, Tony Johnson, Tim Mullen, Jean M. Vettel","ds004118,ds004120,ds004121,ds004122,ds004123",5
"Emma P. Shaw, Jeremy C. Rietschel, Brad D. Hendershot, Alison L. Pruziner, Erik Wolf, Christopher L. Dearth, Matthew W. Miller, Bradley D. Hatfield, Rodolphe J. Gentili","ds004118,ds004120,ds004121,ds004122,ds004123",5
"Giovanni Vecchiato, Maria Del Vecchio, Jonas Ambeck-Madsen, Luca Ascari, Pietro Avanzini","ds004118,ds004120",2
"Asieh Daneshi, Farzad Towhidkhah, Jocelyn Faubert","ds004118,ds004120,ds004121,ds004122,ds004123",5
"Ben Gabrielson, M. A. B. S. Akhonda, Suchita Bhinge, Justin Brooks, Qunfang Long, Tülay Adalı","ds004118,ds004120",2
"Antonio Luque‐Casado, Luis Ciria Perez, Daniel Sanabria, Pandelis Perakakis","ds004118,ds004120,ds004121,ds004122,ds004123",5
"N. Pawar, N. Velaga","ds004118,ds004120,ds004121,ds004122,ds004123",5
"Justin Brooks, S. Kerick","ds004118,ds004120,ds004121,ds004122,ds004123",5
"Justin Brooks, Antony D. Passaro, S. Kerick, J. Garcia, P. Franaszczuk, J. Vettel","ds004118,ds004120,ds004121,ds004122,ds004123",5
"W. D. Hairston, Vernon J. Lawhern","ds004118,ds004120,ds004121,ds004122,ds004123",5
"Yuting Liu, Nikhil R. Pal, Amar R. Marathe, Yu–Kai Wang, Chin‐Teng Lin","ds004120,ds004121,ds004123",3
Jan B. F. van Erp,"ds004120,ds004121,ds004122,ds004123",4
Annemarie Wolff,"ds004120,ds004121,ds004122,ds004123",4
"Member Ieee Venkateswarlu Gonuguntla, G. S. M. I. A Adebisi, S. M. I. Kalyana C. Veluvolu","ds004120,ds004123",2
"Kyriaki Kostoglou, Andrew Donald Robertson, B. MacIntosh, G. Mitsis",ds004121,1
"Justin Brooks, David Slayback, Benjamin Shih, Amar R. Marathe, Vernon J. Lawhern, Brent J. Lance",ds004122,1
"Yan Yan, Laurence T. Hunt, Cameron D. Hassall",ds004147,1
"Abigail Oloriz, C. Hassall",ds004147,1
"Ling-ling Wang, Jiao Wang, Bing-hui Liu, Donghao Tuo, S. Lui, Wei Wan, Jia Huang, Raymond C. K. Chan",ds004147,1
"Siyu Di, Chao Ma, Xiaoguang Wu, Liang Lei",ds004151,1
"Jia-Li Xu, Jia-Ping Gu, Liyan Wang, Qianru Zhu, Ningning You, Jie Li, Jie Li, Junping Shi",ds004151,1
"Yaohui Shi, Haibo Yu, Siyu Di, Chao Ma",ds004151,1
"Shu‐Shih Hsieh, Lauren B. Raine, Francisco B. Ortega, Charles H. Hillman",ds004151,1
"Whitney Allen, Kaylie A. Carbine, Colter K. Clayton, James D. LeCheminant, Michael J. Larson",ds004151,1
"Jun Lian, Jiaqi Guo, Xu Dai, Xia Deng, Yong Liu, Jia Zhao, Xu Lei",ds004151,1
"Graciela C. Alatorre-Cruz, Heather Downs, Darcy Hagood, Seth T. Sorensen, David Williams, Linda Larson‐Prior",ds004151,1
"Julian Vöhringer, Philipp A. Schroeder, Mandy Hütter, Jennifer Svaldi",ds004151,1
"Fumiko Nakajima, Koyuki Ikarashi, Koya Yamashiro, Genta Ochi, Tomomi Fujimoto, Daisuke Sato",ds004151,1
"Rongkai Zhang, Ying Zeng, Li Tong, Bin Yan",ds004151,1
"Jinfeng Han, Kaixiang Zhuang, Ximei Chen, Mingyue Xiao, Yong Liu, Shiqing Song, Xiao Gao, Hong Chen",ds004151,1
"Zihan Xu, Yuchan Xu, Junyao Han, Lechang Sun, Junwei Lian, Zhifang Li, Yong Liu, Jia Zhao",ds004151,1
"Chao Ma, Xiaoguang Wu, Siyu Di, Liang Lei",ds004151,1
"Mechteld M. van den Hoek Ostende, Anne Kühnel, Monja P. Neuser, Thomas Dresler, Jennifer Svaldi, Nils B. Kroemer",ds004151,1
"Dylan Gilbreath, Adam Andrews, Darcy Hagood, Aline Andres, Linda Larson‐Prior",ds004151,1
"Yuqin Li, Qian Yang, Yuxin Liu, Yutong Zheng, J. Li, Chunli Chen, Baodan Chen, Dezhong Yao, Liang Yu, Peng Xu, Fali Li, Yi Liang",ds004151,1
"Yu Wang, Xiaoni Wang, Lianchi Huang, Yihang Feng, Qi Pan, Bin Wen, Qiumin Qu, Jin Xu",ds004151,1
"Emiel Roefs, Wouter Schellekens, Mario Gilberto Báez‐Yáñez, Alex A. Bhogal, Iris I. A. Groen, Matthias J.P. van Osch, Jeroen C.W. Siero, Natalia Petridou",ds004194,1
"Tijl Grootswagers, Amanda K. Robinson, Sophia M. Shatek, Thomas A. Carlson","ds004194,on004018",2
"Nanlin Shi, Yining Miao, Changxing Huang, Xiang Li, Yonghao Song, Xiaogang Chen, Yijun Wang, Xiaorong Gao","ds004194,nm000126",2
"Tatiana Malevich, Tong Zhang, Matthias P. Baumann, Amarender R. Bogadhi, Ziad M. Hafed",ds004194,1
"Amber Marijn Brands, Sasha Devore, Orrin Devinsky, Werner Doyle, Adeen Flinker, Daniel Friedman, Patricia Dugan, Jonathan Winawer, Iris I. A. Groen",ds004194,1
"Insub Kim, Eline R. Kupers, Garikoitz Lerma‐Usabiaga, Kalanit Grill‐Spector",ds004194,1
"Yining Miao, Nanlin Shi, Changxing Huang, Yonghao Song, Xiaogang Chen, Yijun Wang, Xiaorong Gao",ds004194,1
"Hong Li, Geraldine Rodríguez‐Nieto, Sima Chalavi, Caroline Seer, Mark E. Mikkelsen, Richard A.E. Edden, Stephan P. Swinnen",ds004194,1
"Eline R. Kupers, Insub Kim, Kalanit Grill‐Spector",ds004194,1
"Stijn A. Nuiten, Jan Willem de Gee, Jasper B. Zantvoord, Johannes J. Fahrenfort, Simon van Gaal",ds004194,1
"Carlyn Patterson Gentile, Manuel Spitschan, Huseyin O. Taskin, Andrew R. Bock, Geoffrey K. Aguirre",ds004194,1
"Christina Sartzetaki, Gemma Roig, Cees G. M. Snoek, Iris I. A. Groen",ds004194,1
"Alex R. Wade, Daniel H. Baker",ds004194,1
"Richard Schweitzer, Thomas Seel, Jörg Raisch, Martin Rolfs",ds004194,1
"Angus F. Chapman, Rachel N. Denison",ds004194,1
"Yael Goldstein‐Marcusohn, Rahaf Asaad, Leen Asaad, Erez Freud",ds004194,1
"Spencer C. Chen, Yuzhi Chen, Wilson S. Geisler, Eyal Seidemann",ds004194,1
"Busra Tugce Gurbuz, Hüseyin Boyacı",ds004194,1
"Jingyang Zhou, Matt Whitmire, Yuzhi Chen, Eyal Seidemann",ds004194,1
"Michael L. Epstein, Sophie Kovacevich, Rachel N. Denison",ds004194,1
"Jackson Rozells, Jeffrey P. Gavornik",ds004194,1
"René Skukies, Judith Schepers, Benedikt Ehinger",ds004194,1
"Tyler Mari, H. H. Ali, Lucrezia Pacinotti, Sarah Powsey, Nicholas Fallon",ds004194,1
"Heather L. Cihak, Zachary P. Kilpatrick",ds004194,1
"Thomas Matthew Biba, Alexandra Decker, Björn Herrmann, Keisuke Fukuda, Chaim N. Katz, Taufik A. Valiante, Katherine Duncan",ds004194,1
"Chang-Yeong Han, Seonggyu Choe, Eun Cho, Hyosun Kim, Oh‐Sang Kwon",ds004194,1
"Wenyu Wan, K. Richard Ridderinkhof, Arko Ghosh",ds004194,1
"Pierfrancesco Ambrosi, David C. Burr, Maria Concetta Morrone",ds004194,1
"Amber Marijn Brands, Zilan Oz, Nikolina Vukšić, Paulo Ortiz, Iris I. A. Groen","ds004194,on004018",2
"E Brenner, Sem Bom, Jeroen B. J. Smeets",ds004194,1
"Richard Foster, Connor P. Delaney, Dean J. Krusienski, Cheng Ly",ds004194,1
"Robin Gutzen, Grace W. Lindsay",ds004194,1
"Amber Marijn Brands, Paulo Ortiz, Iris I. A. Groen",ds004194,1
"Xi Wang, Tong Liu, Changwu Tan, Yutong Song, Longqian Liu, Alexandre Reynaud",ds004194,1
"Ljubica Jovanović, Pascal Jacques Avedis Mamassian",ds004194,1
Alexandre Reynaud,ds004194,1
Talis Bachmann,ds004194,1
"Ilona M. Bloem, Luhe Li, Stephanie Badde, Iris I.A. Groen, Wouter Schellekens, Nick ramsey, Adeen Flinker, Orrin Devinsky, Sasha Devore, Werner Doyle, Patricia Dugan, Daniel Friedman, Natalia Petridou, Michael S. Landy, Jonathan Winawer",ds004194,1
"Zeeshan Qadir, Harvey Huang, Müge Özker, Daniel Yoshor, Michael S. Beauchamp, Kendrick Kay, Dora Hermes",ds004194,1
"Katharina Eickhoff, Arjan Hillebrand, Tomas Knapen, Maartje C. de Jong, Serge O. Dumoulin",ds004194,1
"Zvi N. Roth, Elisha P. Merriam, Tomas Knapen",ds004194,1
"Xiaofang Yang, Ian C. Fiebelkorn, Ole Jensen, Robert T. Knight, Sabine Kästner",ds004194,1
"Çağdaş Güdücü, Zehra Ülgen, Güliz Akın Öztürk",ds004194,1
"Christopher W. Turner, Aleksandra Vučković, Gemma Learmonth, Alessio Fracasso",ds004194,1
"Christina Sartzetaki, Anne W. Zonneveld, P. Oyarzo, A. T. Gifford, R. Cichy, Pascal Mettes, I. Groen",ds004194,1
"Amber Marijn Brands, Georg Lange, Iris I. A. Groen",ds004194,1
"Xirenayi Zhuoruo, Yike Li, Yiting Sun, Chongyang Mu, Hong-Cun Sun, Tao Jiang, Chunyang Wang, Ning Wang, Xiuming Jin",ds004194,1
"Alexis N. Bosseler, Andrew N. Meltzoff, Steven M. Bierer, Elizabeth Huber, Julia C. Mizrahi, Eric B. Larson, Yaara Endevelt–Shapira, Samu Taulu, Patricia K. Kuhl",ds004229,1
"Maggie Clarke, Alexis N. Bosseler, Julia C. Mizrahi, Erica R. Peterson, Eric B. Larson, Andrew N. Meltzoff, Patricia K. Kuhl, Samu Taulu",ds004229,1
"João Araújo, Benjamin D. Simons, Varghese Peter, Kanad Mandke, Marina Kalashnikova, Annabel Macfarlane, Fiona Gabrielczyk, Angela Wilson, Giovanni M. Di Liberto, Denis Burnham, Usha Goswami",ds004229,1
"Maggie Clarke, Eric B. Larson, Erica R. Peterson, Daniel McCloy, Alexis N. Bosseler, Samu Taulu",ds004229,1
"Maria Mittag, Eric B. Larson, Samu Taulu, Maggie Clarke, Patricia K. Kuhl",ds004229,1
"Emma Suppanen, István Winkler, Teija Kujala, Sari Ylinen",ds004229,1
"Elena Capelli, Chiara Dondena, Maria Luisa Lorusso, Sara Mascheretti, Raffaella Pozzoli, Antonio Salandi, Massimo Molteni, Valentina Riva, Chiara Cantiani",ds004229,1
"Lijuan Zou, Zhichao Xia, Wei Zhang, Xianglin Zhang, Hua Shu",ds004229,1
"K. Jaisharma, N. Deepa, T Devi",ds004229,1
"Yunduan LI, Xiaofeng Ma, Yu HU",ds004229,1
"Kaiqian LI, Dandan Liang",ds004229,1
"Marina Kalashnikova, Denis Burnham, Usha Goswami",ds004229,1
"Silvia Ortiz‐Mantilla, Cynthia P. Roesler, Teresa Realpe-Bonilla, April A. Benasich",ds004229,1
"Raedeh Naghibosaddat, Hadi Hashemi Rezoni, Afshin Salehian",ds004229,1
Maria Clemencia Ortiz-Barajas,ds004229,1
"Konstantinos Drosos, Alexandra Papanicolaou, Chryssoula Thodi",ds004229,1
"Femke Vanden Bempt, Shauni Van Herck, Maria Economou, Jolijn Vanderauwera, Maaike Vandermosten, Jan Wouters, Pol Ghesquière",ds004229,1
"Nikolay Taran, Rotem Gatenyo, Emmanuelle Hadjadj, Rola Farah, Tzipi Horowitz‐Kraus",ds004229,1
"Tabassum Gull Jan, Sajad Mohammad Khan, Sajid Yousuf Bhat, Zaid Ahmad Wani, Syed Immamul Ansarullah, Sami Alshmrany, Muhammad Salim Khan",ds004229,1
"Irzam Hardiansyah, Giorgia Bussu, Sven Bölte, Emily J. H. Jones, Terje Falck‐Ytter",ds004229,1
"Anastasia Klimovich-Gray, Mirjana Božić, Nicola Molinaro, Marie Lallier",ds004229,1
"Abeer Al-Nafjan, Manar Hosny, Yousef Al-Ohali, Areej Al‐Wabil",ds004347,1
"Gernot Gerger, Helmut Leder, Alexandra Kremer",ds004347,1
"Marco Bertamini, A. Makin, Letizia Palumbo, Giulia Rampone, D. Wright",ds004347,1
"Marco Bertamini, Juha Silvanto, Anthony M. Norcia, Alexis D. J. Makin, Johan Wagemans",ds004347,1
"Fu Guo, Qing‐Xing Qu, Mitsuo Nagamachi, Vincent G. Duffy",ds004347,1
"Fu Guo, Mingming Li, Mingcai Hu, Fengxiang Li, Bozhao Lin",ds004347,1
"Alexis D. J. Makin, Damien Wright, Giulia Rampone, Letizia Palumbo, Martin Guest, Rhiannon Sheehan, Helen Cleaver, Marco Bertamini",ds004347,1
"Marco Bertamini, Alexis D. J. Makin, Giulia Rampone",ds004347,1
"Alexis D. J. Makin, Giulia Rampone, Anna Pecchinenda, Marco Bertamini",ds004347,1
"Andreas Gartus, Helmut Leder",ds004347,1
"Anna Pecchinenda, Marco Bertamini, Alexis D. J. Makin, Nicole Ruta",ds004347,1
"Alexis D. J. Makin, Giulia Rampone, Andrew Wright, Jasna Martinović, Marco Bertamini",ds004347,1
"Alexis D. J. Makin, Giulia Rampone, Marco Bertamini",ds004347,1
"Letizia Palumbo, Marco Bertamini, Alexis D. J. Makin",ds004347,1
"Yi Huang, Xiaodi Xue, Elizabeth S. Spelke, Lijie Huang, Wenwen Zheng, Kaiping Peng",ds004347,1
Zaira Cattaneo,ds004347,1
"Alexis D. J. Makin, Giulia Rampone, Amie Morris, Marco Bertamini",ds004347,1
"Martin Skov, Marcos Nadal",ds004347,1
"Damien Wright, Alexis D. J. Makin, Marco Bertamini",ds004347,1
"Peter J. Kohler, Benoit R. Cottereau, Anthony M. Norcia",ds004347,1
"Tim C. Kietzmann, Anna L. Gert, Frank Tong, Peter König",ds004347,1
"Cordelia Mühlenbeck, Katja Liebal, Carla Pritsch, Thomas Jacobsen",ds004347,1
"Giulia Rampone, Alexis D. J. Makin, K. Semir Tatlidil, Marco Bertamini",ds004347,1
"Jasna Martinović, Ben J. Jennings, Alexis D. J. Makin, Marco Bertamini, Ilinca Angelescu",ds004347,1
"Alexis D. J. Makin, Mai Helmy, Marco Bertamini",ds004347,1
"Giulia Rampone, Alexis D. J. Makin, Marco Bertamini",ds004347,1
"Marco Bertamini, Alexis D. J. Makin, Anna Pecchinenda",ds004347,1
"Alexis D. J. Makin, John Tyson‐Carr, Giulia Rampone, Yiovanna Derpsch, Damien Wright, Marco Bertamini",ds004347,1
"Marco Bertamini, Giulia Rampone, Jennifer Oulton, K. Semir Tatlidil, Alexis D. J. Makin",ds004347,1
"Alexis D. J. Makin, Marco Roccato, Elena Karakashevska, John Tyson‐Carr, Marco Bertamini",ds004347,1
"Zaira Cattaneo, Silvia Bona, Corinna M. Bauer, Juha Silvanto, Andrew M. Herbert, Tomaso Vecchi, Lotfi B. Merabet",ds004347,1
François Lemarchand,ds004347,1
"Giulia Rampone, Alexis D. J. Makin",ds004347,1
"Zaira Cattaneo, Silvia Bona, Juha Silvanto",ds004347,1
"Thomas Jacobsen, Stina Klein, Andreas Löw",ds004347,1
"Marco Bertamini, John Tyson‐Carr, Alexis D. J. Makin",ds004347,1
"Peter J. Kohler, Alasdair D. F. Clarke",ds004347,1
"Rebecca Kehlbeck, Jochen Görtler, Yunhai Wang, Oliver Deußen",ds004347,1
"Alexis D. J. Makin, Giulia Rampone, Elena Karakashevska, Marco Bertamini",ds004347,1
"Tadamasa Sawada, Maddex Farshchi",ds004347,1
"Jonathan C. Flavell, Steven P. Tipper, Harriet Over",ds004347,1
"Alexis D. J. Makin, John Tyson‐Carr, Yiovanna Derpsch, Giulia Rampone, Marco Bertamini",ds004347,1
"Marco Bertamini, Giulia Rampone, John Tyson‐Carr, Alexis D. J. Makin",ds004347,1
"Tadamasa Sawada, Qasim Zaidi",ds004347,1
"Zaira Cattaneo, Silvia Bona, Maura Monegato, Alfredo Pece, Tomaso Vecchi, Andrew M. Herbert, Lotfi B. Merabet",ds004347,1
"John Tyson‐Carr, Marco Bertamini, Giulia Rampone, Alexis D. J. Makin",ds004347,1
"Monika Ratajczak, Mariusz Ptak, Artur Kwiatkowski, Konrad Kubicki, Fábio A. O. Fernandes, Johannes Wilhelm, Mateusz Dymek, Marek Sawicki, S. Żółkiewski",ds004347,1
"Alexis D. J. Makin, Ned Buckley, E. P. Austin, Marco Bertamini",ds004347,1
"Giulia Rampone, Noreen O’ Sullivan, Marco Bertamini",ds004347,1
"Ruth Ogden, Alexis D. J. Makin, Letizia Palumbo, Marco Bertamini",ds004347,1
"Giulia Rampone, Alexis D. J. Makin, John Tyson‐Carr, Marco Bertamini",ds004347,1
"Elena Karakashevska, Giulia Rampone, John Tyson‐Carr, Alexis D. J. Makin, Marco Bertamini",ds004347,1
Jay Friedenberg,ds004347,1
"Zaira Cattaneo, Silvia Bona, Andrea Ciricugno, Juha Silvanto",ds004347,1
"Anirban Chowdhury, Prasun Chakraborty",ds004347,1
Michael B. Lewis,ds004347,1
"Pavel Kozik, Laura G. Tateosian, C. Healey, J. Enns",ds004347,1
"Alexis D. J. Makin, Andrea Piovesan, John Tyson‐Carr, Giulia Rampone, Yiovanna Derpsch, Marco Bertamini",ds004347,1
"Benjamin Dering, Damien Wright, Elena Gheorghiu",ds004347,1
"Francisco E. Cabrera, Pablo Sánchez-Núñez, Gustavo Vaccaro, José Ignacio Peláez, Javier Escudero",ds004347,1
"Marco Bertamini, Giulia Rampone",ds004347,1
"Ben J. Jennings, Frederick A. A. Kingdom",ds004347,1
"Yiovanna Derpsch, John Tyson‐Carr, Giulia Rampone, Marco Bertamini, Alexis D. J. Makin",ds004347,1
"Alexis D. J. Makin, John Tyson‐Carr, Giulia Rampone, Amie Morris, Marco Bertamini",ds004347,1
"Trym A. E. Lindell, Janis Zickfeld, Rolf Reber",ds004347,1
"John Wilder, Morteza Rezanejad, Sven Dickinson, Kaleem Siddiqi, Allan Jepson, Dirk B. Walther",ds004347,1
Tadamasa Sawada,ds004347,1
"Giulia Rampone, Martyna Adam, Alexis D. J. Makin, John Tyson‐Carr, Marco Bertamini",ds004347,1
"Elena Karakashevska, Alexis D. J. Makin",ds004347,1
"Elena Karakashevska, Marco Bertamini, Alexis D. J. Makin",ds004347,1
"Claudia Muth, Sabine Albrecht, Claus‐Christian Carbon",ds004347,1
"Meng Wang, Fengxia Wu, Gert van Tonder, Qiong Wu, Yang Feng, Yiyang Yu, Jiajia Yang, Satoshi Takahashi, Yoshimichi Ejima, Jinglong Wu",ds004347,1
"John Tyson‐Carr, Marco Bertamini, Giulia Rampone, Andrew Jones, Alexis D. J. Makin",ds004347,1
"Alexis D. J. Makin, John Tyson‐Carr, Marco Bertamini, Yiovanna Derpsch, Giulia Rampone",ds004347,1
"Elena Karakashevska, Michael Batterley, Y.X. Chen J.S. Li J. Yao, Alexis D. J. Makin",ds004347,1
"Tadamasa Sawada, Zygmunt Pizlo",ds004347,1
"John Tyson‐Carr, Giulia Rampone, Elena Karakashevska, Yiovanna Derpsch, Marco Bertamini, Alexis D. J. Makin",ds004347,1
"Rachel Moreau, Nihan Alp, Alasdair D. F. Clarke, Erez Freud, Peter J. Kohler",ds004347,1
"Limin Hou, Guanghui Zhang, Xiawen Li, Dong Tang, Tiina Parviainen, Fengyu Cong, Tommi Kärkkäinen",ds004347,1
"Giulio Contemori, M Musa, Deniz Demirkapi, Martina Passaggi, Carolina Maria Oletto, Luca Battaglini, Marco Bertamini",ds004347,1
"Fangfu Lin, Song Wu, Yan Li, Wanni Xu",ds004347,1
"Jian Wang, Rong Cao, Song Xue",ds004347,1
"Marco Iosa, Maria Pia Lucia, Claudia Salera",ds004347,1
"Elena Karakashevska, Yiovanna Derpsch, Andrew Jones, Alexis D. J. Makin",ds004347,1
G. Galetta,ds004347,1
Valerie Dennehy,ds004347,1
"Roza Leikin, Hui‐Yu Hsu, Ilana Waisman, Chen-Yu Yao",ds004347,1
"Alessandro Benedetto, Roberto Arrighi, Elisa Castaldi",ds004347,1
"Huy Phan, Fernando Andreotti, Navin Cooray, Oliver Y. Chén, Maarten De Vos","ds004348,ds005207",2
Alexander J. Casson,ds004348,1
"Takashi Nakamura, Yousef D. Alqurashi, Mary J. Morrell, Danilo P. Mandic",ds004348,1
"Huy Phan, Kaare B. Mikkelsen","ds004348,ds005207",2
"Kaare B. Mikkelsen, Yousef R. Tabar, Simon L. Kappel, Christian Bech Christensen, Hans O. Toft, Martin Christian Hemmsen, Mike Lind Rank, Marit Otto, Preben Kidmose","ds004348,ds005207",2
"Chanavit Athavipach, Setha Pan-ngum, Pasin Israsena",ds004348,1
"Ståle Toften, Ståle Pallesen, Maria Hrozanova, Frode Moen, Janne Grønli",ds004348,1
"Shiran Shustak, Lilah Inzelberg, Stanislav Steinberg, David G. Rand, Moshe David Pur, Inbar Hillel, Shlomit Katzav, Firas Fahoum, Maarten De Vos, Anat Mirelman, Yael Hanein",ds004348,1
"Kaare B. Mikkelsen, James K. Ebajemito, María‐Ángeles Bonmatí‐Carrión, Nayantara Santhi, Victoria L. Revell, Giuseppe Atzori, Ciro della Monica, Stefan Debener, Derk‐Jan Dijk, Annette Sterr, Maarten De Vos","ds004348,ds005207",2
"Ju-Chun Hsieh, Yang Li, Huiqian Wang, Huiqian Wang, Matt Perz, Qiong Tang, Kai Wing Kevin Tang, Ilya Pyatnitskiy, Raymond Reyes, Hong Ding, Huiliang Wang, Huiliang Wang","ds004348,ds005207",2
"Tobias Röddiger, Christopher Clarke, Paula Breitling, Tim Schneegans, Hai-qiang Zhao, Hans-Werner Gellersen, M. Beigl",ds004348,1
"Kaare B. Mikkelsen, Maarten De Vos",ds004348,1
"Moonyoung Kwon, Sangjun Han, Kiwoong Kim, Sung Chan Jun",ds004348,1
"Dong‐Hwa Jeong, Jaeseung Jeong",ds004348,1
"Yousef R. Tabar, Kaare B. Mikkelsen, Mike Lind Rank, Martin Christian Hemmsen, Marit Otto, Preben Kidmose","ds004348,ds005207",2
"Netiwit Kaongoen, Jae-Hoon Choi, Sungho Jo",ds004348,1
"Huy Phan, Kaare Mikkelsen, Oliver Y Chén, Philipp Koch, Alfred Mertins, Preben Kidmose, Maarten De Vos","ds004348,ds005207",2
"Yousef R. Tabar, Kaare B. Mikkelsen, Nelly Shenton, Simon L. Kappel, Astrid Rands Bertelsen, Reza Nikbakht, Hans O. Toft, Chris H. Henriksen, Martin Christian Hemmsen, Mike Lind Rank, Marit Otto, Preben Kidmose",ds004348,1
"Colver Ken Howe Ne, Jameel Muzaffar, Aakash Amlani, Manohar Bance",ds004348,1
"Kaare B. Mikkelsen, Huy Phan, Mike Lind Rank, Martin Christian Hemmsen, Maarten De Vos, Preben Kidmose","ds004348,ds005207",2
"Isabelle Lambert, Laure Peter‐Derex",ds004348,1
"Manal Mohamed, Nourelhuda Mohamed, Jae Gwan Kim",ds004348,1
"Lachlan D Barnes, Kevin Lee, Andreas W. Kempa-Liehr, Luke E. Hallum",ds004348,1
"Carlos F. da Silva Souto, Wiebke Pätzold, Karen Insa Wolf, Marina Paul, Ida Matthiesen, Martin G. Bleichner, Stefan Debener","ds004348,ds005207",2
"Sirin W. Gangstad, Kaare B. Mikkelsen, Preben Kidmose, Yousef R. Tabar, Sigge Weisdorf, Maja Hedegaard Lauritzen, Martin Christian Hemmsen, Lars Kai Hansen, Troels W. Kjær, Jonas Duun‐Henriksen","ds004348,ds005207",2
"Ivan C. Zibrandtsen, Preben Kidmose, Troels W. Kjær",ds004348,1
"Yousef D. Alqurashi, Takashi Nakamura, Valentin Goverdovsky, James Moss, Michael I. Polkey, Danilo P. Mandic, Mary J. Morrell",ds004348,1
"Soo-In Choi, Chang Hee Han, Ga-Young Choi, Jaeyoung Shin, Kwang Soup Song, Chang‐Hwan Im, Han-Jeong Hwang",ds004348,1
"Chang Hee Han, Ga-Young Choi, Han‐Jeong Hwang",ds004348,1
"Xieling Chen, Xiaohui Tao, Fu Lee Wang, Haoran Xie",ds004348,1
"Navin Cooray, Fernando Andreotti, Christine Lo, Mkael Symmonds, Michele T.M. Hu, Maarten De Vos",ds004348,1
"Hongbian Li, Hyonyoung Shin, Luis Sentis, Ka‐Chun Siu, José del R. Millán, Nanshu Lu","ds004348,nm000168",2
"Akseli Leino, Henri Korkalainen, Laura Kalevo, Sami Nikkonen, Samu Kainulainen, Alexander Ryan, Brett Duce, Kirsi Sipilä, Jari Ahlberg, Johanna Sahlman, T A Miettinen, Susanna Westerén-Punnonen, Esa Mervaala, Juha Töyräs, Sami Myllymaa, Timo Leppänen, Katja Myllymaa","ds004348,ds005207",2
"Karmen Markov, Mohamed Elgendi, Carlo Menon","ds004348,ds005207",2
"Yousef R. Tabar, Kaare B. Mikkelsen, Mike Lind Rank, Martin Christian Hemmsen, Preben Kidmose","ds004348,ds005207",2
"Sofie Drevsholt Jørgensen, Ivan C. Zibrandtsen, Troels W. Kjær","ds004348,ds005207",2
"Philipp Ruhnau, Tino Zaehle",ds004348,1
"Metin Yarıcı, Mike Thornton, Danilo P. Mandic",ds004348,1
"Hongyu Liang, Yongxuan Wang, Honghui Li, Yuying Wang, Peter Liu, Rong Liu",ds004348,1
"Xiaoyan Wei, Tamir Avigdor, Alyssa Ho, Erica Minato, Alfonso Garcia‐Asensi, Jessica Royer, Yingqi Laetitia Wang, Vojtěch Trávníček, Katharina Schiller, Boris C. Bernhardt, Birgit Frauscher",ds004348,1
"Bing Zhai, Yu Guan, Michael Catt, Thomas Plötz",ds004348,1
"Troels W. Kjær, Mike Lind Rank, Martin Christian Hemmsen, Preben Kidmose, Kaare B. Mikkelsen","ds004348,ds005207",2
"Kaare B. Mikkelsen, Yousef R. Tabar, Hans O. Toft, Martin Christian Hemmsen, Mike Lind Rank, Preben Kidmose","ds004348,ds005207",2
"Jaap F. van der Aar, Daan van den Ende, Pedro Fonseca, Fokke van Meulen, Sebastiaan Overeem, Merel M. van Gilst, Elisabetta Peri",ds004348,1
"José Yesith Juez, Hanane Moumane, Mérie Nassar, Isabela Molina-Salcedo, Fredy Segura-Quijano, Mario Valderrama, Michel Le Van Quyen","ds004348,nm000142",2
"Hanane Moumane, Jérémy Pazuelo, Mérie Nassar, José Yesith Juez, Mario Valderrama, Michel Le Van Quyen",ds004348,1
"Tobias Röddiger, Christian Dinse, Michael Beigl",ds004348,1
"Astrid Rands Bertelsen, H. Bladt, Christian Bech Christensen, Simon L. Kappel, Hans O. Toft, Mike Lind Rank, Kaare B. Mikkelsen, Preben Kidmose",ds004348,1
"Xin Fang, Heng Li, Jie Ma, Xuejiao Xing, Zhibo Fu, Maxwell Fordjour Antwi‐Afari, Waleed Umer",ds004348,1
"Ghena Hammour, Harry J. Davies, Giuseppe Atzori, Ciro della Monica, Kiran K G Ravindran, Victoria L. Revell, Derk‐Jan Dijk, Danilo P. Mandic",ds004348,1
"Yuchen Xu, Abhinav Uppal, Min Suk Lee, Kuldeep Mahato, Brian L. Wuerstle, Muyang Lin, Omeed Djassemi, Tao Chen, Rui Lin, Akshay Paul, Soumil Jain, Florian Chapotot, Esra Tasali, Patrick P. Mercier, Sheng Xu, Joseph Wang, Gert Cauwenberghs",ds004348,1
"Sharon Keenan, Max Hirshkowitz",ds004348,1
"Kaare B. Mikkelsen, Simon L. Kappel, Martin Christian Hemmsen, Mike Lind Rank, Preben Kidmose","ds004348,ds005207",2
"Kaare B. Mikkelsen, Yousef R. Tabar, Preben Kidmose","ds004348,ds005207",2
"Jamie Lehnen, Pooja Venkatesh, Zhuoran Yao, Abdul Aziz, Phuc Nguyen, Jay Harvey, Sasha Alick-Lindstrom, Alex Doyle, Irina Podkorytova, Ghazala Perven, Ryan Hays, Rodrigo Zepeda, Rohit Das, Kan Ding",ds004348,1
"Sofie Drevsholt Jørgensen, Preben Kidmose, Kaare B. Mikkelsen, Maxine Blech, Martin Christian Hemmsen, Mike Lind Rank, Troels W. Kjær","ds004348,ds005207",2
"Kaare B. Mikkelsen, Yousef R. Tabar, Laura Birch, Simon L. Kappel, Christian Bech Christensen, Lars Dalskov Mosgaard, Marit Otto, Martin Christian Hemmsen, Mike Lind Rank, Preben Kidmose",ds004348,1
"Jérémy Pazuelo, José Yesith Juez, Hanane Moumane, Jan Pyrzowski, Liliana Mayor, Fredy Segura-Quijano, Mario Valderrama, Michel Le Van Quyen",ds004348,1
"Danny H. Zhang, Jeffrey Zhou, Joseph D. Wickens, Andrew G. Veale, Luke E. Hallum",ds004348,1
"Mithunjha Anandakumar, Jathurshan Pradeepkumar, Simon L. Kappel, Chamira U. S. Edussooriya, Anjula De Silva","ds004348,ds005207",2
"Yael Hanein, Anat Mirelman",ds004348,1
"Xiaodong Luo, Bin Zhou, Jilong Shi, G. Li, Yixia Zhu",ds004348,1
"Ghena Hammour, Giuseppe Atzori, Ciro della Monica, Kiran K G Ravindran, Victoria L. Revell, Derk‐Jan Dijk, Danilo P. Mandic",ds004348,1
"Elke Hestermann, Kristiaan Schreve, David Vandenheever",ds004348,1
"Chaehwa Yoo, Xiaofeng Liu, Fangxu Xing, Georges El Fakhri, Jonghye Woo, Je‐Won Kang",ds004348,1
"Daniel Filipe Borges, Joana Isabel Soares, Heloísa Silva, João Felgueiras, Carla Batista, Simão Ferreira, Nuno Rocha, Alberto Leal","ds004348,ds005207",2
"Gianpaolo Palo, Luigi Fiorillo, Giuliana Monachino, Michal Bechný, Michel Wälti, Elias Meier, Francesca Pentimalli Biscaretti di Ruffia, Mark Melnykowycz, Athina Tzovara, Valentina Agostini, Francesca Dalia Faraci","ds004348,ds005207",2
"Hongyu Liang, Rong Liu",ds004348,1
"Metin Yarici, Mike D. Thornton, Danilo P. Mandic",ds004348,1
"Jaiver Macea, Elisabeth R. M. Heremans, Renée Proost, Maarten De Vos, Wim Van Paesschen",ds004348,1
"Sunghan Lee, Ung Park, Suyeon Yun, Goeun Park, Sung Pil Cho, Kyung Min Kim, In Cheol Jeong",ds004348,1
"Hyunjin An, Eunkyu Oh, Yoo-Sung Kim, Seonho Kim, Dasom Park, Changhoon Oh","ds004348,nm000142",2
"Min Suk Lee, Zhaoyi Liu, Abhinav Uppal, Jia Song, Akshay Paul, Florian Chapotot, Esra Tasali, Yuchen Xu, Gert Cauwenberghs",ds004348,1
"Santosh Kumar Satapathy, D. Loganathan",ds004348,1
"Peter Olsen, Andreas Tind Damgaard, Nannapas Banluesombatkul, Kaare B. Mikkelsen","ds004348,ds005207",2
"Hongyu Liang, Yongxuan Wang, Le Yang, Mei‐Mei Wu, Dan Wang, Xiaohong Wang, Rong Liu","ds004348,ds005207",2
"Elizaveta Emelyanova, Anton Selskii",ds004348,1
"Nannapas Banluesombatkul, J. Strøm, Maria Louise Stage Olsen, Kübra Kılıç, Michael Sprehn, Mia Dyhr Thomsen, Martin Christian Hemmsen, Jonas Bloch Thorlund, Kaare B. Mikkelsen, Henrik Bjarke Vægter, Preben Kidmose",ds004348,1
"Xiao Fang, Tian Zhou, Duoduo Li, Michaela Vranic‐Peters, Nathan Semertzidis, Yanming Zhu, Jiajun Bu, Adam Haar Horowitz, Pattie Maes, Nathan W. Whitmore",ds004348,1
"Alvaro Fuentes Cabrera, Eva-Marie Gram-Kampmann, Simon L. Kappel, Line Sofie Remvig, Hans O. Toft, Rasmus Elsborg Madsen, Claus Bogh Juhl, Preben Kidmose, Mike Lind Rank",ds004348,1
"Elena Irurueta, Mariano Fernández-Corazza",ds004348,1
"Sharon Keenan, Oscar Carrillo",ds004348,1
"Alvaro Fuentes Cabrera, Simon L. Kappel, Line Sofie Remvig, Hans O. Toft, Rasmus Elsborg Madsen, Preben Kildmose, Mike Lind Rank",ds004348,1
"Jiongyao Ye, Pengfei Li",ds004348,1
"Chris Sandino, S. Lala, Geeling Chau, M. Ayoughi, Behrooz Mahasseni, Ellen L. Zippi, Ali Moin, Erdrin Azemi, Hanlin Goh",ds004348,1
"Andrea Ferlini, A. Balaji, Mathias Ciliberto, Alessandro Montanari",ds004348,1
"Qi Wang, Zhengyuan Zhang, Guanzhou Zhu, Yuxing Yao, Zilong Wang, Yiyan Wang, Yuxuan Fu, Yixuan Song, Dong Zhao, Huadong Ma",ds004348,1
"Joshua P. Kulasingham, Florine L. Bachmann, Kasper Eskelund, Martin Enqvist, Hamish Innes-Brown, Emina Alickovic",ds004356,1
"Melissa J. Polonenko, Ross K. Maddox","ds004356,ds005340,on006126",3
"Florine L. Bachmann, Joshua P. Kulasingham, Kasper Eskelund, Martin Enqvist, Emina Alickovic, Hamish Innes-Brown",ds004356,1
"Fotios Drakopoulos, Lloyd Pellatt, Shievanie Sabesan, Yiqing Xia, A. Fragner, Nicholas A. Lesica",ds004356,1
"Thomas J. Stoll, Nathan D. Vandjelovic, Melissa J. Polonenko, N Li, Adrian K. C. Lee, Ross K. Maddox","ds004356,ds005340,ds005408",3
"Joshua P. Kulasingham, Hamish Innes-Brown, Martin Enqvist, Emina Alickovic",ds004356,1
"Elena Bolt, Nathalie Giroud",ds004356,1
"Shan Tong, Ross K. Maddox","ds004356,ds005340",2
Zilong Xie,ds004356,1
"Fabian Schmidt, Lisa Reisinger, Patrick Neff, Ronny Hannemann, Timothée Masquelier, Nathan Weisz",ds004356,1
"Joshua P. Kulasingham, Hamish Innes-Brown, Martin Enqvist, Emina Aličković",ds004356,1
"Adèle Simon, Adrian N.L. Sahani, Maria Chait, Jennifer F. Linden",ds004356,1
"Shan Tong, Edmund C. Lalor, Ross K. Maddox",ds004356,1
"Melissa J. Polonenko, Benjamin R. Eisenreich","ds004356,ds005340,ds005408",3
"Zi Gao, Andrew J. Oxenham",ds004356,1
"Ravinderjit Singh, Hari Bharadwaj",ds004356,1
"Amanda K. Robinson, Tijl Grootswagers, Sophia M. Shatek, Marlene Behrmann, Thomas A. Carlson","ds004357,on004018",2
"Carla den Ouden, Máire Kashyap, Morgan Kikkawa, Daniel Feuerriegel",ds004357,1
"Leonhard Schreiner, Sebastian Sieghartsleitner, Matteo Rosa, Slobodan Tanackovic, Harald Pretl, Emma Colamarino, Christoph Guger",ds004357,1
"Violet J Chae, Tijl Grootswagers, Stefan Bode, Daniel Feuerriegel","ds004357,on004018",2
"Amanda K. Robinson, Greta Stuart, Sophia M. Shatek, Adrian Herbert, Jessica Taubert","ds004357,on004018",2
Hamid Karimi-Rouzbahani,ds004357,1
"Erin Goddard, Kathy T. Mullen",ds004357,1
"Hyowon Lee, Ning Jiang, Siby Samuel",ds004357,1
Willem B. Verwey,ds004357,1
"Ling Huang, Manuel Varlet, Tijl Grootswagers","ds004357,ds005106,ds006802,on004018",4
"D. Moerel, T. Grootswagers, Amanda K. Robinson, Patrick Engeler, A. Holcombe, Thomas A. Carlson","ds004357,ds004995",2
"Sebastian Sieghartsleitner, Leonhard Schreiner, Johannes Grünwald, Michael I. Jordan, Rossella Spataro, Josef Scharinger, Christoph Guger",ds004357,1
"Jan Kevin Schluesener, Malav Shah, Florian Sandhaeger, Markus Siegel",ds004357,1
"Tony Carricarte, Siying Xie, Johannes Singer, Robert Trampel, Laurentius Huber, Nikolaus Weiskopf, Tim C. Kietzmann, Nikolaus Weiskopf, Radoslaw Martin Cichy",ds004357,1
"Yongxiang Lian, Shihao Pan, Li Shi","ds004357,on004018",2
"Zihe Wei, Amanda K. Robinson, Alan J. Pegna, Jessica Taubert","ds004357,ds004995",2
"Alexis Kidder, Genevieve L. Quek, Tijl Grootswagers","ds004357,ds004816,ds004817,ds005106",4
"Almudena Ramírez-Haro, Denise Moerel, Genevieve L. Quek, Manuel Varlet, Tijl Grootswagers",ds004357,1
"Tahsin Reza, Ewan Jordan, Steven T. S. Luo, Kirtan Patel, Si Jie Tang, Matthias Niemeier",ds004357,1
"Yongxiang Lian, Yueyang Cang, Pingge Hu, Yuchen He, Li Shi","ds004357,on004018",2
"D. Moerel, Tijl Grootswagers","ds004357,ds004995",2
"Caoimhe Moran, Philippa A. Johnson, Hinze Hogendoorn, Ayelet N. Landau",ds004357,1
"J. Richard Toleikis, Christopher Pace, Faisal R. Jahangiri, Laura B. Hemmer, Sandra C. Toleikis",ds004381,1
"Vasileios Dimakopoulos, Marian C. Neidert, Johannes Sarnthein","ds004381,ds004944",2
"Hikaru Yokoyama, Naotsugu Kaneko, Noboru Usuda, Tatsuya Kato, Hui Ming Khoo, Ryohei Fukuma, Satoru Oshino, Naoki Tani, Haruhiko Kishima, Takufumi Yanagisawa, Kimitaka Nakazawa",ds004381,1
Evgenij A. Levin,ds004381,1
"G. Elliott Wimmer, Yunzhe Liu, Daniel McNamee, Raymond J. Dolan","ds002761,ds004398",2
"P. Hadar, Rina Zelmann, P. Salami, Sydney S. Cash, A. Paulk",ds004457,1
"Panagiotis Kerezoudis, Michael A. Jensen, Bryan T. Klassen, G. Worrell, Nick Gregg, N. Ince, Dora Hermes, K. J. Miller",ds004457,1
"Harvey Huang, K. Kay, Nicholas M. Gregg, G. Valencia, Myung-Ho In, C. Kapeller, Y. Shu, G. Worrell, Kai J. Miller, Dora Hermes",ds004457,1
"Austin Y. Feng, Daniel A. N. Barbosa, Austen B. Casey, Daniel Ryskamp Rijsketic, Juliana S. Salgado, Harvey Huang, Robert C. Malenka, Dora Hermes, Kai J. Miller, Casey H. Halpern, Boris D. Heifets",ds004457,1
"Takumi Mitsuhashi, Y. Iimura, Hiroharu Suzuki, T. Ueda, K. Nishioka, Kazuki Nomura, Madoka Nakajima, H. Sugano, Akihide Kondo",ds004457,1
"P. Isan, Samuel Deslauriers-Gauthier, Théodore Papadopoulo, Denys Fontaine, P. Filipiak, F. Almairac",ds004457,1
"Saleh Kalantari, Vidushi Tripathi, Julia Kan, James D. Rounds, Armin Mostafavi, Robin Stanley Snell, Jesús G. Cruz-Garza",ds004460,1
"Zakaria Djebbara, Ole B. Jensen, Francisco J. Parada, Klaus Gramann",ds004460,1
"Lei Ma, Peter J. Marshall, W. Geoffrey Wright",ds004460,1
"Marius Klug, T. Berg, Klaus Gramann",ds004460,1
"Lukas Gehrke, Pedro Lopes, Marius Klug, Sezen Akman, Klaus Gramann",ds004460,1
"K. Gramann, Ryan McKendrick, Carryl L. Baldwin, R. Roy, C. Jeunet, Ranjana K. Mehta, G. Vecchiato",ds004460,1
"Bingjie Cheng, Enru Lin, Anna Wunderlich, Klaus Gramann, Sara Irina Fabrikant",ds004460,1
"Aitana Grasso‐Cladera, Stefanella Costa‐Cordella, Alejandra Rossi, Nikolas Fabian Fuchs, Francisco J. Parada",ds004460,1
"Sein Jeung, Helena Cockx, Stefan Appelhoff, Timotheus Berg, Klaus Gramann, Sören Grothkopp, Elke Warmerdam, Clint Hansen, Robert Oostenveld, BIDS Maintainers, Stefan Appelhoff, Christopher J. Markiewicz, Taylor Salo, Rémi Gau, Ross Blair, Anthony Galassi, Eric Earl, Christine Rogers, Nell Hardcastle, Kimberly L. Ray, Julius Welzel",ds004460,1
"Martin Feick, Kora Persephone Regitz, Anthony Tang, Tobias Jungbluth, Maurice Rekrut, Antonio Krüger",ds004460,1
"Sein Jeung, Christopher Hilton, Timotheus Berg, Lukas Gehrke, Klaus Gramann",ds004460,1
"Ismael Palacios, Gwynne Mhuireach, Aitana Grasso‐Cladera, John F. Cryan, Francisco J. Parada",ds004460,1
"Stephen Ramanoël, Marion Durteste, Alexandre Delaux, Jean‐Baptiste de Saint Aubert, Angelo Arleo",ds004460,1
"Nils Harmening, Marius Klug, Klaus Gramann, Daniel Miklody",ds004460,1
"Zhanna Borodaeva, Sven Winkler, Jennifer Brade, Philipp Klimant, Georg Jahn",ds004460,1
"Benjamin Griffiths, Thomas Schreiner, J. Schaefer, Christian Vollmar, Elisabeth Kaufmann, Stefanie Quach, Jan Rémi, Soheyl Noachtar, Tobias Staudigl",ds004460,1
"Clément Naveilhan, Raphaël Zory, Klaus Gramann, Stephen Ramanoël",ds004460,1
"Zakaria Djebbara, Dylan Chau Huynh, Aleksandrs Koselevs, Yiru Chen, Lars Brorson Fich, Klaus Gramann",ds004460,1
Makoto Miyakoshi,ds004460,1
"Lydia Barnes, Matthew Davidson, David Alais",ds004460,1
"Clément Naveilhan, Alexandre Delaux, Marion Durteste, Jérôme Lebrun, Raphaël Zory, Angelo Arleo, Stephen Ramanoël",ds004460,1
"Victoria I. Nicholls, Alexandra Krugliak, Kyle Alsbury-Nealy, Klaus Gramann, Alex Clarke",ds004460,1
"Maud Saulay-Carret, Clément Naveilhan, Xavier Corveleyn, Stephen Ramanoël",ds004460,1
"Clément Naveilhan, Stephen Ramanoël",ds004460,1
"Lukas Gehrke, Klaus Gramann",ds004460,1
"Ju-Yi Huang, Otmar Bock, Clément Naveilhan, Stephen Ramanoël, Ronja Fassbender, Daniel Memmert, Oezguer A. Onur",ds004460,1
"Angela Mastropasqua, Gizem Vural, Paul C.J. Taylor",ds004460,1
"L. Gehrke, Leonie Terfurth, Klaus Gramann",ds004460,1
"Ανδρέας Μιλτιάδους, Emmanouil Gionanidis, Katerina D. Tzimourta, Νικόλαος Γιαννακέας, Alexandros T. Tzallas","ds004504,ds006036,nm000172",3
"Yonglin Chen, Huabin Wang, Dailei Zhang, Liping Zhang, Liang Tao","ds004504,ds006036",2
"Xiaowei Zheng, Bozhi Wang, Hao Liu, Wencan Wu, Jiamin Sun, Wei Fang, Rundong Jiang, Yajie Hu, Jin Cheng, Xin Wei, Steve Shyh-Ching Chen","ds004504,ds006036",2
"Nisreen Said Amer, Samir Brahim Belhaouari","ds004504,ds006036",2
"Pramod Kachare, Sandeep B. Sangle, Digambar Puri, Mousa Mohammed Khubrani, Ibrahim Al–Shourbaji","ds004504,ds006036",2
"Chowtapalle Anuraag Chetty, Harsha Bhardwaj, G. Pradeep Kumar, T Devanand, C. S. Aswin Sekhar, Tuba Aktürk, İlayda Kıyı, Görsev Yener, Bahar Güntekin, Justin Joseph, Chinnakkaruppan Adaikkan","ds004504,ds006036",2
"Pramod Kachare, Digambar Puri, Sandeep B. Sangle, Ibrahim Al–Shourbaji, Abdoh Jabbari, Raimund Kirner, Abdalla Alameen, Hazem Migdady, Laith Abualigah","ds004504,ds006036",2
"Zhuyong Wang, Anyang Liu, Jianshen Yu, Pengfei Wang, Yue-Wei Bi, Sha Xue, Jiajun Zhang, Hongbo Guo, Wangming Zhang","ds004504,ds006036",2
"Mehran Rostamikia, Yashar Sarbaz, Somayeh Makouei","ds004504,ds006036",2
"Kostas Stefanou, Katerina D. Tzimourta, Christos Bellos, Georgios S. Stergios, Konstantinos Markoglou, Emmanouil Gionanidis, Markos G. Tsipouras, Νικόλαος Γιαννακέας, Alexandros T. Tzallas, Ανδρέας Μιλτιάδους","ds004504,ds006036",2
"Tong Zhou, Xuhang Chen, Yanyan Shen, Martin Nieuwoudt, Chi‐Man Pun, Shuqiang Wang","ds004504,ds006036",2
"Huang Zheng, Han Xiao, Y Zhang, Haozhe Jia, Xing Ma, Yiqun Gan","ds004504,ds006036",2
"Souhaila Khalfallah, William Puech, Mehdi Tlija, Kais Bouallegue","ds004504,ds006036",2
"Digambar Puri, Jayanand P. Gawande, Jaswantsing L. Rajput, Sanjay L. Nalbalwar","ds004504,ds006036",2
"Digambar Puri, Pramod Kachare, Sanjay L. Nalbalwar","ds004504,ds006036",2
"Yuan Ma, Jeffrey Bland, Tsutomu Fujinami","ds004504,ds006036",2
"Shraddha Jain, Rajeev Srivastava","ds004504,ds006036",2
"Digambar Puri, Jayanand P. Gawande, Pramod Kachare, Ibrahim Al–Shourbaji","ds004504,ds006036",2
"Madhav R. Acharya, Ravinesh C. Deo, Prabal Datta Barua, Aruna Devi, Xiaohui Tao","ds004504,ds006036",2
"Ahmad Zandbagleh, Ανδρέας Μιλτιάδους, Saeid Sanei, Hamed Azami","ds004504,ds006036",2
"Huang Zheng, Xingliang Xiong, Xuejun Zhang","ds004504,ds006036",2
"Talifu Zikereya, Yu‐Chen Lin, Zhizhen Zhang, Ignacio Taguas, Kaixuan Shi, Chuanliang Han","ds004504,ds006036",2
"Rundong Jiang, Xiaowei Zheng, Jiamin Sun, Lei Chen, Guanghua Xu, Rui Zhang","ds004504,ds006036",2
Serap Aydın,"ds004504,ds006036",2
"Laura Falaschetti, Giorgio Biagetti, Michele Alessandrini, Claudio Turchetti, Simona Luzzi, Paolo Crippa","ds004504,ds006036",2
"B R Nayana, M Pavithra, S Chaitra, T N Bhuvana Mohini, Thompson Stephan, Vijay Mohan, Neha Agarwal","ds004504,ds006036",2
"Kassra Ghassemkhani, Kevin S. Saroka, Blake T. Dotta","ds004504,ds006036",2
"Jinwon Chang, Chul Hoon Chang","ds004504,ds006036",2
"Frnaz Akbar, Imran Taj, Syed Muhammad Usman, Ali Shariq Imran, Shehzad Khalid, Imran Ihsan, Ammara Ali, Amanullah Yasin","ds004504,ds006036",2
"Waqar Ali Khan, Muhammad Shahbaz Khan, Sultan Noman Qasem, Wad Ghaban, Faisal Saeed, Muhammad Fainan Hanif, Jawad Ahmad","ds004504,ds006036",2
"Wei Xiong, Jiangtong Li, Jie Li, Kun Zhu, Changjun Jiang","ds004504,ds006036,nm000109,nm000311",4
"Hamed Azami, Mina Mirjalili, Tarek K. Rajji, Chien‐Te Wu, Anne Humeau‐Heurtier, Tzyy‐Ping Jung, Chun-Shu Wei, Thanh-Tung Trinh, Yi‐Hung Liu","ds004504,ds006036",2
"Chayut Bunterngchit, Thanaphon Chearanai, Yuthachai Bunterngchit","ds004504,ds006036",2
"Aimilia Ntetska, Ανδρέας Μιλτιάδους, Markos G. Tsipouras, Katerina D. Tzimourta, Theodora Afrantou, Panagiotis Ioannidis, Dimitrios Tsalikakis, Konstantinos Sakkas, Emmanouil D. Oikonomou, Nikolaos Grigoriadis, Pantelis Angelidis, Νικόλαος Γιαννακέας, Alexandros T. Tzallas","ds004504,ds006036",2
"Cosmina-Mihaela Roșca, Adrian Stancu",ds004504,1
"Mario Versaci, Fabio La Foresta","ds004504,ds006036",2
"Xavier Mootoo, Alice Fours, Chinthaka Dinesh, Mohammad Ashkani, Adam Kiss, Mateusz Faltyn","ds004504,ds006036",2
"Xiaoli Yang, Zhipeng Fan, Zhenwei Li, Jiayi Zhou","ds004504,ds006036",2
"Vo Minh Tuan, Ali K. Ibrahim, Hanqi Zhuang","ds004504,ds006036",2
"Denghui Zhang, Chenxuan Zhu","ds004504,ds006036",2
"Zhishui You, Yuzhu Guo, Xiulei Zhang, Yifan Zhao","ds004504,ds006036,nm000137,nm000188",4
"Zhisheng Chen, Yingwei Zhang, Qizhen Lan, Tianyu Liu, Huacan Wang, Yi Ding, Ziyu Jia, Ronghao Chen, Kun Wang, Xin-qiu Zhou","ds004504,ds006036,nm000109",3
"Thawirasm Jungrungrueang, Sawrawit Chairat, Kasidach Rasitanon, Praopim Limsakul, Krit Charupanit","ds004504,ds006036",2
"Misako Sano, Yuko Nishiura, Izumi Morikawa, Aiko Hoshino, Junichi Uemura, Katsuyuki Iwatsuki, Hitoshi Hirata, Minoru Hoshiyama","ds004504,ds006036",2
"Marko Nedeljković, Pavle Pađin, Strahinja Nikolić","ds004504,ds006036",2
"Ahmed Roshdy, Samer Al Kork, Taha Beyrouthy, Amine Naït‐Ali","ds004504,ds006036",2
"Badr Mouazen, Ahmed Bendaouia, Omaima Bellakhdar, Khaoula Laghdaf, Aya Ennair, El Hassan Abdelwahed, Giovanni de Marco","ds004504,ds006036",2
"Anshu Devi, M. Madhavi Latha","ds004504,ds006036",2
"Stefan Schwerin, Srdjan Dragovic, Julian Ostertag, Duy-Minh Nguyen, Gerhard Schneider, Matthias Kreuzer","ds004504,ds006036",2
"Muhammad Umair, Muhammad Shahbaz Khan, Muhammad Fainan Hanif, Wad Ghaban, Ibtehal Nafea, Sultan Noman Qasem, Faisal Saeed","ds004504,ds006036",2
"Chun‐Hsiang Chuang, Kong-Yi Chang, Chih-Sheng Huang, Anne-Mei Bessas","ds004504,ds006036,nm000129",3
"Leif Simmatis, Emma E. Russo, Tayo Steininger, Haleigh Riddell, Evelyn Chen, Queenny Chiu, Michelle Lin, Donghun Oh, Porsha Taheri, Irene E. Harmsen, Nardin Samuel","ds004504,ds006036",2
"Yujian Liu, L. An, Haiqiang Yang, Shuzhi Sam Ge","ds004504,ds006036",2
"Avish Jha, Nevin Kuruvilla, Pramika Garg, Akila Victor","ds004504,ds006036",2
"Ali Azargoonjahromi, Hamide Nasiri, Fatemeh Abutalebian","ds004504,ds006036",2
"Prabal Datta Barua, Türker Tuncer, Mehmet Bayğın, Şengül Doğan, U. Rajendra Acharya","ds004504,ds006036",2
Quoc-Toan Nguyen,"ds004504,ds006036",2
"Wang Wan, Zhongze Gu, Chung‐Kang Peng, Xingran Cui","ds004504,ds006036",2
"Shyamal Y. Dharia, Qian Liu, Stephen D. Smith, Camilo E. Valderrama","ds004504,ds004796,ds006036",3
"Zhikang Chen, Yuejun Zhang, Ziyu Zhou, Lixun Wang, Huihong Zhang, Pengjun Wang, Jinyan Xu","ds004504,ds006036",2
"Amir Hossein Hachamnia, Ali Mehri, Maryam Jamaati","ds004504,ds006036",2
"Berke Cansız, Hamza Osman İlhan, Nizamettin Aydın, Görkem Serbes","ds004504,ds006036",2
"Shihao Yang, Xiying Huang, Danilo Bernardo, Jun-En Ding, A. Michael, Jingmei Yang, Patrick Kwan, Ashish Raj, Feng Liu","ds004504,ds004796,ds005048,ds006036",4
"Ehssan Aljanabi, İlker Türker","ds004504,ds006036",2
"Zakaria Alouani, Oussama El Gannour, Shawki Saleh, Abdeljalil El-Ibrahimi, Othmane Daanouni, Bouchaib Cherradi, Omar Bouattane","ds004504,ds006036",2
"Minghui Zhao, Hongxiang Gao, Xinzhao Qi, Haiyan Yin, Yulei Song, Yamei Bai, Jianqing Li, Lulu Zhao, Chengyu Liu","ds004504,ds006036",2
"Sungwoo Ahn, Evie Malaia, Leonid L. Rubchinsky","ds004504,ds006036",2
"Sandesh Kalambe, Mohan Karnati, Ayan Seal, Marek Penhaker, Ondřej Krejcar","ds004504,ds006036",2
"Siuly Siuly, Md. Nurul Ahad Tawhid, Yan Li, U. Rajendra Acharya, Muhammad Tariq Sadiq, Hua Wang","ds004504,ds006036",2
"Siwei Xie, Xiao Li, Haitao Huang, Dayang Chen, Haiman Guo, A. K. Jain","ds004504,ds006036",2
"Wali Hassan, Sheraz Khan, Abbas Sohrabpour","ds004504,ds006036",2
"Jovana Dobreva, Monika Simjanoska, Kostadin Mishev, Dimitar Trajanov, Igor Mishkovski","ds004504,ds006036",2
"Tjaša Mlinarič, Arne Van Den Kerchove, Zoe I. Barinaga, Marc M. Van Hulle","ds004504,ds006036",2
"Qingjie Xu, L. An, Haiqiang Yang, Keum‐Shik Hong","ds004504,ds006036",2
"Huiqing Hou, Jian Yu, Shencai Hao, Xirui Zhang, Dawei Zang","ds004504,ds006036",2
"Yuming Sun, Lufeng Feng, Baomin Xu, Shifan Jia, Duan Li, Wei Ni, Ziyu Jia","ds004504,ds006036",2
"Fatma Lati̇foğlu, Fırat Orhanbulucu, M. Murugappan, Sümeyye Nur Gürbüz, Burçin Çayır, Fatma Avcı","ds004504,ds006036",2
"Weitao Luo, Mohammed A. A. Al‐qaness, Yangfan Li, Jianguo Shen, Keqin Li","ds004504,ds006036",2
"Zhengliang Zhang, Yachen Wei, Xin Rao, Liyang Yu, Wen Sun, Ruixue Li, Xiaoshuai Zhang, Xiaodong Chen, Xingru Huang","ds004504,ds005048,ds006036",3
"S. Vinurajkumar, Yip K, K. Manikandan, S. Sathish","ds004504,ds006036",2
"Frnaz Akbar, Yazeed Alkhrijah, Syed Muhammad Usman, Shehzad Khalid, Imran Ihsan, Mohamad A. Alawad","ds004504,ds006036",2
"Arthur-Ervin Avrămiea, Marina Diachenko, Andrew Westbrook, Richard Hardstone, Huibert D. Mansvelder, Hilgo Bruining, Klaus Linkenkaer‐Hansen","ds004504,ds006036",2
"Hadis Biglari, Reza Boostani, Mehran Yazdi, Saeid Sanei","ds004504,ds006036",2
"Jungye Kim, Seungwoo Jeong, Jaehyun Jeon, Heung‐Il Suk","ds004504,ds006036",2
"Xiangdong He, Zhou Jiang, Xiaodong Wu, Hanmin Liu, Hua Luo",ds004504,1
"Chayut Bunterngchit, Laith H. Baniata, Abdur Rasool","ds004504,ds006036",2
"John‐Mary Vianney, Shailender Swaminathan, Jennifer Jane Newson, Dhanya Parameshwaran, Narayan Puthanmadam Subramaniyam, Swaeta Singha Roy, Revocatus L. Machunda, Achiwa Sapuli, Santanu Pramanik, John Victor Arun Kumar, Pramod Tiwari, G Nelson Mathews Mathuram, Laurent Boniface Bembeleza, Joyce Philemon Laiser, Winifrida Julius Luhwago, Theresia Maduka, John Olais Mollel, N.M. Mollel, Adella Aloys Mugizi, Isaac Lwaga Mwamakula, Raymond Edwin Rweyemamu, Upendo Firimini Samweli, James Isaac Simpito, Kelvin Ewald Shirima, Anand Anbalagan, Suresh Kumar Arumugam, Vinitha Dhanapal, Kanimozhi Gunasekaran, Neelu Kashyap, Dheeraj Kumar, Durgesh Pandey, Poonam R. Pandey, ArunKumar Panneerselvam, Sonam Rai, Porselvi Rajendran, Santhoshkumar Sekar, Oliazhagan Sivalingam, Prahalad Soni, Pushpkala Soni, Tara C. Thiagarajan","ds004504,ds004574,ds004579,ds004580,ds004584,ds006036",6
"Saba Aslam, Musarat Hussain, Xiaoli Li, Huijun Li, Hongyan Wu","ds004504,ds006036",2
"Tuan Vo, Ali K. Ibrahim, Hanqi Zhuang, Chiron Bang","ds004504,ds006036",2
"Majid Nour, Ümit Şentürk, Kemal Polat","ds004504,ds006036",2
"Ruilin Li, Minghui Hu, Ruobin Gao, Lipo Wang, Ponnuthurai Nagaratnam Suganthan, Olga Sourina","ds004504,ds006036",2
"Elnaz Vafaei, Mohammad Hosseini","ds004504,ds006036",2
"Khosro Rezaee, Min Zhu","ds004504,ds006036",2
"Maram Fahaad Almufareh, Samabia Tehsin, Mamoona Humayun, Sumaira Kausar","ds004504,ds006036",2
"Mohamadreza Khosravi, Hossein Parsaei, Khosro Rezaee, Mohammad Sadegh Helfroush","ds004504,ds006036",2
"Sagnik De, Prithwijit Mukherjee, Anisha Halder Roy","ds004504,ds006036",2
"Hakan Uyanık, Abdulkadir Sengur, Massimo Salvi, Ru‐San Tan, Jen Hong Tan, U. Rajendra Acharya","ds004504,ds006036,nm000311",3
"Federico Del Pup, Andrea Zanola, Louis Fabrice Tshimanga, Alessandra Bertoldo, Livio Finos, Manfredo Atzori","ds004504,ds006036",2
"Elena Sibilano, Domenico Buongiorno, Michael Lassi, Antonello Grippo, Valentina Bessi, Sandro Sorbi, Alberto Mazzoni, Vitoantonio Bevilacqua, Antonio Brunetti","ds004504,ds006036",2
"Madhav R. Acharya, Ravinesh C. Deo, Xiaohui Tao, Prabal Datta Barua, Aruna Devi, Anirudh Atmakuru, Ru‐San Tan","ds004504,ds006036",2
"Haodong Zhang, Hongqi Li","ds004504,ds006036",2
"Elias Mazrooei Rad, Sayyed Majid Mazinani, Seyyed Ali Zendehbad","ds004504,ds006036",2
"Revati M. Wahul, Sarita Ambadekar, Deepesh M. Dhanvijay, Mrinai M. Dhanvijay, Manisha A. Dudhedia, Varsha Gaikwad, Bhavana Kanawade, Jayshree R. Pansare, Balaji Bodkhe, S. H. Gawande","ds004504,ds006036",2
"A. Sundar Raj, C. Gunasundari, S. Senthilkumar, Selvaraju Sivamani","ds004504,ds006036",2
"Andrea Zanola, Louis Fabrice Tshimanga, Federico Del Pup, Marco Baiesi, Manfredo Atzori","ds004504,ds006036",2
"Shivani Ranjan, Ayush Tripathi, Harshal Shende, Robin Badal, Amit Kumar, Pramod Kumar Yadav, Deepak Joshi, Lalan Kumar","ds004504,ds006036",2
"Z. U. Rehman, Mohd., Khalid Awang, Ghulam Ali, Muhammad Faheem","ds004504,ds006036",2
"Sachin M. Elgandelwar, Vinayak K. Bairagi, Shridevi S. Vasekar, Aziz Nanthaamornphong, Priyanka Tupe-Waghmare","ds004504,ds006036",2
"Seul Kee Kim, Seul Kee Kim, Jung Bin Kim, Hayom Kim, Laehyun Kim, Sang Hee Kim, Sang Hee Kim","ds004504,ds006036",2
"Spogmay Yousafzai, Gul Zaman Khan, Sajad Ulhaq, Areebah, Muhammad Rabbi Butt","ds004504,ds006036",2
"Sonali Deshpande, Nilima Kulkarni","ds004504,ds006036",2
"Ανδρέας Μιλτιάδους, Vasileios Aspiotis, Dimitrios Peschos, Katerina D. Tzimourta, Al Husein Sami Abosaleh, Νικόλαος Γιαννακέας, Alexandros T. Tzallas","ds004504,ds006036",2
"Md. Nurul Ahad Tawhid, Siuly Siuly, Enamul Kabir, Yan Li","ds004504,ds006036",2
"Jinsha Liu, Boning Li, Takaharu Yamazaki, Jianting Cao","ds004504,ds006036",2
"Federico Del Pup, Riccardo Brun, Filippo Iotti, Edoardo Paccagnella, Mattia Pezzato, Sabrina Bertozzo, Andrea Zanola, Louis Fabrice Tshimanga, Henning Müller, Manfredo Atzori","ds004504,ds006036",2
"Melina Maria Afonso, Damodar Reddy Edla, Dharavath Ramesh","ds004504,ds006036",2
"Mohammad R. Khosravi, Hossein Parsaei, Mohammed Alghanim, Khosro Rezaee","ds004504,ds006036",2
"Ahlem Walha, Manel Ayadi, Tagrid Abdullah N. Alshalali, Oumaima Saidani, Leila Jamel, Nouf Abdullah Almujally, Amel Ksibi, Mohammed Zakariah","ds004504,ds006036",2
"Revathi Mohan, Rajesh Arunachalam, Neha Verma, Shital Mali","ds004504,ds006036",2
"Prabu Selvam, C. Gunasundari, M. Tamilselvi, Pinjari Haneef, T. Suresh, R. Jini","ds004504,ds006036",2
"Cong Thuan, Anh Nam Le, Văn Đức Nguyễn, Trinh Van Chien","ds004504,ds006036",2
"Dogeun Park, Ho-Jung Kim, Young-Gi Ju, Keun-Tae Kim, Dong-Ok Wont","ds004504,ds006036",2
"Koteeswaran Seerangan, Malarvizhi Nandagopal, Resmi R Nair, Sakthivel Periyasamy, Rutvij H. Jhaveri, Balamurugan Balusamy, Shitharth Selvarajan","ds004504,ds006036",2
"Xiabin Zhang, Zhongyi Hu, Lei Xiao, Hui Huang","ds004504,ds006036",2
"Jun-En Ding, Anna Zilverstand, Shihao Yang, Albert Chih-Chieh Yang, Feng Liu","ds004504,ds006036",2
"Yeliz Şenkaya, Ç. Kurnaz, Ferdi Ozbilgin","ds004504,ds006036",2
"Jianghao Qian, Teck Lun Goh, Bin Xie, Chengyao Zhu, Biao Wan, Yawen Guan, Rachel Ding Chen, P. Chiang","ds004504,ds006036",2
"D. Kavitha, A. Murugan","ds004504,ds006036",2
"Ruofan Wang, Haojie Xu, Donghui Yi, Changzhi Song","ds004504,ds006036",2
"Tahoura Morovati, Hamed Vaezi, Sepehr Karimi, Mufti Mahmud, Mark Crook‐Rumsey, Nadja Heym, David J. Brown, Alexander Sumich","ds004504,ds006036",2
"Alaa Hussein Abdulaal, Morteza Valizadeh, Mehdi Chehel Amirani","ds004504,ds006036",2
"Ailar Mahdizadeh, Puria Azadi Moghadam, Shahriar Mirabbasi, Panos Nasiopoulos","ds004504,ds006036",2
"Sorawich Angthong, Thanate Angsuwatanakul, Ekkapon Phairot, Meena Bunyasuwan, Jedsada Khieukhajee, Thapanee Khemanuwong","ds004504,ds006036",2
"Adrià Solana, Erik Fransén, Gonzalo Uribarri","ds004504,ds006036",2
"Ronen Taub, Yonatan Savir","ds004504,ds006036",2
"Hwa-Yeon Lee, Minkyung Jung, Choel-Hui Lee, Hakseung Kim, Dong‐Joo Kim","ds004504,ds006036",2
Wanus Srimaharaj,"ds004504,ds006036",2
"Quoc Anh Le, Hong Thinh Nguyen","ds004504,ds006036",2
"Zhizun Zeng, Qiuyuan Gan, Zhengkang ZUO Lei YAN, Wei Zhang","ds004504,ds006036",2
"Jacopo Burger, Vittorio Cuculo, Alessandro D’Amelio, Giuliano Grossi, Raffaella Lanzarotti","ds004504,ds006036",2
Katerina D. Tzimourta,"ds004504,ds006036",2
"Mingkan Shen, Peng Wen, Bo Song, Yan Li","ds004504,ds006036",2
"Mahfuza Rifat, Nusrat Jahan, Tanha Taranum, Muhammad Nazrul Islam, Faiz Al Faisal",ds004504,1
"Łukasz Rydzik, Wojciech Wąsacz, Tadeusz Ambroży, Norollah Javdaneh, Karolina Brydak, Marta Kopańska",ds004505,1
"Colton B. Gonsisko, Daniel P. Ferris, Ryan J. Downey",ds004505,1
"Chang Liu, Ryan J. Downey, Yiru Mu, Natalie Richer, Jungyun Hwang, Valay A. Shah, Sumire Sato, David J. Clark, Chris J. Hass, Todd M. Manini, Rachael D. Seidler, Daniel P. Ferris",ds004505,1
"Ryan J. Downey, Daniel P. Ferris",ds004505,1
"Amanda Studnicki, Daniel P. Ferris","ds004505,ds004784",2
"Madhur Mangalam, Mathew Yarossi, Mariusz P. Furmanek, John W. Krakauer, Eugene Tunik",ds004505,1
"Gabriella Tamburro, Ricardo Bruña, Patrique Fiedler, Antonio De Fano, Khadijeh Raeisi, Mohammad Khazaei, Filippo Zappasodi, Silvia Comani",ds004505,1
"Chang Liu, Erika M. Pliner, Jacob Salminen, Ryan J. Downey, Jungyun Hwang, Arkaprava Roy, Ryland Swearinger, Natalie Richer, Chris J. Hass, David Clark, Todd M. Manini, Yenisel Cruz‐Almeida, Rachael D. Seidler, Daniel P. Ferris","ds004505,ds004784",2
"Carolina Rico-Olarte, Bjoern M. Eskofier, Diego M. López","ds004505,ds004784",2
"Erica Iammarino, Ilaria Marcantoni, Sebastiano Grillo, Laura Burattini",ds004505,1
"Velu Prabhakar Kumaravel, Elisabetta Farella","ds004505,on004745",2
"Charlotte D. Caskey, Chang Liu, Jacob Salminen, Erika M. Pliner, Arkaprava Roy, Chris J. Hass, David J. Clark, Todd M. Manini, Rachael D. Seidler, Daniel P. Ferris","ds004505,ds004784",2
"Mohammad Khazaei, Khadijeh Raeisi, Patrique Fiedler, Pierpaolo Croce, Filippo Zappasodi, Silvia Comani",ds004505,1
"Zongjue Ma, Suvachai Rittisom",ds004505,1
"Jacob S. Salminen, Chang Liu, Erika M. Pliner, Arkaprava Roy, Natalie Richer, Jungyun Hwang, C. J. Hass, David J. Clark, Y. Cruz-Almeida, Todd M. Manini, Rachael D. Seidler, Daniel P. Ferris","ds004505,ds004784",2
David Badre,ds004532,1
"A. Westbrook, Ruben van den Bosch, Lieke Hofmans, D. Papadopetraki, Jessica I. Määttä, Anne G. E. Collins, Michael J. Frank, Roshan Cools",ds004532,1
"Vitaly Volpert, Georges Sadaka, Quentin Mesnildrey, Anne Beuter",ds004554,1
"Μαρία Μαρτζούκου, Nefeli Dimitriou, Binbin Xu, Malo Renaud-D’Ambra, Anastasia Nousia, Anne Beuter, Grigorios Nasios",ds004554,1
"Sophie Smit, Matthew J. Crossley, R. Zopf, Anina N. Rich",ds004563,1
"V. Nicolardi, M. P. Lisi, M. Mello, M. Fusaro, G. Tieri, S. Aglioti",ds004563,1
"Sophie Smit, Anina N. Rich",ds004563,1
"B. Forster, Sonia Abad-Hernando",ds004563,1
"Letizia Della Longa, T. Farroni",ds004563,1
"V. Khorev, S. Kurkin, L. Mayorova, G. Portnova, Anastasia Kushnir, Alexander Hramov",ds004563,1
"Yasemin Abra, Laura Mirams, Merle T. Fairhurst",ds004563,1
"Qiang Sun, Eva Calvo Merino, Marc M. Van Hulle",ds004563,1
"Sophie Smit, Almudena Ramírez-Haro, Manuel Varlet, D. Moerel, G. Quek, Tijl Grootswagers","ds004563,on004018",2
"Niccolò Butti, C. Urgesi, S. Makris, Francis P McGlone, Rosario Montirosso, V. Cazzato",ds004563,1
Vatsal Sivaratri,"ds004574,ds004579,ds004580,ds004584",4
"Rachael C. Cole, Nadja R. Ging-Jehli, Juan Vivanco‐Suarez, Jeremy D.W. Greenlee, Arturo I. Espinoza, Jan R. Wessel, J J Zhang, James F. Cavanagh, Nandakumar S. Narayanan","ds004574,ds004579,ds004580",3
"Maurizio Gorgoni, Aurora D’Atri, Serena Scarpelli, Flaminia Reda, Luigi De Gennaro",ds004577,1
"Luana Novelli, Aurora D’Atri, Cristina Marzano, Elena Finotti, Michèle Ferrara, Oliviero Bruni, Luigi De Gennaro",ds004577,1
"Jorge Bosch‐Bayard, R. Biscay, Thalı́a Fernández, Gloria Otero, Josefina Ricardo-Garcell, Eduardo Aubert-Vázquez, Alan C. Evans, Thalı́a Harmony",ds004577,1
"Gloria Otero, Thalı́a Fernández, F. Bernardo Pliego‐Rivero, Gustavo G. Mendieta",ds004577,1
"Jorge Bosch‐Bayard, Pedro A. Valdés‐Sosa, Thalı́a Fernández, Gloria Otero, Bernardo Pliego Rivero, Josefina Ricardo-Garcell, Berta González-Frankenberger, Lídice Galán‐Garcia, Antonio Fernández-Bouzas, Eduardo Aubert-Vázquez, Agustín Lage‐Castellanos, René Rodríguez-Valdés, Thalı́a Harmony",ds004577,1
"Qinfen Zhang, Qirui Cheng, Hongxin Li, Xuan Dong, Wenjuan Tu",ds004577,1
"Cintli Carolina Carbajal-Valenzuela, Efraı́n Santiago-Rodrı́guez, Gina L. Quirarte, Thalı́a Harmony",ds004577,1
"Eduardo Gonzalez-Moreira, Deirel Paz-Linares, Ariosky Areces-González, Ying Wang, Min Li, Thalı́a Harmony, Pedro A. Valdés‐Sosa",ds004577,1
"Maria Luisa García Gomar, Efraı́n Santiago-Rodrı́guez, Mario Rodríguez-Camacho, Thalı́a Harmony",ds004577,1
"Thalı́a Harmony, Gloria Otero, Eduardo Aubert-Vázquez, Thalı́a Fernández, Lourdes Cubero‐Rego",ds004577,1
"Anna‐Liisa Satomaa, Outi Saarenpää‐Heikkilä, Eero Huupponen, Turkka Kirjavainen, Juhani Heinonen, Sari‐Leena Himanen",ds004577,1
"Eduardo Gonzalez-Moreira, Deirel Paz-Linares, Lourdes Cubero‐Rego, Ariosky Areces-González, Pedro A. Valdés‐Sosa, Thalı́a Harmony",ds004577,1
Suzanne E. Peters,ds004577,1
"Matthieu Beaugrand, Valeria Jaramillo, Christophe Mühlematter, Sarah F. Schoch, Vivien Reicher, Andjela Markovic, Salome Kurth",ds004577,1
"Claudio Babiloni, Robert J. Barry, Erol Başar, Katarzyna J. Blinowska, Andrzej Cichocki, Wilhelmus Drinkenburg, Wolfgang Klimesch, Robert T. Knight, Fernando Lopes da Silva, Paul L. Nunez, Robert Oostenveld, Jaeseung Jeong, Roberto D. Pascual‐Marqui, Pedro A. Valdés‐Sosa, Mark Hallett",ds004577,1
"Manuel Hinojosa-Rodríguez, Thalı́a Harmony, Cristina Carrillo-Prado, John D. Van Horn, Andrei Irimia, Carinna M. Torgerson, Zachary Jacokes",ds004577,1
"Shiang Hu, Dezhong Yao, Pedro A. Valdés‐Sosa",ds004577,1
"Alberto Taboada-Crispí, María L. Bringas-Vega, Jorge Bosch‐Bayard, Lídice Galán‐Garcia, Cyralene P. Bryce, Arielle G. Rabinowitz, Leslie S. Prichep, Robert Isenhart, Ana Calzada‐Reyes, Trinidad Virues‐Alba, Yanbo Guo, Janina R. Galler, Pedro A. Valdés‐Sosa",ds004577,1
"Jorge Bosch‐Bayard, Eduardo Aubert-Vázquez, Shawn T. Brown, Christine Rogers, Gregory Kiar, Tristan Glatard, Lalet Scaria, Lídice Galán‐Garcia, María L. Bringas-Vega, Trinidad Virues‐Alba, Armin Taheri, Samir Das, Cécile Madjar, Zia Mohaddes, Leigh MacIntyre, CHBMP, Alan C. Evans, Pedro A. Valdés‐Sosa",ds004577,1
"Haoqi Sun, Elissa Ye, Luis Paixão, Wolfgang Ganglberger, Catherine J. Chu, Can Zhang, Jonathan Rosand, Emmanuel Mignot, Sydney S. Cash, David Gozal, Robert J. Thomas, M. Brandon Westover",ds004577,1
"Rael Lopes Alves, Maxciel Zortéa, Paul Vicuña Serrano, Rafaela Brugnera Tomedi, Rodrigo Pereira de Almeida, Iraci Lucena da Silva Torres, Felipe Fregni, Wolnei Caumo",ds004577,1
"Janelle Liu, Haitao Chen, Emil Cornea, John H. Gilmore, Wei Gao",ds004577,1
"Jiannan Kang, Wenqin Mao, Juanmei Wu, Xinping Huang, Manuel F. Casanova, Estate M. Sokhadze, Xiaoli Li, Xinling Geng",ds004577,1
"Dylan Gilbreath, Darcy Hagood, Linda Larson‐Prior",ds004577,1
"Saeideh Davoudi, Tyler Schwartz, Aurélie Labbe, Laurel J. Trainor, Sarah Lippé",ds004577,1
Despina Tsolisou,ds004577,1
"Sotaro Kanai, Masayoshi Oguri, Tohru Okanishi, Yosuke Miyamoto, Masanori Maeda, Kotaro Yazaki, Ryuki Matsuura, Takenori Tozawa, Satoru Sakuma, Tomohiro Chiyonobu, Shin-ichiro Hamano, Yoshihiro Maegaki",ds004577,1
"Mario Mastrangelo, Filippo Manti, Giacomina Ricciardi, Rossella Bove, Carlo Greco, Manuela Tolve, Francesco Pisani",ds004577,1
"David Garnica-Agudelo, Stuart D.W. Smith, Daniel van de Velden, Dagmar Weise, Knut Brockmann, Niels K. Focke",ds004577,1
"Rocío Llamas‐Ramos, Juan Luis Sánchez‐González, Jorge Juan Alvarado‐Omenat, Vicente Rodríguez Pérez, Inés Llamas‐Ramos",ds004577,1
"Xinyi Hong, Cristan Farmer, Nataliia Kozhemiako, Gregory L. Holmes, Lauren Thompson, Stacy S. Manwaring, Audrey Thurm, Ashura Buckley",ds004577,1
"Meiliang Liu, Chao Yu, Xiaoxiao Yang, Yunfang Xu, Huiwen Dong, Zijin Li, Zhengye Si, Xinyue Yang, Junhao Huang, Z. Shi, Kuiying Yin, Zhiwen Zhao",ds004577,1
"Benito Javier Martínez-Briones, Thalı́a Fernández, Juan Silva‐Pereyra",ds004577,1
"Lorena Santamaria, Stanimira Georgieva, Valdas Noreika, Andrés Canales‐Johnson, Victoria Leong",ds004577,1
"Francesco Colussi, Jacopo Favaro, Claudio Ancona, Edoardo Passarotto, Maria Federica Pelizza, Eleonora Lorenzon, Simone Ruzzante, Stefano Masiero, Giorgio Perilongo, Giovanni Sparacino, Irene Toldo, Stefano Sartori, Maria Rubega",ds004577,1
"Mina Elhamiasl, Jessica Sanches Braga Figueira, Ryan Barry‐Anwar, Zoe Pestana, Andreas Keil, Lisa S. Scott",ds004577,1
"Jerin Mathew, Divya Bharatkumar Adhia, Mark Llewellyn Smith, Dirk De Ridder, Ramakrishnan Mani",ds004577,1
"David Garnica-Agudelo, Stuart D.W. Smith, Daniel van de Velden, Christina Stier, Knut Brockmann, Sascha Schroeder, Nicole E. Neef, Niels K. Focke",ds004577,1
"Eva Reisenberger, Manuel Schabus, Cristina Florea, Monika Angerer, Michaela Reimann-Ayiköz, Jasmin Preiß, Dietmar Roehm, Dominik P. J. Heib, Claudius Fazelnia, Mohamed S. Ameen",ds004577,1
"J J Li, Yuanyuan Shan, MengMeng Ge, Ting Peng, Chunjie Jiang, Xin Xu, Peng Zhang, Ying Lin, Miaoshuang Liu, Wenhao Zhou, Yuehua Chen, Guoqiang Cheng",ds004577,1
"Ela I. Olivares, Jorge Bosch‐Bayard, Ana S. Urraca, Alba Jiménez-Bascuñán, R. Biscay, Jaime Iglesias",ds004577,1
"Xue Shi, Runyang He, Lin Zhu, Nan Yan, Shaoxia Fan, Zian Pei, Xiaolin Su, Fali Li, Yumei Liu, Ge Dang, Shuhan Fan, Peng Xu, Dezhong Yao, Robert Chen, Yi Guo",ds004577,1
"Mina Elhamiasl, Maeve R. Boylan, Ryan Barry‐Anwar, Zoe Pestana, Andreas Keil, Lisa S. Scott",ds004577,1
"Patrycja Dzianok, Ingrida Antonova, Jakub Wojciechowski, Joanna Dreszer, Ewa Kublik",ds004621,1
"Jakub Wojciechowski, Katarzyna Jurewicz, Patrycja Dzianok, Ingrida Antonova, Katarzyna Paluch, Tomasz Wolak, Ewa Kublik",ds004621,1
"Andrea Zanola, Federico Del Pup, Camillo Porcaro, Manfredo Atzori",ds004621,1
"Julia Jurkowska, Joanna Dreszer, Monika Lewandowska, Krzysztof Tołpa, Tomasz Piotrowski",ds004621,1
"Ludvik Alkhoury, G. Scanavini, Samuel Louviot, Ana Radanovic, S A Shah, N. Jeremy Hill",ds004621,1
"Katarzyna Paluch, Ingrida Antonova, Jan Nikadon, Patrycja Dzianok, Katarzyna Jurewicz, Jakub Wojciechowski, Ewa Kublik",ds004621,1
Hiroshi Higashi,ds004621,1
"Zeliang Jiang, Pan Zhang, Hanlin Wang, Wenxiao Zhong, Xingwei An, Zhijie Zhang","ds004621,nm000166",2
"Jonathan Mishler, Morteza Salimi, Miranda Francoeur Koloski, Irene Rembado, Carrie Shilyansky, Jyoti Mishra, Dhakshin Ramanathan",ds004621,1
"Christoph M. Michel, Lucie Bréchet, Bastian Schiller, Thomas Koenig",ds004635,1
"Delia Lucarelli, Giacomo Guidali, Dominika Šulcová, Agnese Zazio, Natale Salvatore Bonfiglio, Antonietta Stango, Guido Barchiesi, Marta Bortoletto",ds004635,1
"Povilas Tarailis, K. S. Lory, Paul G. Unschuld, Christoph M. Michel, Lucie Bréchet",ds004635,1
"Povilas Tarailis, Fiorenzo Artoni, Thomas Koenig, Christoph M. Michel, Inga Griškova-Bulanova",ds004635,1
"Armen Bagdasarov, Sarah Markert, Michael S. Gaffrey",ds004635,1
"Parvaneh Adibpour, Hala Nasser, Amandine Pedoux, Laurie Devisscher, Nicolas Elbaz, Chloé Ghozland, Elodie Hinnekens, Sara Neumane, Claire Kabdebon, Aline Lefebvre, Anna Kamińska, Lucie Hertz‐Pannier, Alice Héneau, Olivier Sibony, Marianne Alison, Catherine Delanöe, Richard Delorme, Marianne Barbu‐Roth, Valérie Biran, Jessica Dubois",ds004635,1
"Junjie Wang, Mingkun Guo, Jie Zhang, Yanru Bai, Guangjian Ni",ds004635,1
"Priyanka Ghosh, Kirsten A. Donald, Guilherme V. Polanczyk, Javi Rodriguez, The Germina Project Team, The Khula Project Team, The LEAP 1kD EEG Working Group, Elizabeth Shephard, Laurel J. Gabard-Durnam",ds004635,1
"Chuong Ngo, Erkin Bek, Monika Stasytyte, Lionel A. Newman, Rodrigo Elizalde, Amit Kanthi, N K Manjunath, Christoph M. Michel",ds004635,1
"Yang Xi, Bingjie Shi, Ting Lu, Pengfei Tian, Lu Zhang",ds004635,1
"Christoph M. Michel, Lucie Bréchet",ds004635,1
"Qinfan Shan, Guisen Wu, Yuxuan Xiong, Qian Guo, Hao Hu, Fuxu Zhang, Zhenying Qian, Tianhong Zhang, Xiaohua Liu",ds004635,1
"Jiannan Kang, Juanmei Wu, Yuqi Li, Wenqin Mao, Li X, Tianyi Zhou, He Chen",ds004635,1
"Kinkini Bhadra, Antony Akash Janakiram, Salvatore Di Marco, Nadia Micali, Petra S. Hüppi, Cristina Berchio",ds004635,1
"Monica Gori, Helene Vitali, Andrew J. Bremner, Alessia Tonelli, Maria Bianca Amadeo, Walter Setti, Carolina Tammurello, Sabrina Signorini, Elena Cocchi, Giuseppina Giammari, Sandra Strazzer, Francesca Tinelli, Massimiliano Serafino, Paola Camicione, Claudio Campus",ds004635,1
"Minxi Huang, Lei He, Youjun Huang, Yiran Hou, Jiubo Zhao, Xueling Yang, Shengnan Wei, Li Xue, Junwu Hu, Zhihong Lyu, Xiang Xue, Chang'an A. Zhan, You Wang",ds004635,1
"Lei Wang, Ping Jiang, Yingfan Wang, Dingfeng Sun, Ailiang Miao, Xiaoshan Wang",ds004635,1
"Poorani Nivetha .R -, DR.S.Batmavady -",ds004635,1
"Filippo Costa, Eline Schaft, Geertjan Huiskamp, Erik J. Aarnoutse, Maryse A. van’t Klooster, Niklaus Krayenbühl, Georgia Ramantani, Maeike Zijlmans, Giacomo Indiveri, Johannes Sarnthein","ds004642,ds004944",2
"Vasileios Dimakopoulos, Jean Gotman, Petr Klimeš, Nicolás von Ellenrieder, Shi Bei Tan, Garnett Smith, S. Gliske, Margarita Maltseva, Minette Manalo, Martin Pail, Milan Brázdil, Dorien van Blooijs, Maryse Van ’t Klooster, Sarah Johnson, Samantha Laboy, Debora Ledergerber, Lukas Imbach, Christos Papadelis, Michael R. Sperling, Maeike Zijlmans, Jan Cimbálník, Julia Jacobs, William C. Stacey, Birgit Frauscher, Johannes Sarnthein","ds004642,ds004944",2
"Junhong Yi, Yuheng Gu, Jiawei Yang, Zonglei Wang, Yuli Wang, Wenqing Yan, Qing‐Yuan Sun, Pengcheng Zhou, Yumiao Xu, Xuezhong He, Junwen Zhong, Yan Wang",ds004642,1
"Eline Schaft, Dongqing Sun, Sem Hoogteijling, Ziyi Wang, Frans S. S. Leijten, Pieter van Eijsden, Nick F. Ramsey, Pierre A. Robe, Maryse van ’t Klooster, Maeike Zijlmans, the RESPect Database Group","ds004642,ds004944",2
"Niccolò Biagioli, Sofia Morandi, Anna Elisabetta Vaudano, Matteo Pugnaghi, Elisa Moriconi, Giacomo Pavesi, Vincenzo Tramontano, Stefano Meletti",ds004642,1
"Johannes Sarnthein, Marian C. Neidert","ds004642,ds004944",2
"Christos Panagiotis Lisgaras, B. Frauscher, Jean Gotman, Julia Jacobs, Philippe Kahane, Richard J. Staba, Maeike Zijlmans","ds004642,ds004944",2
"Ankan Biswas, Srishty Aggarwal, Kanishka Sharma, Supratim Ray",ds004642,1
"Sem Hoogteijling, Carmen Gelpke, Eline Schaft, Ziyi Wang, Tessa Souhoka, Pieter van Eijsden, Anna Diop, Karolina Janikowska, Willem M. Otte, Nicole E.C. van Klink, Maryse A. van 'tKlooster, Maeike Zijlmans","ds004642,ds004944",2
"Zhe Chen, Matthew A. Wilson",ds004752,1
"Jin Li, Dan Cao, Shan Yu, Xinyu Xiao, Lukas Imbach, Lennart Stieglitz, Johannes Sarnthein, Tianzi Jiang",ds004752,1
"Weizhen Xie, Julio I. Chapeton, Srijan Bhasin, Christopher Zawora, John H. Wittig, Sara K. Inati, Weiwei Zhang, Kareem A. Zaghloul",ds004752,1
"Nazbanou Nozari, Randi C. Martin",ds004752,1
"Chiara Rossi, Diego Vidaurre, Lars Costers, Fahimeh Akbarian, Mark W. Woolrich, Guy Nagels, Jeroen Van Schependom",ds004752,1
"Arthur Borderie, Anne Caclin, Jean-Philippe Lachaux, Marcela Perrone-Bertollotti, Roxane S. Hoyer, Philippe Kahane, Hélène Catenoix, Barbara Tillmann, Philippe Albouy",ds004752,1
"Jin Li, Dan Cao, Shan Yu, Haiyan Wang, Lukas Imbach, Lennart Stieglitz, Johannes Sarnthein, Tianzi Jiang",ds004752,1
"Valerio Manippa, Michael A. Nitsche, Marco Filardi, Davide Vilella, Gaetano Scianatico, Giancarlo Logroscino, Davide Rivolta",ds004752,1
"Jin Li, Dan Cao, Wenlu Li, Johannes Sarnthein, Tianzi Jiang",ds004752,1
"Wenwen Bai, Yinglong Liu, Aili Liu, Xinyu Xu, Xuyuan Zheng, Xin Tian, Tiaotiao Liu",ds004752,1
"Shengxiang Liang, Li Huang, Shiqi Zhan, Yi Zeng, Qingqing Zhang, Yusi Zhang, Xiuxiu Wang, Lixin Peng, Bohong Lin, Hui Xu",ds004752,1
"Sofiia Moraresku, Jiří Hammer, Vasileios Dimakopoulos, Michaela Kajšová, Radek Janča, Petr Ježdík, Adam Kalina, Petr Marusič, Kamil Vlček",ds004752,1
"Qiaoqiao Hu, Yujun Hu",ds004752,1
"Oliver Warrington, Nadine N. Graedel, Martina F. Callaghan, Peter Kok",ds004752,1
"Alkis M. Hadjiosif, Tricia L. Gibo, Maurice A. Smith",ds004752,1
"Kirsten Adam, Laura‐Isabelle Klatt, Jacob A. Miller, Marlene Rösner, Keisuke Fukuda, Anastasia Kiyonaga",ds004752,1
"Darya Frank, Stephan Moratti, Johannes Sarnthein, Ningfei Li, Andreas Horn, Lukas Imbach, Lennart Stieglitz, António Gil‐Nagel, Rafael Toledano, Karl Friston, Bryan A. Strange",ds004752,1
"Manuela Costa, Daniel Pacheco, António Gil‐Nagel, Rafael Toledano, Lukas Imbach, Johannes Sarnthein, Bryan A. Strange",ds004752,1
"Jiayi Yang, Dan Cao, Chunyan Guo, Lennart Stieglitz, Debora Ledergerber, Johannes Sarnthein, Jin Li",ds004752,1
"Shailaja Akella, André M. Bastos, Earl K. Miller, José C. Prı́ncipe",ds004752,1
"Pamela Banta Lavenex, Pamela Banta Lavenex, Marie-Laure Blandin, Caroline Gaborieau, Pierre Lavenex, Pierre Lavenex",ds004752,1
"Marie Pahlenkemper, Hannah Bernhard, Joel Reithler, Mark Roberts",ds004752,1
"Adrian G. Guggisberg, Hartwig R. Siebner, Henrik Lundell, Mads Alexander Just Madsen, Kristoffer H. Madsen, Vanessa Wiggermann, Pierre Mégevand, Timothée Proix, Sarang S. Dalal, Frédéric Grouiller, Serge Vulliémoz, Marija Ušćumlić, Silvia Marchesotti","ds002336,ds004752",2
"Nahid Ashjazadeh, Ali Namjoo-Moghadam, Arash Mani, Neda Doostmohammadi, Mahnaz Bayat, Mohammad Saied Salehi, Elahe Rafiei, Mahtab Rostamihosseinkhani, Alireza Khani-Robati, Etrat Hooshmandi",ds004752,1
"Francesco Cocina, Andreas Vitalis, Amedeo Caflisch",ds004752,1
"Erica Iammarino, Ilaria Marcantoni, Agnese Sbrollini, MHD Jafar Mortada, Micaela Morettini, Laura Burattini",ds004752,1
"Tao He, Xizi Gong, Qian Wang, Xinyi Zhu, Yunzhe Liu, Fang Fang",ds004752,1
"Vladimir Omelyusik, Tyler S. Davis, Satish S. Nair, Behrad Noudoost, Patrick D. Hackett, Elliot H. Smith, Shervin Rahimpour, John D. Rolston, Bornali Kundu",ds004752,1
"Jia Cheng, Jingjing Li, Aijun Wang, Ming Zhang",ds004752,1
"Busra Kose-Ozkan, Mazhar Özkan, Yasin Celal Güneş, Oktay Algın, Safiye Çavdar",ds004752,1
"Chenyang Li, Yulong Peng, Ruixue Wang, Xianhui He, Ying Cai, Yuehui Ma, Dengchang Wu, Minmin Wang, Shaomin Zhang",ds004752,1
"Shihao Yang, Feng Liu",ds004752,1
"Javiera Parada-Palma, Florencia Álamos-Grau, Rodrigo Henríquez-Ch, Francisco Aboitiz",ds004752,1
"Timothée Proix, Pierre Mégevand, Anne‐Lise Giraud",ds004752,1
"Chang Liu, Ryan J. Downey, Yiru Mu, Natalie Richer, Jungyun Hwang, Valay A. Shah, Sumire Sato, D. J. Clark, C. Hass, T. Manini, R. Seidler, Daniel P. Ferris",ds004784,1
"Heeyong Huh, Hyonyoung Shin, Hongbian Li, Kazuma Hirota, Carolyn Hoang, Shrikar Thangavel, Matthew D’Alessandro, Kathryn A. Feltman, Luis Sentis, Nanshu Lu",ds004784,1
"Noelle A Jacobsen, John C. Prieschl, Daniel P. Ferris",ds004784,1
"Yuhong Zhang, Xusheng Zhu, Yuchen Xu, ChiaEn Lu, Hsinyu Shih, G. Cauwenberghs, Tzyy-Ping Jung","ds004784,nm000125",2
"Sebastián Espinoza, Wael El‐Deredy, Daniel Moraga-Espinoza, Luis Morreal-Ortega",ds004784,1
"Marco A. Bühler, Sylvain Baillet, Bradford J. McFadyen, Joyce Fung, Anouk Lamontagne",ds004784,1
Jiedong Nan,ds004784,1
"Neenu Francis, G. Vadivu",ds004784,1
"Matthew J. Hall, Giuseppe Pellizzer, Daniel G. McHail, Kara J. Blacker, David J. Francis, Nuri F. Ince",ds004784,1
"Joseph Paillard, Joerg F. Hipp, Denis A. Engemann, Denis A Engemann",ds004796,1
"Ziyang Li, Hong Wang, Jia-Ning Song, Jiale Gong",ds004796,1
"Patrycja Dzianok, Jakub Wojciechowski, Tomasz Wolak, Ewa Kublik",ds004796,1
"Laurits Dixen, Stefan Heinrich, Paolo Burelli",ds004796,1
"Prabhjeet Kaur, Channi Sachdeva, Ravi Kumar Gupta, Lokesh Jasrai",ds004796,1
"Q. Nguyen, Linh Le, Xuan-The Tran, Dorothy Bai, Nghia Duong-Trung, T. Do, Chin-Teng Lin",ds004796,1
"Quoc-Toan Nguyen, Linh Le, David Williams-King, Quang-Hieu Tang, Nghia Duong-Trung",ds004796,1
"Mahsa Alidadi, Ramtin Hamavar, Ehsan Abbasi, Samaneh Nabavifard, Maryam Mohebbi, Babak Mohammadzadeh Asl",ds004796,1
"Shyamal Y. Dharia, Camilo E. Valderrama, Qian Liu, Stephen D Smith",ds004796,1
"Matthew Chen, Benoit Marteau, Micky C. Nnamdi, J. Ben Tamo, May D. Wang",ds004796,1
"Adam Bednorz, Paulina Trybek, Minh Tuan Hoang, Dorota Religa",ds004796,1
"Ziyang Li, Jia-Ning Song, Hong Wang, T. Z. Li, Mohamed Amin Gouda, Jiale Gong",ds004796,1
"Huangjing Ni, Song Zi-Jie, Jiaolong Qin, Ye Wu, Qi Shi-Le, Song Ming",ds004796,1
"Waldemar Bauer, Mariusz Pelc, Katarzyna Bialas, Tomasz Kajdanowicz, Aleksandra Kawala-Sterniuk",ds004796,1
"Wei Liu, Tong Zhou, Kebin Jia",ds004796,1
"Samin Yaser, Mahad Ali, Yang Jiang, P. Nguyen, J. Xiang, Laura J. Brattain",ds004796,1
"Denise Moerel, Tijl Grootswagers, Amanda K. Robinson, Sophia M. Shatek, Alexandra Woolgar, Thomas A. Carlson, Anina N. Rich","ds004816,ds004817,on004018",3
Reuben Rideaux,"ds004816,ds004817",2
"Sophia M. Shatek, Amanda K. Robinson, Tijl Grootswagers, Thomas A. Carlson","ds004816,ds004817,on004018",3
"Denise Moerel, Anina N. Rich, Alexandra Woolgar","ds004816,ds004817",2
"Alexia Dalski, Gyula Kovács, Holger Wiese, Géza Gergely Ambrus","ds004816,ds004817",2
"Lydia Barnes, Erin Goddard, Alexandra Woolgar","ds004816,ds004817",2
"Sean Noah, Sreenivasan Meyyappan, Mingzhou Ding, George R. Mangun","ds004816,ds004817",2
"Yijia Wu, Yanjing Mao, Kaiqiang Feng, Donglai Wei, Liang Song","ds004816,ds004817,nm000137",3
"Denise Moerel, Tijl Grootswagers, Genevieve L. Quek, Sophie Smit, Manuel Varlet","ds004816,ds004817",2
"Denise Moerel, Tijl Grootswagers, Amanda K. Robinson, Patrick Engeler, Alex O. Holcombe, Thomas A. Carlson","ds004816,ds004817,on004018",3
"Nadene Dermody, Romy Lorenz, Erin Goddard, Arno Villringer, Alexandra Woolgar","ds004816,ds004817",2
"Genevieve L. Quek, Adélaïde de Heering","ds004816,ds004817,on004018",3
"Tijl Grootswagers, Ivy Zhou, Amanda K. Robinson, Martin N. Hebart, Thomas A. Carlson","ds004816,ds004817,on004018,on006126",4
"Denise Moerel, James Psihoyos, Thomas A. Carlson","ds004816,ds004817,on004018",3
"Denise Moerel, Cecilia Chenh, Sophie A. Bowman, Thomas A. Carlson","ds004816,ds004817,on004018",3
"Shuning Xue, Bu Jin, Jie Jiang, Longteng Guo, Zhou Jin, Changyong Wang, Jing Liu","ds004816,ds004817",2
"Yu Zhou, Liang Zhang, Nikolai Axmacher, Daniel Pacheco, Xiaoying Wang, Yujian Dai, Xiaojing Peng, Gui Xue","ds004816,ds004817",2
"Christopher J. Whyte, Sanjay Manohar, Eva Feredoes, Alexandra Woolgar","ds004816,ds004817",2
"Yu Zhou, Liang Zhang, Nikolai Axmacher, Daniel Pacheco, Xiaoying Wang, Yujian Dai, Xiaojing Peng, Shixiang Liu, Gui Xue","ds004816,ds004817",2
"Yang Liu, Huilin Jia, Hongji Sun, Shengyi Jia, Ziqian Yang, Ao Li, Anqi Jiang, Yuji Naya, Cen Yang, Shengyuan Xue, Xiaojian Li, Bingyan Chen, Jingjun Zhu, Chenhao Zhou, Minning Li, Xiaojie Duan",ds004819,1
"Ritwik Vatsyayan, Jihwan Lee, Andrew M. Bourhis, Youngbin Tchoe, Daniel R. Cleary, Karen J. Tonsfeldt, Keundong Lee, Rhea Montgomery‐Walsh, Angelique C. Paulk, Hoi Sang U, Sydney S. Cash, Shadi A. Dayeh",ds004819,1
"Jia Li, Guo Chen, Gang Li, Lujia Xiao, Ruonan Jia, Kun Zhang","ds004819,ds004944",2
"Fran López‐Caballero, Ryszard Auksztulewicz, Zachary L Howard, Richard Rosch, Juanita Todd, Dean F. Salisbury",ds004837,1
"Christian Valt, Fran López‐Caballero, Angelantonio Tavella, Mario Altamura, Antonello Bellomo, Giuseppe Barrasso, Brian A. Coffman, Filippo Iovine, Antonio Rampino, Alessandro Saponaro, Dylan Seebold, Pierluigi Selvaggi, Domenico Semisa, Giuseppe Stolfa, Alessandro Bertolino, Giulio Pergola, Dean F. Salisbury","ds000246,ds004837",2
"Tjerk P. Gutteling, Jérémie Mattout, Sébastien Daligault, Julien Jung, Étienne Labyt, Denis Schwartz, Françoise Lecaignard",ds004837,1
"Anna Rader, David A. Ricci, Joseph A. Wargo, Valentina J. Sutton, Hana S. Dalwai, Antanovia Ferrell, Bhoomi Desai, Jordan M. Ross, Connor G. Gallimore, Christoph Jacobs, Georgia Bastos, Jessica L. Bolton, Fumiyasu Imai, Jordan P. Hamm",ds004837,1
"Ileana Andriola, Christian Valt, Verdiana Marsella, Celestino Palma, Angelantonio Tavella, F. Putignano, Giuseppe Stolfa, Leonardo Fazio, Antonio Rampino, Giulio Pergola, Alessandro Bertolino",ds004837,1
Dean F. Salisbury,ds004837,1
"Muhammad Nabi Yasinzai, R. Mito, M. Pedersen","ds004837,ds004917",2
"Leonie Kausel, Alejandra Figueroa-Vargas, Francisco Zamorano, Ximena Stecher, Mauricio Aspé-Sánchez, Patricio Carvajal-Paredes, Víctor Márquez-Rodríguez, María Paz Martínez-Molina, Claudio Román, Patricio Soto-Fernández, Gabriela Valdebenito-Oyarzo, Carla Manterola, Reinaldo Uribe-San-Martín, Claudio Silva, Rodrigo Henríquez-Ch, Francisco Aboitiz, Rafael Polanía, Pamela Guevara, Paula Muñoz Venturelli, Patricia Soto‐Icaza, Pablo Billeke",ds004917,1
"María Paz Martínez-Molina, Gabriela Valdebenito-Oyarzo, Patricia Soto‐Icaza, Francisco Zamorano, Alejandra Figueroa-Vargas, Patricio Carvajal-Paredes, Ximena Stecher, César Salinas, Antoni Valero‐Cabré, Rafael Polanía, Pablo Billeke",ds004917,1
"Patricia Soto‐Icaza, Patricio Soto-Fernández, Leonie Kausel, Víctor Márquez-Rodríguez, Patricio Carvajal-Paredes, María Paz Martínez-Molina, Alejandra Figueroa-Vargas, Pablo Billeke",ds004917,1
"Alejandra Figueroa-Vargas, Begoña Góngora Costa, María Francisca Alonso-Sánchez, Alonso Ortega, Patricio Soto-Fernández, Lucía Z‐Rivera, Sebastián Ramírez, Francisca González, Paula Muñoz Venturelli, Pablo Billeke",ds004917,1
"Gizem Vural, Natasha Katruss, Alexander Soutschek",ds004917,1
"Mojtaba Chizari, Keivan Navi, Reza Khosrowabadi",ds004917,1
"Zhaohuan Ding, Wenbo Ma, Li Feng, Mingsha Zhang, Xiaoli Li",ds004917,1
"Alejandra Figueroa-Vargas, Leonie Kausel, Ximena Stecher, Francisco Zamorano, Mauricio Aspé-Sánchez, Patricio Carvajal-Paredes, Matías Iriarte-Carter, Víctor Márquez-Rodríguez, María Paz Martínez-Molina, Claudio Román, Patricio Soto-Fernández, Gabriela Valdebenito-Oyarzo, Lucía Z-Rivera, Carla Manterola, Reinaldo Uribe-San-Martín, Claudio S. Silva, Rodrigo Henríquez-Ch, Francisco Aboitiz, Rafael Polanía, Pamela Guevara, Paula Muñoz-Venturelli, Patricia Soto-Icaza, Pablo Billeke",ds004917,1
"Woojae Jeong, Aditya Kommineni, Kleanthis Avramidis, Colin McDaniel, Donald A. Berry, Myzelle Hughes, Thomas McGee, Elsi Kaiser, Dani Byrd, Assal Habibi, B. Cahn, Idan A. Blank, Kristina Lerman, Dimitrios Pantazis, Sudarsana Reddy Kadiri, Takfarinas Medani, Shrikanth Narayanan, Richard M. Leahy",ds004917,1
"Alejandra Figueroa-Vargas, Gabriela Valdebenito-Oyarzo, María Paz Martínez-Molina, Francisco Zamorano, Pablo Billeke","ds004917,ds005571",2
"Brooke R. Staveland, Julia Marie Oberschulte, Barbara Berger, Tamas Minarik, Olivia Kim McManus, Jon T. Willie, Peter Brunner, Mohammad Dastjerdi, Jack J. Lin, Elizabeth L. Johnson, Michelle Paff, Ming Hsu, Robert T. Knight","ds004917,ds005571",2
"Xueli Cai, Miao Zhang, Zhencai Chen, Mengxue Wu, Hong Tang, Jun Lei, Ming Lei, Yanhui Mao, Yifeng Wang",ds004917,1
"Patricio Carvajal-Paredes, Joselina Davyt-Colo, Alejandra Figueroa-Vargas, María Paz Martínez-Molina, Carla Manterola, Ximena Stecher, Francisco Zamorano, Patricia Soto‐Icaza, Pablo Billeke",ds004917,1
"Francesco Scaramozzino, Ryan McKay, Nicholas Furl",ds004917,1
"Aditya Kommineni, Woojae Jeong, Kleanthis Avramidis, Colin McDaniel, Myzelle Hughes, Thomas McGee, Elsi Kaiser, Kristina Lerman, Idan A. Blank, Dani Byrd, Assal Habibi, B. Cahn, Sudarsana Reddy Kadiri, Takfarinas Medani, Richard M. Leahy, Shrikanth Narayanan, Southern California",ds004917,1
"Mohammadali Sharifshazileh, Karla Burelo, Johannes Sarnthein, Giacomo Indiveri",ds004944,1
"W. Zweiphenning, M. V. Klooster, N. V. van Klink, F. Leijten, C. Ferrier, T. Gebbink, G. Huiskamp, M. V. van Zandvoort, M. V. van Schooneveld, M. Bourez, Sophie A M Goemans, S. Straumann, P. V. van Rijen, P. Gosselaar, Pieter van Eijsden, W. Otte, E. van Diessen, K. Braun, M. Zijlmans, Eltje M. Veronika Renee Sandra Martinus J.C. Janine M. A Bloemen-Carlier Cibulková de Munnink van der Salm , E. M. Bloemen-Carlier, Veronika Cibulkova, Renee de Munnink, Sandra M A van der Salm, M. Eijkemans, Janine M. Ophorst-van Eck, A. Velders, C. V. van Asch, J. Zwemmer, Renate van Regteren-van Griethuysen, Henriette Smeding, Lydia van der Berg, J. de Bresser, G. D. de Kort, J. Dankbaar",ds004944,1
"Zhuying Chen, Matias I. Maturana, Anthony N. Burkitt, Mark Cook, David B. Grayden",ds004944,1
"Ece Boran, Johannes Sarnthein, Niklaus Krayenbühl, Georgia Ramantani, Tommaso Fedele",ds004944,1
Birgit Frauscher,ds004944,1
"Karla Burelo, Georgia Ramantani, Giacomo Indiveri, Johannes Sarnthein",ds004944,1
"Hyunmin Moon, Jii Kwon, Jonghee Eun, Chun Kee Chung, June Sic Kim, Namsun Chou, Sohee Kim","ds004944,ds005953",2
"Birgit Frauscher, Daniel Mansilla, Chifaou Abdallah, Alexandra Astner-Rohracher, Sándor Beniczky, Milan Brázdil, Vadym Gnatkovsky, Julia Jacobs, Giridhar P. Kalamangalam, Piero Perucca, Philippe Ryvlin, Stephan Schuele, James X. Tao, Yujiang Wang, Maeike Zijlmans, Aileen McGonigal",ds004944,1
"Eric T. Zhao, Jacob M. Hull, Nofar Mintz Hemed, Hasan Uluşan, Julian Bartram, Anqi Zhang, Pingyu Wang, Albert Pham, Silvia Ronchi, John R. Huguenard, Andreas Hierlemann, Nicholas A. Melosh",ds004944,1
"Xiang Liu, Yan Gong, Zebin Jiang, Trevor Stevens, Wen Li",ds004944,1
"Ziyi Wang, Jiaojiao Guo, Maryse van ’t Klooster, Sem Hoogteijling, Julia Jacobs, Maeike Zijlmans",ds004944,1
"Karla Burelo, Mohammadali Sharifshazileh, Niklaus Krayenbühl, Georgia Ramantani, Giacomo Indiveri, Johannes Sarnthein",ds004944,1
"Dorottya Cserpán, Ece Boran, Santo Pietro Lo Biundo, Richard Rosch, Johannes Sarnthein, Georgia Ramantani",ds004944,1
"Georgia Ramantani, M. Brandon Westover, S. Gliske, Johannes Sarnthein, Sridevi V. Sarma, Yujiang Wang, Maxime O. Baud, William C. Stacey, Erin C. Conrad",ds004944,1
"Karla Burelo, Mohammadali Sharifshazileh, Giacomo Indiveri, Johannes Sarnthein",ds004944,1
"Huiran Yang, Ziyi Zhu, Siyuan Ni, Xueying Wang, Yanyan Nie, Tao Chen, Dujuan Zou, Wanqi Jiang, Ying Zhao, Zhitao Zhou, Liuyang Sun, Meng Li, Tiger H. Tao, Keyin Liu, Xiaoling Wei",ds004944,1
"Yipeng Zhang, Lawrence Liu, Yuanyi Ding, Xin Chen, Tonmoy Monsoor, Atsuro Daida, Shingo Oana, Shaun A. Hussain, Raman Sankar, Aria Fallah, Cesar Santana‐Gomez, Jerome Engel, Richard J. Staba, William Speier, Jian‐Guo Zhang, Hiroki Nariai, Vwani Roychowdhury",ds004944,1
"Willemiek Zweiphenning, Eric van Diessen, Erik J. Aarnoutse, Frans S. S. Leijten, Peter C. van Rijen, Kees P. J. Braun, Maeike Zijlmans",ds004944,1
"William O. Tatum, Jake H. McKay, Karim ReFaey, Anteneh M. Feyissa, D. G. Ryan, Anthony L. Ritaccio, Erik H. Middlebrooks, Kirsten Yelvington, Grayson Roth, Emily K. Acton, Sanjeet S. Grewal, Kaisorn L. Chaichana, Alfredo Quiñones‐Hinojosa",ds004944,1
"Yangshuo Wang, Jinshan Xu, Tinghong Liu, Feng Chen, Daiwen Chen, Yuan Liu, Feng Zhai, Shuli Liang",ds004944,1
"Marie Jung, Jamal Abu Shihada, Simon Decke, Lina Koschinski, Peter Severin Graff, Sebastián Maruri Pazmino, Anke Hoellig, Henner Koch, Simon Musall, Andreas Offenhäusser, Viviana Rincón Montes",ds004944,1
"Kavyakantha Remakanthakurup Sindhu, Duy Hoa Ngo, Hernando Ombao, Joffre Olaya, Daniel W. Shrey, Beth A. Lopour",ds004944,1
"Victor Karpychev, Alexandra Balatskaya, Nikita Utyashev, Nikita Pedyash, А. А. Зуев, Olga Dragoy, Tommaso Fedele",ds004944,1
"Soon Joo Yoon, Jin Tae Park, Youn‐Kyoung Lee",ds004944,1
"Brin Freund, Wendy Sherman, David S. Sabsevitz, Erik H. Middlebrooks, Anteneh M. Feyissa, Diogo Moniz‐Garcia, Sanjeet S. Grewal, Kaisorn L. Chaichana, Alfredo Quiñones‐Hinojosa, William O. Tatum",ds004944,1
"Birgit Frauscher, Christian Bénar, Jerome Engel, Christophe Grova, Julia Jacobs, Philippe Kahane, Samuel Wiebe, M. Zjilmans, François Dubeau",ds004944,1
"Piero Perucca, Jean Gotman",ds004944,1
"Eline Schaft, Dongqing Sun, Maryse A. van ’t Klooster, Dorien van Blooijs, Paul L. Smits, Willemiek Zweiphenning, Peter H. Gosselaar, Cyrille H. Ferrier, Maeike Zijlmans",ds004944,1
"Sven Straumann, Eline Schaft, Herke Jan Noordmans, Jan Willem Dankbaar, Willem M. Otte, Josee van Steenis, Paul Smits, Willemiek Zweiphenning, Pieter van Eijsden, Tineke Gebbink, Luigi Mariani, Maryse A. van’t Klooster, Maeike Zijlmans",ds004944,1
"Zhichuang Qu, Juan Luo, Xin Chen, Yuanyuan Zhang, Sixun Yu, Haifeng Shu",ds004944,1
"Sem Hoogteijling, Eline Schaft, Evi H M Dirks, Sven Straumann, Matteo Demuru, Pieter van Eijsden, Tineke Gebbink, Willem M. Otte, Geertjan M. Huiskamp, Maryse A. van ’t Klooster, Maeike Zijlmans",ds004944,1
"Wei Xu, Yanlan Zhu, Xiaolin Zhou, Haoyue Guo, Jingxin Wang, Ruiqi Zhu, Z. W. Hu, Wei Ma, Xing Ma, Xiaojian Li, Xiaomin Xu",ds004944,1
"Yueqian Sun, Guoping Ren, Jiechuan Ren, Qun Wang",ds004944,1
Karla Burelo,ds004944,1
"Yuanyi Ding, Yipeng Zhang, Chenda Duan, Atsuro Daida, Yun Zhang, Sotaro Kanai, Mingjian Lu, Shaun A. Hussain, Richard J. Staba, Hiroki Nariai, Vwani Roychowdhury",ds004944,1
"Kavyakantha Remakanthakurup Sindhu, Marco Antonio Pinto-Orellana, Hernando Ombao, Aliza Riba, Donald J. Phillips, Joffre Olaya, Daniel W. Shrey, Beth A. Lopour",ds004944,1
"Ziyi Wang, Jiaojiao Guo, Eline Schaft, Sem Hoogteijling, Cyrille H. Ferrier, Gerhard H. Visser, Dongqing Sun, F.W.A. Hoefnagels, Taku Inada, Sandra van der Salm, Geertjan Huiskamp, Nicole van Klink, Maryse van ’t Klooster, Maeike Zijlmans",ds004944,1
"Maolin Liu, Xudong Guo, Liling Cao, Haipo Cui, Zihao Li, Yong Lin, Ziming Yin, W. Quan, Chengcong Feng, Tianyu Ma, Zhengtuo Zhao, Liu Yang, Lei Yao, Xuan Zhang, G. Alan Wang",ds004944,1
"Yang Xie, Zepeng Zhang, Muyang Liu, Jinhong Guo, Miao Xu, Lei Zhou, Lei Zhang, Lihao Yao, X. K. Zhou, Z. W. Hu, Liang Ma, Xiaojian Li, Yongxiang Guo, Jiaxin Lei, Yue Cao, Milin Zhang, Huachun Wang, He Ding, Xin Fu, Quanlei Liu, Yihe Wang, Lan Yin, Guoguang Zhao, Xing Sheng",ds004944,1
Aline Herlopian,ds004944,1
"Felipe Rettore Andreis, Suzan Meijs, Thomas N. Nielsen, Taha Al Muhammadee Janjua, Winnie Jensen",ds004944,1
"Willemiek Zweiphenning, Maryse A. van 'tKlooster, Nicole van Klink, Frans S. S. Leijten, Cyrille H. Ferrier, Tineke Gebbink, Geertjan Huiskamp, M.J.E. van Zandvoort, Monique M.J. van Schooneveld, Mireille Bourez, Sophie Goemans, Sven Straumann, Peter C. van Rijen, Peter H. Gosselaar, Pieter van Eijsden, Willem M. Otte, Eric van Diessen, Kees P. J. Braun, Maeike Zijlmans",ds004944,1
"Eline Schaft, Maryse van ’t Klooster, Maeike Zijlmans",ds004944,1
"David J. Caldwell, Devon Krish, Edward F. Chang, Jonathan K. Kleen",ds004944,1
"Jun Huang, Liang Chen, Xi Cao, Anliang Gao",ds004944,1
"Kavyakantha Remakanthakurup Sindhu, Duy Ngo, Hernando Ombao, Joffre Olaya, Daniel W. Shrey, Beth A. Lopour",ds004944,1
"Jiaojiao Guo, Ziyi Wang, Nicole van Klink, Eline Schaft, Dongqing Sun, Sandra van der Salm, Maryse van ’t Klooster, Maeike Zijlmans",ds004944,1
"William O. Tatum, Adrian Safa, Filippo Colella, Erik H. Middlebrooks, Anteneh M. Feyissa, Aafreen Khan, David S. Sabsevitz, Alicia Kissinger-Knox, Phillip Gauthier, Dawn Radford, Anahita Jafari, Marco Failla Mulone, Sanjeet S. Grewal, Rich Byrne, Kaisorn L. Chaichana, Alfredo Quinones-Hinojosa, Brin Freund",ds004944,1
"Hidekazu Saito, Shogo Yazawa, Jun Shinozaki, Takashi Murahara, Hideaki Shiraishi, Masao Matsuhashi, Takashi Nagamine",ds004944,1
"Khouloud Issa, Sarry S. Wehbi, Hussein M. Mazeh, Abed El Hadi M. Nhayli, Sahera Saleh, Massoud L. Khraiche",ds004944,1
"Cecilia Schmitz, Katrina J Barth, Charles Wang, Zachary Spalding, Suseendrakumar Duraivel, Birgit Frauscher, Derek Southwell, Gregory Cogan, Justin A. Blanco, Jonathan Viventi",ds004944,1
"Adrian Safa, A. Ivaniuk, Phillip Gauthier, V. Davis, Anahita Jafari, David S. Sabsevitz, A. Feyissa, Seyed M Mirsattari, Benjamin F. Gruenbaum, Sanjeet S. Grewal, Richard W. Byrne, K. Chaichana, Victoria Clark, William O. Tatum, A. Quiñones-Hinojosa, B. Freund",ds004944,1
"Fuze Tian, Lixin Zhang, Lixian Zhu, Mingqi Zhao, Jingyu Liu, Qunxi Dong, Qinglin Zhao",ds004944,1
"Chiara De Luca, Mirco Tincani, Giacomo Indiveri, Elisa Donati",ds004944,1
"Olympia Gallou, Jim Bartels, Saptarshi Ghosh, Kaspar Schindler, Johannes Sarnthein, Giacomo Indiveri",ds004944,1
"Jim Bartels, Olympia Gallou, Hiroyuki Ito, Matthew Cook, Johannes Sarnthein, Giacomo Indiveri, Saptarshi Ghosh",ds004944,1
"Shaobo He, Yuexi Peng, Huihai Wang, Chunlai Li, Minglin Ma",ds004944,1
"Atsuro Daida, Yipeng Zhang, Sotaro Kanai, Richard J. Staba, Vwani Roychowdhury, Hiroki Nariai",ds004944,1
"Hiroshi Uda, Naoto Kuroda, Ethan Firestone, Riyo Ueda, Kazuki Sakakura, Yu Kitazawa, Dominik Choromanski, Michael J. Cools, Aimée F. Luat, Eishi Asano",ds004944,1
"Nan Lin, Lian Li, Weifang Gao, Peng Hu, Gonglin Yuan, Heyang Sun, Qi Fang, Lin Wang, Shengsong Wang, Zi Liang, Haibo He, Yisu Dong, Zaifen Gao, Xiaoqiu Shao, Liying Cui, Qiang Lü",ds004944,1
"Rikuto Kotoge, Zheng Chen, Tasuku Kimura, Yasuko Matsubara, T. Yanagisawa, H. Kishima, Yasushi Sakurai",ds004944,1
"V. A. Zuev, Elena G. Salmagambetova, Stepan N. Djakov, Lev V. Utkin",ds004944,1
"Naoto Kuroda, Hiroshi Uda, K INOUE, Yu Kitazawa, Shin‐ichiro Osawa, Hitoshi Nemoto, Mákoto Ishida, Kazushi Ukishiro, Aimée F. Luat, Hidenori Endo, Nobukazu Nakasato, Eishi Asano",ds004944,1
"Luis Fernando Herbozo Contreras, Leping Yu, Zhaojing Huang, Ziyao Zhang, Armin Nikpour, Omid Kavehei",ds004944,1
"A. Rosi, Nikkam Suresh, Binod Kumar, M. Ramesh, C Murugamani, Ashok Kumar Konduru",ds004944,1
"Seunghyeb Ban, David Chong, Junwoo Kwon, Sangyoon Lee, Yunuo Huang, Seungwon Yoo, Woon‐Hong Yeo","ds004944,nm000125,nm000136",3
"Sai Deepesh Pokala, Marie Bernert, Takuya Nanami, Takashi Kohno, Timothée Levi, Blaise Yvert",ds004944,1
"G. Rusev, Svetlozar Yordanov, Simona Nedelcheva, Alexander Banderov, Fabien Sauter-Starace, Petia Koprinkova‐Hristova, Nikola Kasabov",ds004944,1
"Moshe Bensimon, Yakir Hadad, Yehuda Ben‐Shimol, Shlomo Greenberg",ds004944,1
"Filippo Costa, Chiara De Luca",ds004944,1
"Luis Fernando Herbozo Contreras, Leping Yu, Zhaojing Huang, Isabelle Aguilar, Armin Nikpour, Omid Kavehei",ds004944,1
"Panagiota Karatza, Dorottya Cserpán, Santo Pietro Lo Biundo, Andrea Rüegger, Francesco Pisani, Johannes Sarnthein, Georgia Ramantani",ds004944,1
"M. D. Del Sesto, Serban Negoita, Maria Bruzzone Giraldez, Zachary LaJoie, Khaleda Akhter Sathi, J. Wong, A. Widge, Michael S Okun, A. Khalifa",ds004944,1
"Hamed Rafiei, Mohammad-R. Akbarzadeh-T.",ds004944,1
"Yaghoub Fathollahi, Kawsar Alami",ds004944,1
"Gattu Hemanth Kumar, R. Sunitha, Chinthala Ramesh",ds004944,1
"Luis Fernando Herbozo Contreras, Leping Yu, Zhaojing Huang, Armin Nikpour, Omid Kavehei",ds004944,1
"Farbod Niazi, Alexander G. Weil, Aristides Hadjinicolaou",ds004944,1
"Flavia Davidhi, Filippo Costa, Debora Ledergerber, Giacomo Indiveri, Lukas Imbach, Johannes Sarnthein",ds004944,1
"T. Triwiyanto, I. Putu, Alit Pawana, A. Rizal",ds004944,1
"Erfan Ebrahim Esfahani, Ali Khadem",ds004944,1
"Corentin Piozin, Darío Fernández Khatiboun, Farshad Moradi",ds004944,1
"Dun Lan, Bowen Ma, Yuyao Guo, Shaofu Xu, Linjie Zhou, Weiwen Zou",ds004944,1
"M. Chiappalone, Timothée Lévi",ds004944,1
"Sai Deepesh Pokala, Marie Bernert, Takuya Nanami, Takashi Kohno, Timothée Lévi, B. Yvert",ds004944,1
"Zihan Zhang, Xiao Ding, Yu Bao, Yi Zhao, Xia Liang, Bing Qin, Ting Liu",ds004952,1
"Shuai Huang, Yongxiong Wang, Huan Luo",ds004952,1
"Şengül Doğan, Türker Tuncer, Prabal Datta Barua, U. Rajendra Acharya",ds004952,1
"Yifei Liu, He Ye, Shuhang Li",ds004952,1
"Jack Lu, C. Jung, Chi-Sheng Chen, Anna Nai-Yun Tung, Hsiang-Wei Hu, Yuan Cheng",ds004952,1
"Yao Wang, T. Xue, Yang Xing-yu",ds004952,1
"Lingyu Wu, Tzyy-Ping Jung, Xiaojian Li, Yanhong Zhou, Xianglong Wan, Wenlong Jiao, Xueguang Xie, Dingna Duan, Tiange Liu, Hao Yu, Danyang Li, Xiaoling Li, Zhenzhen Wu, Jing Wang, Haiqing Song, Dong Wen",ds004952,1
"Muyun Jiang, Shuailei Zhang, Zhenjie Yang, Mengjun Wu, Weibang Jiang, Zhiwei Guo, Wei Zhang, Rui Liu, Shangen Zhang, Yong Li, Yi Ding, Cuntai Guan","ds004952,nm000112",2
"Ke Su, Tian Liang",ds004952,1
"Shengrui He, Zhongjie Li, Jianwu Dang, Yingyi Luo, Gaoyan Zhang",ds004952,1
"Ran Zhao, Yanru Bai, Shuming Zhang, Jianing Zhu, Hongxing Liu, Guangjian Ni",ds004952,1
"Xin Xiao, Kaiwen Wei, Jiang Zhong, Dongshuo Yin, Yu Tian, Xuekai Wei, Mingliang Zhou",ds004952,1
Alessandro Lopopolo,ds004952,1
"Sibo Zhang, Bihui Yu, Lili Zhou, Gang Wang, Jingxuan Wei, Linzhuang Sun, Liping Bu",ds004952,1
"Liubin Wang, Zhenyu Qiu, Qundi Jiang, Li Zhang, Xiaojun Tang, Xuan Luo",ds004952,1
"Jiawei Li, Adrien Doerig, Radoslaw Martin Cichy",ds004952,1
"Xiang Tang, Huixiang Wu, Shuran Li, Anastasios Bezerianos, R. Lily Hu, Zhaocong Chen, Hongtao Wang",ds004952,1
Fei Gao,ds004952,1
Sahar Zidan,ds004952,1
"Jason A. Avery, Madeline Carrington, J. Ingeholm, Valerie L. Darcey, W. K. Simmons, K. Hall, Alex Martin",ds004995,1
"D. Moerel, Cecilia Chenh, Sophie Bowman, Thomas A. Carlson",ds004995,1
"Elif Güner, Mevlüde Işık",ds004995,1
"Manyoel Lim, Yun-Sang Choi",ds004995,1
"Yazhi Pang, Yuanluo Jing, Jia Zhao, Xiaolin Liu, Wen Zhao, Yong Liu, Hong Chen",ds004995,1
"Violet J. Chae, Tijl Grootswagers, Stefan Bode, Daniel Feuerriegel",ds004995,1
"Fayed Rassoulou, Alexandra Steina, Christian J. Hartmann, Jan Vesper, Markus Butz, Alfons Schnitzler, Jan V. Hirschmann",ds004998,1
"Moritz Gerster, Gunnar Waterstraat, Thomas S. Binns, Natasha Darcy, Christoph Wiest, Richard M. Köhler, Jonathan Vanhoecke, Timothy O. West, Matthias Sure, Dmitry Todorov, Lukasz Radzinski, Jeroen Habets, Johannes L. Busch, Lucia K. Feldmann, Patricia Krause, Katharina Faust, Gerd‐Helge Schneider, Keyoumars Ashkan, Erlick Pereira, Harith Akram, Ludvic Zrinzo, Benjamin Blankertz, Arno Villringer, Huiling Tan, Jan V. Hirschmann, Andrea A. Kühn, Esther Florin, Alfons Schnitzler, Ashwini Oswal, Vladimir Litvak, Wolf‐Julian Neumann, Gabriel Curio, Vadim V. Nikulin",ds004998,1
"Sara Grasselli, Andrea Andolfi, Donatella Di Lisa, Laura Pastorino",ds004998,1
"Fayed Rassoulou, Abhinav Sharma, Alexandra Steina, Markus Butz, Christian J. Hartmann, Bahne H. Bahners, Jan Vesper, Alfons Schnitzler, Jan V. Hirschmann",ds004998,1
"András Puszta, Dénes Zádori, Péter Klivènyi",ds004998,1
"Daria Kleeva, М. В. Синкин, Anna Shtekleyn, Анна Русинова, Anastasia A. Skalnaya, Alexei Ossadtchi",ds004998,1
"Oliver Kohl, C. Gohil, M. Sure, A. Schnitzler, E. Florin",ds004998,1
"Yongdong Fan, Qiong Li, Haokun Mao, Xingyuan Song",ds004998,1
"Carolina dos Reis, Hamed Azizollahi, Gabriel Headley, Sergi Navarro, Simon Hanslmayr, Andrew Clouter, Theodore P. Zanto, Raphael Certain",ds005048,1
"MohammadAmin Alamalhoda, Friederike Leesch, Francesca Giovanetti, Eoghan Dunne, Giuseppina Pilloni, Mark Caffrey, Jack O’Keeffe, Alessandro Venturino, Maria Teresa Ferretti",ds005048,1
"Neha Prerna Tigga, Nandini Kumari, Akash Joseph Tigga",ds005048,1
"Kirsi‐Marja Zitting, Robin K. Yuan",ds005048,1
"Yeseung Park, Hyeonwook Chae, Euisuk Yoon, Yejung Kim, Ji Won Han, Se Joon Woo, Seunghyup Yoo, Ki Woong Kim",ds005048,1
"Bing Tang, Ming Tao",ds005048,1
"Eve Bolland, Aoibhe De Burca, S.H. Wang, Alexander Khalil, Gráinne McLoughlin",ds005048,1
"Minghui Gao, Shixiong Zhang, Shasha Yi, Yiyue Zhu, Wen Meng, Hairong Zheng, Zhengrong Lin, Lili Niu",ds005048,1
"Hongli Wang, Xiaoning Shi, Yongsheng Qi, Michel Gao, Yingying Zhao",ds005048,1
"Jiajia Li, Duoyu Feng, Xuan Zhang, Ying Wu",ds005048,1
"Jin Yong Jeon, Haram Lee, Minjung Ji, June Sic Kim, Dong Hyun Ahn",ds005048,1
"Julian Keil, Victor Hernandez-Urbina, Chrystalleni Vassiliou, Camin Dean, Dietmar Schmitz, Jens Kremkow, Jérémie Sibille",ds005048,1
"Miao Fang, Yibing Yan, Wenqian Song, Zhi Geng, Lu Wang, Chenyang Hu, Weiwei Li, Bing Song, Mengdan Chen, Yulong Dai, Yifan Hu, Shanshan Zhou, Haihua Guo, Gongjun Ji, Panpan Hu, Kai Wang, Xingqi Wu",ds005048,1
"Wang Fu, Y. Y. Wang, Jiejie Shi, Qiwei Wang, Minghui Lai, Longyan Meng, Qianqian Bi, Yaowu Liu, Yuan Wang, Xiaoyu Tian, Chunlei Shan, Feng Wang, Cong Wang",ds005048,1
"Weiran Zheng, Duyan Geng, Alan Wang, Zhichao Li, Aoge Liu, Shuting Chen, Qiang Wang, Chi Su, Ziyi Yan, Yue Yin, Guizhi Xu",ds005048,1
"Bahar Güntekin, Furkan Erdal, Burcu Bölükbaş, Lütfü Hanoğlu, Görsev Yener, Rümeysa Duygun",ds005048,1
"Mojtaba Lahijanian, Hamid Aghajan, Zahra Vahabi",ds005048,1
"Mojtaba Lahijanian, Mohammad Javad Sedghizadeh, Hamid Aghajan, Zahra Vahabi",ds005048,1
"Akanksha Parihar, Preety D. Swami",ds005048,1
"Wanru Li, Jia Yang, Pinglei Bao",ds005087,1
"K. Rudnicki, Koen Rummens, Heidi Vandebosch, Jolien De Schepper, Karolien Poels","ds005095,ds005571",2
"Roman Kessler, Alexander Enge, Michael A. Skeide","ds005106,ds007052,ds007056,ds007069,ds007096,ds007137,ds007139",7
"Jenna Chin, Madeleine K. Wyburd, Vladislav Ayzenberg, Laurie Bayet, Berkin Bilgiç, Emily M. Chen, Yuting Chen, Áine T Dineen, Shohei Fujita, Janelle Liu, Yohan Jun, M. Catalina Camacho, Xi Yu",ds005106,1
"Parinaz Babaeeghazvini, Laura M. Rueda‐Delgado, Jolien Gooijers, Stephan P. Swinnen, Andreas Daffertshofer","ds000248,ds005114",2
"Eunkyung Kim, Roh‐Eul Yoo, Min Yong Seong, Byung‐Mo Oh",ds005114,1
"Derek C. Monroe, Nicholas J. Cecchi, Paul Gerges, Jenna J. Phreaner, James W. Hicks, Steven L. Small",ds005114,1
"Hsueh‐Sheng Chiang, Michael A. Motes, Michael A. Kraut, Sven Vanneste, John Hart",ds005114,1
"Ezra E. Smith, Ki Sueng Choi, Ashan Veerakumar, Mosadoluwa Obatusin, Bryan Lad Howell, Andrew H. Smith, Vineet Tiruvadi, Andrea Crowell, Patricio Riva‐Posse, Sankaraleengam Alagapan, Christopher J. Rozell, Helen S. Mayberg, Allison C. Waters",ds005114,1
"Robert Davis Moore, Jacob Kay, Brett Gunn, Adam T. Harrison, Toni M. Torres-McGehee, Matthew B. Pontifex",ds005114,1
"Shukai Wu, Aobo Chen, Chenglong Cao, Shenghui Ma, Yu Feng, Shuochen Wang, Jian Song, Guozheng Xu",ds005114,1
"Nickolas Mertens, James F. Cavanagh, Emma Brandt, Violet Fratzke, Jacqueline Story-Remer, Rebecca Rieger, J. Kevin Wilson, Darbi Gill, Richard T. Campbell, Davin K. Quinn",ds005114,1
"Claire Lebely, Evelyne Lepron, Inès M. Bigarré, Caroline Hamery, X. De Boissezon, Sébastien Scannella",ds005114,1
"Natalie Bell, Fang Yu, Yin Xi, Amy L. Proskovec, James M. Holcomb, Sahil Chilukuri, Jillian E. Urban, Christopher L. Vaughan, Jesse C. DeSimone, Ben Wagner, Mark A. Espeland, Alexander K. Powers, Christopher T. Whitlow, Joel D. Stitzel, Joseph A. Maldjian, Elizabeth M. Davenport",ds005114,1
"Miranda Francoeur Koloski, Reyana Menon, Victoria Krasnyanskiy",ds005114,1
"Natalie Bell, Cameron Johnson, Fang Yu, Jillian E. Urban, Amy L. Proskovec, Ananth J. Madhuranthakam, Joseph A. Maldjian, Elizabeth M. Davenport",ds005114,1
"Haewon Roh, Won Young Kim, Soon Young Hwang, Moon‐Soo Lee, Jong Hyun Kim",ds005114,1
"Ensieh Azmayandeh, Kamrad Khoshhal Roudposhti, Sara Ramezani",ds005114,1
"Molly Charney, Simone L. Glajchen, Shawn Brain, Fahmida Rashid, Sabrina Kentis, Melvin Alexander, Arvind Dev, Jenasis Ortega, Chihiro Okada, Brian J. Morris, Timothy Darby, Taskin Forkan, Anthony D. Yao, Yuchen Dong, Cindy Zhou, Jane Wee, Emily Hunt, Caroline Delbourgo Patton, Michael L. Lipton",ds005114,1
"Julia Carbone, Susanne Diekelmann",ds005121,1
"Marlie C. Tandoc, Cody Dong, Anna C. Schapiro",ds005121,1
Eitan Schechtman,ds005121,1
"Tao Xia, Xiaoqing Hu",ds005121,1
"Hannah Tarder-Stoll, Melanie J. Sekeres, Brian Levine, Morris Moscovitch",ds005121,1
"Haiteng Wang, Qihong Zou, Jinbo Zhang, Jia‐Hong Gao, Yunzhe Liu",ds005121,1
"G. Narayan, George Babineaux, M. Cho, Sandhya Murugavel, Tiange Lu, Nicholas Lew, Sarvia Aquino Argueta, Eitan Schechtman",ds005121,1
"Zhifang Ye, Brice A. Kuhl",ds005121,1
"Ainsley Temudo, Geneviève Albouy",ds005121,1
"Tiange Lu, Zhuangning Ji, Alexa Tompary, Eitan Schechtman",ds005121,1
"Manuel Mercier, Anne‐Sophie Dubarry, François Tadel, Pietro Avanzini, Nikolai Axmacher, Dillan Cellier, Maria Del Vecchio, Liberty S. Hamilton, Dora Hermes, Michael J. Kahana, Robert T. Knight, Anaïs Llorens, Pierre Mégevand, Lucía Melloni, Kai J. Miller, Vitória Piai, Aina Puce, Nick F. Ramsey, Caspar M. Schwiedrzik, Sydney E. Smith, Arjen Stolk, Nicole C. Swann, Mariska J. Vansteensel, Bradley Voytek, Liang Wang, Jean-Philippe Lachaux, Robert Oostenveld","ds005169,ds005953,ds007096,ds007139,on006126",5
"Andrei Barborică, Irina Oane, Cristian Donos, Andrei Daneasa, Felicia Mihai, Constantin Pistol, Aurelia Dabu, Adina Roceanu, Ioana Mı̂ndruță",ds005169,1
"Jeffrey Lim, Po T. Wang, Susan J. Shaw, Hui Gong, Michelle Armacost, Charles Y. Liu, An H., Payam Heydari, Zoran Nenadić",ds005169,1
"Jinzhao Wei, Licong Li, Hao Song, Zhaoning Du, Jianli Yang, Mingsha Zhang, Xiuling Liu",ds005169,1
"Felicia Mihai, Laurențiu Tofan, Andrei Barborică, Irina Oane, Ana‐Maria Zăgrean, Camelia Lentoiu, Cristina Ghita, Ioana Mı̂ndruță",ds005169,1
"Jacques Jonas, Bruno Rossion",ds005169,1
"Cristina Ghita, Irina Oane, Ioana Mı̂ndruță, Andrei Barborică, Laurențiu Tofan, Anca Nica, Mihai Dragoş Mălîia, Camelia Lentoiu, Aurelia Dabu, Crina Radu, Iulia Stefana Obogeanu, Tiu C",ds005169,1
"Ahdyie Ahmadi, Hellen Kreinter, Benjamin Corrigan, Mohamad Abbass, Greydon Gilmore, Nasim Mortazavi, Giovanni Pellegrino, Jorge G. Burneo, David A. Steven, Jonathan C. Lau, Keith W. MacDougall, Michelle-Lee Jones, Julio Martínez-Trujillo, Ana Suller Martí",ds005169,1
"Ignacio Perez-Pozuelo, Bing Zhai, João Palotti, Raghvendra Mall, Michaël Aupetit, Juan M. García‐Gómez, Shahrad Taheri, Yu Guan, Luis Fernández-Luque",ds005207,1
"Huy Phan, Oliver Y. Chén, Minh C. Tran, Philipp Koch, Alfred Mertins, Maarten De Vos",ds005207,1
"Huy Phan, Kaare B. Mikkelsen, Oliver Y. Chén, Philipp Koch, Alfred Mertins, Maarten De Vos",ds005207,1
"Guiomar Niso, Elena Romero, Jeremy T. Moreau, Álvaro Araújo, Laurens R. Krol","ds005207,ds007069,on006126",3
Syed Anas Imtiaz,ds005207,1
"Samantha Conley, Andrea Knies, Janene Batten, Garrett I. Ash, Brienne Miner, Youri Hwang, Sangchoon Jeon, Nancy S. Redeker",ds005207,1
"Huy Phan, Oliver Y. Chén, Philipp Koch, Zongqing Lu, Ian McLoughlin, Alfred Mertins, Maarten De Vos",ds005207,1
"Diane C Lim, Diego R. Mazzotti, Kate Sutherland, Jesse Mindel, Jinyoung Kim, Peter A. Cistulli, Ulysses J. Magalang, Allan I Pack, Philip de Chazal, Thomas Penzel",ds005207,1
"Huy Phan, Kristian P. Lorenzen, Elisabeth R. M. Heremans, Oliver Y. Chén, Minh C. Tran, Philipp Koch, Alfred Mertins, Mathias Baumert, Kaare B. Mikkelsen, Maarten De Vos",ds005207,1
"Maurice Abou Jaoude, Haoqi Sun, Kyle R. Pellerin, Milena Pavlova, Rani A. Sarkis, Sydney S. Cash, M. Brandon Westover, Alice Lam",ds005207,1
"Derk‐Jan Dijk, Hans‐Peter Landolt",ds005207,1
"Dechun Zhao, Yi Wang, Qiangqiang Wang, Xing Wang",ds005207,1
"Pankaj Jadhav, Siddhartha Mukhopadhyay",ds005207,1
"Huy Phan, Oliver Y. Chén, Philipp Koch, Alfred Mertins, Maarten De Vos",ds005207,1
"Edmund Wascher, Stefan Arnau, Julian Elias Reiser, Georg Rudinger, Melanie Karthaus, Gerhard Rinkenauer, Felix Dreger, Stephan Getzmann",ds005207,1
"Chaehwa Yoo, Hyang Woon Lee, Je‐Won Kang",ds005207,1
"Jelena Skoručak, Anneke Hertig-Godeschalk, David R. Schreier, Alexander Malafeev, Johannes Mathis, Peter Achermann",ds005207,1
"Gozde Cay, Vignesh Ravichandran, Shehjar Sadhu, Alyssa Hillary Zisk, Amy L. Salisbury, Dhaval Solanki, Kunal Mankodiya",ds005207,1
"Elisabeth R. M. Heremans, Huy Phan, Pascal Borzée, Bertien Buyse, Dries Testelmans, Maarten De Vos",ds005207,1
"Minji Lee, Heon-Gyu Kwak, Hyeong-Jin Kim, Dong-Ok Won, Seong‐Whan Lee",ds005207,1
"Michael Thomas Knierim, Christoph Berger, Pierluigi Reali",ds005207,1
"Hui Wang, Lei Zhang, Longxu Yao",ds005207,1
"John D. Chase, Michael A. Busa, John Staudenmayer, John R. Sirard",ds005207,1
"Jean‐Benoît Martinot, Valérie Cuthbert, N.N. Le-Dong, Nathalie Coumans, Deborah De Marneffe, Clément Letesson, Jean‐Louis Pépin, David Gozal",ds005207,1
"Sarah Blum, Reiner Emkes, Falk Minow, Jan Anlauff, Andrea Finke, Stefan Debener",ds005207,1
"Kenneth Borup, Preben Kidmose, Huy Phan, Kaare B. Mikkelsen",ds005207,1
"Gabrielle Crétot-Richert, Maarten De Vos, Stefan Debener, Martin G. Bleichner, Jérémie Voix",ds005207,1
"Jingwei Zhang, Christos Chatzichristos, Kaat Vandecasteele, Lauren Swinnen, Victoria Broux, Evy Cleeren, Wim Van Paesschen, Maarten De Vos",ds005207,1
"Elisabeth R. M. Heremans, Huy Phan, Amir H. Ansari, Pascal Borzée, Bertien Buyse, Dries Testelmans, Maarten De Vos",ds005207,1
"Stephan Getzmann, Julian Elias Reiser, Melanie Karthaus, Georg Rudinger, Edmund Wascher",ds005207,1
"Michael Thomas Knierim, Max Schemmer, Niklas Bauer",ds005207,1
"Kiran K G Ravindran, Ciro della Monica, Giuseppe Atzori, Ramin Nilforooshan, Hana Hassanin, Victoria L. Revell, Derk‐Jan Dijk",ds005207,1
"Abdullah Ahmed, Augusto García-Agúndez, Ivana Petrović, Fatemeh Radaei, James D. Fife, John Zhou, Hunter Karas, Scott Moody, Jonathan Drake, Richard N. Jones, Carsten Eickhoff, Michael Reznik",ds005207,1
"Michael Thomas Knierim, Christian Zimny, Gabriel Ivucic, Tobias Röddiger",ds005207,1
"Santosh Kumar Satapathy, Hari Kishan Kondaveeti",ds005207,1
"Sarika U. Peters, Althea Robinson Shelton, Beth A. Malow, Jeffrey L. Neul",ds005207,1
"Miroslava Migovich, Akshith Ullal, Cary Fu, Sarika U. Peters, Nilanjan Sarkar",ds005207,1
"Keling Fei, Jianghui Wang, Lizhen Pan, Xu Wang, Baohong Chen",ds005207,1
"Akara Supratak, Peter Haddawy",ds005207,1
"Xuhui Wang, Yuanyuan Zhu",ds005207,1
"Stefan Debener, Martin G. Bleichner",ds005207,1
"Metin Yarıcı, Harry J. Davies, Takashi Nakamura, Ian Williams, Danilo P. Mandic",ds005207,1
"Michael Thomas Knierim, Max Schemmer, Monica Perusquía-Hernández",ds005207,1
"Elisabeth R. M. Heremans, Laura Van den Bulcke, Nabeel Seedat, Astrid Devulder, Pascal Borzée, Bertien Buyse, Dries Testelmans, Maarten Van Den Bossche, Mihaela van der Schaar, Maarten De Vos",ds005207,1
"Ziyi Zhao, Xianghong Lin, Mengwei Zhang",ds005207,1
"Samuel H. Waters, Jonathan Berent, P. Saini, Gari Cliﬀord",ds005207,1
"Bernd Feige, Fee Benz, Raphael J. Dressle, Dieter Riemann",ds005207,1
"Orlando Yahir Azuara-Hernandez, Zachary Gillette",ds005207,1
"Hyounggyu Kim, Moogyeong Kim, Wonzoo Chung",ds005207,1
Dieter Riemann,ds005207,1
"Siyuan Zhao, Chenyu Liu, Yi Ding, Xinliang Zhou",ds005207,1
Yousef D. Alqurashi,ds005207,1
"Chen Wang, Xiuquan Jiang, Chengyan Lv, Qi Meng, Pengcheng Zhao, Yan Di, Chao Feng, Fangzhou Xu, Shanshan Lu, Tzyy‐Ping Jung, Jiancai Leng",ds005207,1
"Margeaux M. Schade, Daniel M. Roberts, Vasant Honavar, Orfeu M. Buxton",ds005207,1
"Guido Gagliardi, Antonio Luca Alfeo, Mario G.C.A. Cimino, Gaetano Valenza, Maarten De Vos",ds005207,1
"Jingpeng Sun, Chen Chen, Weiping Ding, Xiyuan Hu",ds005207,1
"Jiaqi Wang, Jincheng Xu, Junjie Ma, Jinyi Gong, Li Ji, Wenbin Guo, Huijun Yue, Yancong Qiao, Jianhua Zhou",ds005207,1
"Yongkang Hu, Xiangbo Yang, Yunhan Xu, Jingpeng Sun",ds005207,1
Faris Alhejaili,ds005207,1
Akara Supratak,ds005207,1
Takashi Nakamura,ds005207,1
Michael J Patan,ds005207,1
"Anastasia Neklyudova, Anna Rebreikina, Olga Sysoeva",ds005234,1
"Jiayin Li, Maleeha Sujawal, Zivile Bernotaite, Ian Cunnings, Fang Liu",ds005234,1
"Ming J. Zuo, Yang Zhang, Rui Wang, Dan Huang, Luodi Yu, Suiping Wang",ds005234,1
"Nedim Turğut, Müge Müzeyyen Çiyiltepe",ds005234,1
"Anastasia Neklyudova, Yangyang Liu, Yiyun Xia, Olga Sysoeva",ds005234,1
"Yanglan Yu, Qingzhou Huang, Shiying Gao, An-Min Li",ds005296,1
"Mishaela DiNino, Jenna Crowell, Ilsa Kloiber, Melissa J. Polonenko",ds005340,1
"Maryam Karimi-Boroujeni, Sajad Sadeghkhani, Christian Giguère, Saeid R. Seydnejad, Hilmi R. Dajani",ds005340,1
"Cristian Felipe Blanco-Díaz, Cristian David Guerrero-Méndez, Denis Delisle-Rodríguez, Alberto F. De Souza, Claudine Badué, Teodiano Bastos-Filho",ds005342,1
"Zuguang Rao, Junbiao Zhu, Zilin Lu, Rui Zhang, Kendi Li, Zijing Guan, Yuanqing Li",ds005342,1
"Cristian Felipe Blanco-Díaz, Cristian David Guerrero-Méndez, Denis Delisle-Rodríguez, Sebastián Jaramillo-Isaza, Andrés F. Ruíz-Olaya, Anselmo Frizera, Alberto F. De Souza, Teodiano Bastos-Filho",ds005342,1
"Nuttawat Rungsirisilp, Pakaratee Chaiyawat, Sakaowrat Techataweesub, Aungsunee Meesrisuk, Yodchanan Wongsawat",ds005342,1
"Cristian David Guerrero-Méndez, Cristian Felipe Blanco-Díaz, Hamilton Rivera-Flor, Claudine Badué, Alberto F. De Souza, Denis Delisle-Rodríguez, Teodiano Bastos-Filho",ds005342,1
"Cristian David Guerrero-Méndez, Cristian Felipe Blanco-Díaz, Hamilton Rivera-Flor, Pedro Henrique Fabriz Ulhoa, Eduardo Antonio Fragoso-Dias, Rafhael M. Andrade, Denis Delisle-Rodríguez, Teodiano Bastos-Filho",ds005342,1
"Mavin Heim, Florian Heinrichs, Michael Hueppe, Fran Nunez, Alexander Szameitat, Muriel Reuter, Stefan M. Goetz, Corinna Weber",ds005342,1
"Chunchu Zhu, Sushant Maurya, Jingang Yi, Ashish Dutta",ds005342,1
"Jingyu Su, Shan An, Guoxin Wang, Xinlin Sun, Yushi Hao, Haoyu Li, Zhongke Gao",ds005342,1
"Weizhen Wang, Bin Shi, Dong Wang, Jing Wang, Gang Liu",ds005342,1
"Diana-Eliza Gherman, Laurens R. Krol, Marius Klug, Thorsten O. Zander",ds005342,1
"Diana E. Gherman, Thorsten O. Zander",ds005342,1
"Yingyu Cao, Jihui Ding, Zhenxi Zhao, Yongzheng He, Minyue Fu, Xuecheng Liu, Xiangpeng Lyv",ds005342,1
"Chengyu Hou, Qian Chen, Peng Chen, Xiangyun Li, Shuo Li",ds005342,1
"Ruisen Huang, Wenze Shang, Yutong Li, Guanglin Li, Xinyu Wu, Fei Gao",ds005342,1
"Yuta Sasatake, Kojiro Matsushita",ds005342,1
"Martha-Rocío Torres-Narváez, Oliver Müller, Álvaro D. Orjuela-Cañón",ds005342,1
"Cristian David Guerrero-Méndez, Hamilton Rivera-Flor, Denis Delisle-Rodríguez, Leonardo Abdala Elias, Teodiano Bastos-Filho",ds005342,1
"Shimiao Chen, Xiangzeng Kong, Han Junfeng, Cailin Wu, Tingting Zhang",ds005342,1
"Shimiao Chen, Nan Li, Xiangzeng Kong, Dong Huang, Tingting Zhang","ds005342,nm000171",2
"A. Rushbrooke, Saber Sami, Matthew Middlehurst, Anthony J. Bagnall","ds005342,nm000171",2
"Nayid Triana-Guzman, Cristian David Guerrero-Méndez, Brayan S. Moreno-Arevalo, Álvaro D. Orjuela-Cañón, Andrés L. Jutinico",ds005342,1
"Andrés L. Jutinico, Maria Fernanda Hueso-Torres, Jimmy Alejandro Montoya-Mora",ds005342,1
"Fatemeh Keshvari, Alireza Farsi, Behrouz Abdoli, Saeed Alboghebeish","ds005342,ds007609",2
"Eric Albers, Paul Marriott, Masami Tatsuno",ds005342,1
"Isabel Whiteley Tscherniak, Niels Christopher Thiemann, Ana McWhinnie-Fern'andez, Iustin Curcean, Leon Jokinen, Sadat Hodzic, T. Huber, D. Pavlov, Manuel Methasani, Pietro Marcolongo, Glenn Viktor Krafczyk, Oscar Soto Rivera, Thien Le, Flaminia Pallotti, Enrico A. Fazzi, V. neuroTUMe.",ds005342,1
"Sahana Nagabhushan Kalburgi, Tobias Kleinert, Delara Aryan, Kyle Nash, Bastian Schiller, Thomas Koenig",ds005385,1
"Tobias Kleinert, T. Koenig, Kyle Nash, E. Wascher",ds005385,1
"Stephan Getzmann, P. Gajewski, Daniel Schneider, Edmund Wascher",ds005385,1
"P. Gajewski, Jennifer A. Rieker, G. Athanassiou, P. Bröde, M. Claus, K. Golka, J. Hengstler, T. Kleinsorge, M. Nitsche, J. Reinders, A. Tisch, C. Watzl, E. Wascher, Stephan Getzmann",ds005385,1
"A. Koch, R. Stirnberg, Santiago Estrada, W. Zeng, V. Lohner, Mohammad Shahid, P. Ehses, Eberhard D Pracht, Martin Reuter, Tony Stoecker, Monique M. B. Breteler",ds005385,1
"E. Wascher, F. Sharifian, M. Gutberlet, Daniel Schneider, Stephan Getzmann, Stefan Arnau",ds005385,1
"P. Gajewski, K. Golka, J. Hengstler, T. Kadhum, Jan Digutsch, E. Genç, E. Wascher, Stephan Getzmann",ds005385,1
"Annakarina Mundorf, Stephan Getzmann, P. Gajewski, M. Larra, E. Wascher, S. Ocklenburg",ds005385,1
"P. Bröde, M. Claus, P. Gajewski, Stephan Getzmann, K. Golka, J. Hengstler, E. Wascher, C. Watzl",ds005385,1
"Osman Akan, A. Bierbrauer, Lukas Kunz, P. Gajewski, Stephan Getzmann, J. Hengstler, E. Wascher, N. Axmacher, O. Wolf",ds005385,1
"M. F. Colavitta, L. Grasso, F. Barrantes",ds005385,1
"P. Bröde, M. Claus, P. Gajewski, Stephan Getzmann, E. Wascher, C. Watzl",ds005385,1
"Stephan Getzmann, Daniel Schneider, E. Wascher",ds005385,1
"Stephan Getzmann, Stefan Arnau, P. Gajewski, Edmund Wascher",ds005385,1
"Stephan Getzmann, Stefan Arnau, P. Gajewski, E. Wascher",ds005385,1
"Paula Ivone Rodríguez-Azar, José Manuel Mejía Muñoz, O. Cruz-Mejía, Rafael Torres-Escobar, Lucero Verónica Ruelas López",ds005385,1
"Stephan Getzmann, Klaus Golka, P. Bröde, Joerg Reinders, Thura Kadhum, J. Hengstler, E. Wascher, P. Gajewski",ds005385,1
"P. Gajewski, Peter Bröde, Maren Claus, Klaus Golka, J. Hengstler, J. Reinders, Carsten Watzl, Edmund Wascher, Stephan Getzmann",ds005385,1
"M. Larra, P. Gajewski, Stephan Getzmann, Edmund Wascher, Yannick A. Metzler",ds005385,1
"H. Jungeblut, Erhan Genç, Michael Burke, P. Gajewski, Stephan Getzmann, Edmund Wascher, Anna-Lena Schubert",ds005385,1
"Peter Bröde, Maren Claus, Stephan Getzmann, Klaus Golka, J. Hengstler, Joerg Reinders, Edmund Wascher, Carsten Watzl, P. Gajewski",ds005385,1
"Chang Xu, Chuqiao Li, Tong Cui, Shaoqi Li, Xiaodong Han, Boye Wen, Cuibai Wei",ds005385,1
"Thomas Tveitstøl, Mats Tveter, Christoffer Hatlestad-Hall, Hugo L Hammer, Ira R. J. Hebold Haraldsen",ds005385,1
"Hila Dvir, Shu Guo, Rui Kang, Daqing Li, S. Havlin",ds005385,1
"Rebecca Engler, Christina Stammen, Stefan Arnau, Javier E. Schneider Peñate, D. Metzen, Jan Digutsch, P. Gajewski, Stephan Getzmann, C. Fraenz, J. Reinders, F. Streit, Sebastian Ocklenburg, Daniel Schneider, Michael Burke, J. Hengstler, Carsten Watzl, Michael A. Nitsche, R. Kumsta, Edmund Wascher, Erhan Genꞔ",ds005385,1
"Mohsen Mohammadi, Alexander Koutamanis",ds005397,1
"Hane Yorda Dinata, Eldyana Citra Laksita",ds005408,1
"Siddhant Tripathy, Maral Budak, Ross K. Maddox, Anahita H. Mehta, Michael T. Roberts, Gabriel Corfas, Victoria Booth, Michał Żochowski",ds005408,1
"Mishaela DiNino, J. Crowell, Ilsa Kloiber, Melissa J. Polonenko",ds005408,1
"E. Gkintoni, C. Halkiopoulos",ds005571,1
"Michela Balconi, Carlotta Acconito, Laura Angioletti",ds005571,1
"Junlian Luo, Gizay Ceylan, Laura Cohen, Gijs Plomp, David Pascucci",ds005571,1
"Ceyda Sayalı, Allie Truesdale, David S. Rosen, Frederick S. Barrett",ds005571,1
"Haerin Byeon, Gang Li, Frank Pollick, Sung-Bae Cho",ds005571,1
"Rashmi Parajuli, Eleanor Flynn, Mukesh Dhamala",ds005571,1
"Zulin Chen, Dingtao Yan, Xinchun Wang, Zehui Xie, Shumin Luo, Y Chen, Hongmiao Chen",ds005571,1
"Allison C. Nugent, Adam G. Thomas, Margaret Mahoney, Alison Gibbons, Jarrod T. Smith, Antoinette J. Charles, Jacob S. Shaw, Jeffrey Stout, Anna Namyst, Arshitha Basavaraj, Eric Earl, Travis Riddle, Joseph Snow, Shruti Japee, Adriana J. Pavletic, Stephen Sinclair, Vinai Roopchansingh, Peter A. Bandettini, Joyce Y. Chung","ds000247,ds005752",2
"Anna Zapaishchykova, Kevin X. Liu, Anurag Saraf, Zezhong Ye, Paul J. Catalano, Viviana Benitez, Yashwanth Ravipati, Arnav Jain, Julia Huang, Hasaan Hayat, Jirapat Likitlersuang, Sridhar Vajapeyam, Rishi Chopra, Ariana Familiar, Ali Nabavidazeh, Raymond H. Mak, Adam Resnick, Sabine Mueller, Tabitha Cooney, Daphne A. Haas‐Kogan, Tina Young Poussaint, Hugo J.W.L. Aerts, Benjamin H. Kann",ds005752,1
"Michelle G. Jansen, Marcel P. Zwiers, José P. Marques, Kwok‐Shing Chan, Jitse S. Amelink, Mareike Altgassen, Joukje M. Oosterman, David G. Norris",ds005752,1
"Bethany Little, Nida Alyas, Alexander Surtees, Gavin P. Winston, John S. Duncan, David A. Cousins, John‐Paul Taylor, Peter N. Taylor, Karoline Leiberg, Yujiang Wang",ds005752,1
"Yu Zhang, Matthew Moore, Jennifer Jennings, J. David Clark, Peter J. Bayley, J. Wesson Ashford, Ansgar J. Furst",ds005752,1
"Francesco La Rosa, Jonadab dos Santos Silva, Emma Dereskewicz, Azzurra Invernizzi, Noa Cahan, Julia Galasso, Nadia Garcia, Robin Graney, Sarah Levy, Gaurav Verma, Priti Balchandani, Daniel S. Reich, Megan K. Horton, Hayit Greenspan, James Sumowski, Meritxell Bach Cuadra, Erin Beck",ds005752,1
"Anna Zapaishchykova, Divyanshu Tak, Zezhong Ye, Kevin X. Liu, Jirapat Likitlersuang, Sridhar Vajapeyam, Rishi Chopra, Jakob Seidlitz, Richard A. I. Bethlehem, Raymond H. Mak, Sabine Mueller, Daphne A. Haas‐Kogan, Tina Young Poussaint, Hugo J.W.L. Aerts, Benjamin H. Kann",ds005752,1
"Ziang Deng, Haoxiang Wang, Xiyue Yang, Keru Huang, Yuanyou Li, Na Hu, Liangxue Zhou",ds005752,1
"Mohammadamin Parsaei, Gelayol Barahman, Parvaneh Hamian Roumiani, Ehsan Ranjbar, Sahar Ansari, Anahita Najafi, Hanie Karimi, Mohammad Hadi Aarabi, Hossein Sanjari Moghaddam",ds005752,1
"Mohammad Zamanzadeh, Ymke Verduyn, Augustijn de Boer, Tomas Ros, Thomas Wolfers, Richard Dinga, Marie Safar Postma, André F. Marquand, Marijn van Wingerden, Seyed Mostafa Kia",ds005752,1
"Connor Lewis, Selby I. Chipman, Jean M. Johnston, Maria T. Acosta, Cynthia J. Tifft, Camilo Toro",ds005752,1
"Mattson Ogg, Lindsey Kitchell",ds005752,1
"Xinjie Chen, Po‐Jui Lu, Mario Ocampo‐Pineda, Alessandro Cagol, Sabine Schädelin, Esther Ruberte, Matthias Weigel, Federico Spagnolo, Pascal Benkert, Johanna M. Lieb, David Leppert, Özgür Yaldizli, Johanna Oechtering, Marcus D’Souza, Bettina Fischer‐Barnicol, Tobias J. Derfuss, Clara Ekerdt, Willeke M. Menks, Kwok‐Shing Chan, Marcel P. Zwiers, Andrew Chan, Robert Hoepner, Franca Wagner, Caroline Pot, Renaud Du Pasquier, Sebastian Finkener, Michael Diepers, Claire Bridel, Patrice H. Lalive, Marjolaine Uginet, Claudio Gobbi, Chiara Zecca, Emanuele Pravatà, Giulio Disanto, Patrick Roth, Jochen Vehoff, Stefanie Mueller, Olaf Chan-Hi Kim, Ludwig Kappos, Jens Kühle, Lester Melie‐García, José P. Marques, Cristina Granziera",ds005752,1
"Qinghui Zhu, Heze Han, Li Ma, Ruinan Li, Zhipeng Li, Anqi Li, Haibin Zhang, Kexin Yuan, Chengzhuo Wang, Yukun Zhang, Hongwei Zhang, Yu Chen, Xiaolin Chen",ds005752,1
"M.N. Ustinin, S.D. Rykunov",ds005752,1
"Connor Lewis, Selby I. Chipman, Cynthia J. Tifft, Camilo Toro, William A. Gahl, Maria T. Acosta, Wendy J. Introne",ds005752,1
Mikołaj A. Pawlak,ds005752,1
"Tatsuya Yamamoto, Tomoki Sugiura, Tomoyuki Hiroyasu, Satoru Hiwa",ds005752,1
"nanjie chen, Jin Ding, Min Xiang, Zhenyu Liu, Fuzhi Cao",ds005752,1
"Maria I. Perica, Gaylen Fronk, Anna E. Kirkland, Deanna Varley, Matthew Sunderland, L. Mewton, Lindsay M. Squeglia",ds005752,1
"Allison C. Nugent, Anna Namyst, Frederick W. Carver, Paul M. Thompson, Jeffrey Stout",ds005752,1
"Adriano Schimmenti, Vladan Starčević, Alessandro Giardina, Yasser Khazaal, Joël Billieux",ds005752,1
"Robert A. Doss, Sara E. Lowmaster",ds005752,1
"Germano Vera Cruz, Elias Aboujaoude, Riaz Khan, Lucien Rochat, Farah Ben Brahim, Robert Courtois, Yasser Khazaal",ds005752,1
"Alison Gibbons, Cristan Farmer, Jacob S. Shaw, Joyce Y. Chung",ds005752,1
"John W. Lace, Zachary C. Merz",ds005752,1
"Shaojun Ma, Wenji Wang, Min Tang, Han Chen, Feng Ding",ds005752,1
"Joyce Y. Chung, Alison Gibbons, Lauren Y. Atlas, Elizabeth D. Ballard, Monique Ernst, Shruti Japee, Cristan Farmer, Jacob S. Shaw, Francisco Pereira",ds005752,1
"Joanna E. Bettmann, Ileana Anderson, Joe Makouske, Adam W. Hanley",ds005752,1
"Jacob D. Meyer, Shania J.E. Kelly, John M. Gidley, Jeni E. Lansing, Seana L. Smith, Sydney L. Churchill, Emily B.K. Thomas, Simon B. Goldberg, Heather C. Abercrombie, Thomas A. Murray, Nathaniel G. Wade",ds005752,1
"Irena Mikhalyuk, L. A. R. Stein, Manshu Yang, Barbara Lamoureux, Denise Achin, Jacob J. van den Berg",ds005752,1
"Carl Harris, Cristan Farmer, Lauren Y. Atlas, Allie Gibbons, Jacob D. Shaw, Joyce Chung, Francisco C. Pereira, Adam G Thomas",ds005752,1
"Jonathan Knights, Victoria Bangieva, Michela Passoni, Macayla L. Donegan, Jacob Shen, Audrey A. Klein, Justin T. Baker, Holly C. Dubois",ds005752,1
"Mehri Salari, Hossein Pakdaman, Masoud Etemadifar, Fatemeh Hojjatipour, Maede Khalkhali, Nima Mirjamali, Arash Hossein Abadi Farahani",ds005752,1
"Titilola Akintola, Joyce Y. Chung, Lauren Y. Atlas",ds005752,1
"Wolfgang Hagleitner, Stephan Sting, Fred Berger, Maria Groinig, Susanne Roßnagl, Thomas Maran",ds005752,1
"Jacob D. Meyer, Seana L. Smith, John M. Gidley, A. Camacho Molina, Sydney L. Churchill, Shania J.E. Kelly, Jeni E. Lansing, Nathaniel G. Wade, Alison Phillips, Peng Liu, Matthew P. Herring, Thomas A. Murray, Jill N. Barnes, Simon B. Goldberg, Wesley K. Lefferts",ds005752,1
"Yuzhan Hang, Lydia Gabriela Speyer, Liina Haring, Aja Louise Murray, René Mõttus",ds005752,1
"Oscar Estéban, Christopher J. Markiewicz, Ross Blair, Craig A. Moodie, Ayse Ilkay Isik, Asier Erramuzpe, James D. Kent, Mathias Goncalves, Elizabeth DuPré, M Snyder, Hiroyuki Oya, Satrajit Ghosh, Jessey Wright, Joke Durnez, Russell A. Poldrack, Krzysztof J. Gorgolewski",ds005752,1
"Anahit Babayan, Miray Erbey, Deniz Kumral, Janis Reinelt, Andrea Reiter, Josefin Röbbig, H. Lina Schaare, Marie Uhlig, Alfred Anwander, Pierre‐Louis Bazin, Annette Horstmann, Leonie Lampe, Vadim V. Nikulin, Hadas Okon‐Singer, Sven Preusser, André Pampel, Christiane S. Rohr, Julia Sacher, Angelika Thöne-Otto, Sabrina Trapp, Till Nierhaus, Denise Altmann, Katrin Arélin, Maria Blöchl, Edith Bongartz, Patric Breig, Elena Čėsnaitė, Sufang Chen, Roberto Cozatl, Saskia Czerwonatis, Gabriele Dambrauskaite, Maria Dreyer, Jessica Enders, Melina Engelhardt, M. Fischer, Norman Forschack, Johannes Golchert, Laura Golz, C.-N. Alexandrina Guran, Susanna Hedrich, Nicole Hentschel, D. Hoffmann, Julia M. Huntenburg, Rebecca Jost, Anna Kosatschek, Stella Kunzendorf, H. Bruce Lammers, Mark E. Lauckner, Keyvan Mahjoory, Ahmad S. Kanaan",ds005752,1
"Oscar Estéban, Rastko Ćirić, Karolina Finc, Ross Blair, Christopher J. Markiewicz, Craig A. Moodie, James D. Kent, Mathias Goncalves, Elizabeth DuPré, Daniel E. P. Gomez, Zhifang Ye, Taylor Salo, Romain Valabrègue, Inge K. Amlien, Franziskus Liem, Nir Jacoby, Hrvoje Stojić, Matthew Cieslak, Sebastian Urchs, Yaroslav O. Halchenko, Satrajit Ghosh, Alejandro de la Vega, Tal Yarkoni, Jessey Wright, William Hedley Thompson, Russell A. Poldrack, Krzysztof J. Gorgolewski",ds005752,1
"Jessica Oschwald, Sabrina Guye, Franziskus Liem, Philippe Rast, Sherry L. Willis, Christina Röcke, Lutz Jäncke, Mike Martin, Susan Mérillat",ds005752,1
"Eduard T. Klapwijk, Ferdi van de Kamp, Mara van der Meulen, Sabine Peters, Lara M. Wierenga",ds005752,1
"Lada Kohoutová, Juyeon Heo, Sungmin Cha, Sungwoo Lee, Taesup Moon, Tor D. Wager, Choong‐Wan Woo",ds005752,1
"Tonya White, Elisabet Blok, Vince D. Calhoun",ds005752,1
"Stefan Frässle, Eduardo A. Aponte, Saskia Bollmann, Kay H. Brodersen, Ting Cao, Olivia K. Harrison, Samuel J. Harrison, Jakob Heinzle, Sandra Iglesias, Lars Kasper, Ekaterina I. Lomakina, Christoph Mathys, Matthias Müller-Schrader, Inês Pereira, Frederike H. Petzschner, Sudhir Raman, Dario Schöbi, Birte Toussaint, Lilian Weber, Yu Yao, Klaas Ε. Stephan",ds005752,1
"Lukas Snoek, Maite M. van der Miesen, Tinka Beemsterboer, Andries van der Leij, Annemarie Eigenhuis, H. Steven Scholte",ds005752,1
"Nadine Chang, John A. Pyles, Austin Marcus, Abhinav Gupta, Michael J. Tarr, Elissa M. Aminoff",ds005752,1
"Samuel A. Nastase, Yunfei Liu, Hanna Hillman, Asieh Zadbood, Liat Hasenfratz, Neggin Keshavarzian, Janice Chen, Christopher J. Honey, Yaara Yeshurun, Mor Regev, Mai Nguyen, Claire H. C. Chang, Christopher Baldassano, Olga Lositsky, Erez Simony, Michael A. Chow, Yuan Chang Leong, Paula P. Brooks, Emily Micciche, Gina Choe, Ariel Goldstein, Tamara Vanderwal, Yaroslav O. Halchenko, Kenneth A. Norman, Uri Hasson",ds005752,1
"Angelique Van Ombergen, Steven Jillings, Ben Jeurissen, Elena Tomilovskaya, Alena Rumshiskaya, Liudmila Litvinova, Inna Nosikova, Ekaterina Pechenkova, Ilya Rukavishnikov, Olga Manko, Sergey Danylichev, Ria Maxine Rühl, Inessa B. Kozlovskaya, Stefan Sunaert, Paul M. Parizel, В. Е. Синицын, Steven Laureys, Jan Sijbers, Peter zu Eulenburg, Floris L. Wuyts",ds005752,1
"Oliver Howes, Connor Cummings, George E. Chapman, Ekaterina Shatalina",ds005752,1
"Jaroslav Rokicki, Thomas Wolfers, Wibeke Nordhøy, Natalia Tesli, Daniel Quintana, Dag Alnæs, Geneviève Richard, Ann‐Marie G. de Lange, Martina J. Lund, Linn B. Norbom, Ingrid Agartz, Ingrid Melle, Terje Nærland, Geir Selbæk, Karin Persson, Jan Egil Nordvik, Emanuel Schwarz, Ole A. Andreassen, Tobias Kaufmann, Lars T. Westlye",ds005752,1
"Rastko Ćirić, William Hedley Thompson, Romy Lorenz, Mathias Goncalves, Eilidh MacNicol, Christopher J. Markiewicz, Yaroslav O. Halchenko, Satrajit Ghosh, Krzysztof J. Gorgolewski, Russell A. Poldrack, Oscar Estéban",ds005752,1
"Laura Pritschet, Caitlin M. Taylor, Daniela Cossio, Joshua Faskowitz, Tyler Santander, Daniel A. Handwerker, Hannah Grotzinger, Evan Layher, Elizabeth R. Chrastil, Emily G. Jacobs",ds005752,1
"Lea Baecker, Jessica Dafflon, Pedro F. da Costa, Rafael Garcia‐Dias, Sandra Vieira, Cristina Scarpazza, Vince D. Calhoun, João Ricardo Sato, Andrea Mechelli, Walter Hugo Lopez Pinaya",ds005752,1
"Sarah Aliko, Jiawen Huang, Florin Gheorghiu, Stefanie Meliß, Jeremy I Skipper",ds005752,1
"Ivan I. Maximov, Dag Alnæs, Lars T. Westlye",ds005752,1
"Chantal M. W. Tax, Matteo Bastiani, Jelle Veraart, Eleftherios Garyfallidis, M. Okan İrfanoğlu",ds005752,1
"Natacha Mendes, Sabine Oligschläger, Mark E. Lauckner, Johannes Golchert, Julia M. Huntenburg, Marcel Falkiewicz, Melissa Ellamil, Sarah Krause, Błażej M. Bączkowski, Roberto Cozatl, Anastasia Osoianu, Deniz Kumral, Jared Pool, Laura Golz, Maria Dreyer, Philipp Haueis, Rebecca Jost, Yelyzaveta Kramarenko, Haakon Engen, Katharina Ohrnberger, Krzysztof J. Gorgolewski, Nicolas Farrugia, Anahit Babayan, Andrea Reiter, H. Lina Schaare, Janis Reinelt, Josefin Röbbig, Marie Uhlig, Miray Erbey, Michael Gaebler, Jonathan Smallwood, Arno Villringer, Daniel S. Margulies",ds005752,1
"Jessica Royer, Raúl Rodríguez‐Cruces, Shahin Tavakol, Sara Larivière, Peer Herholz, Qiongling Li, Reinder Vos de Wael, Casey Paquola, Oualid Benkarim, Bo‐yong Park, Alexander J. Lowe, Daniel S. Margulies, Jonathan Smallwood, Andrea Bernasconi, Neda Bernasconi, Birgit Frauscher, Boris C. Bernhardt",ds005752,1
"Lea Waller, Susanne Erk, Elena Pozzi, Yara J. Toenders, Courtney C. Haswell, Marc Büttner, Paul M. Thompson, Lianne Schmaal, Rajendra A. Morey, Henrik Walter, Ilya M. Veer","ds005752,ds006502,on002718,on003645",4
"Alysha D. Gilmore, Nicholas J. Buser, Jamie L. Hanson",ds005752,1
"Stefan Frässle, Samuel J. Harrison, Jakob Heinzle, Brett A. Clementz, Carol A. Tamminga, John A. Sweeney, Elliot S. Gershon, Matcheri S. Keshavan, Godfrey D. Pearlson, Albert R. Powers, Klaas Ε. Stephan",ds005752,1
"Eduard T. Klapwijk, Wouter van den Bos, Christian K. Tamnes, Nora Maria Raschle, Kathryn L. Mills",ds005752,1
"Oscar Ferrante, Urszula Górska, Simon Henin, Rony Hirschhorn, Aya Khalaf, Alex Lepauvre, Ling Liu, David Richter, Yamil Vidal, Niccolò Bonacchi, Tanya Brown, Praveen Sripad, Marcelo Armendáriz, Katarina Bendtz, Tara Ghafari, Dorottya Hetenyi, Jay Jeschke, Csaba Kozma, David Mazumder, Stephanie Montenegro, Alia Seedat, Abdelrahman Sharafeldin, S.-n. Yang, Sylvain Baillet, David J. Chalmers, Radoslaw Martin Cichy, Francis T. Fallon, Theofanis I. Panagiotaropoulos, Hal Blumenfeld, Floris P. de Lange, Sasha Devore, Ole Jensen, Gabriel Kreiman, Huan Luo, Mélanie Boly, Stanislas Dehaene, Christof Koch, Giulio Tononi, Michael Pitts, Liad Mudrik, Lucía Melloni",ds005752,1
"Bianca A. V. Alberton, Thomas E. Nichols, Humberto Remigio Gamba, Anderson M. Winkler",ds005752,1
"Jennifer Monereo Sánchez, J. de Jong, Gerhard S. Drenthen, Magdalena Beran, Walter H. Backes, Coen D.A. Stehouwer, Miranda T. Schram, David E.J. Linden, Jacobus F.A. Jansen",ds005752,1
"Aidas Aglinskas, Joshua K. Hartshorne, Stefano Anzellotti",ds005752,1
"Anders Eklund, Hans Knutsson, Thomas E. Nichols",ds005752,1
"Rafael Garcia‐Dias, Cristina Scarpazza, Lea Baecker, Sandra Vieira, Walter Hugo Lopez Pinaya, Aiden Corvin, Alberto Redolfi, Barnaby Nelson, Benedicto Crespo‐Facorro, Colm McDonald, Diana Tordesillas‐Gutiérrez, Dara M. Cannon, David Mothersill, Dennis Hernaus, Derek W. Morris, Esther Setién‐Suero, Gary Donohoe, Giovanni B. Frisoni, Giulia Tronchin, João Ricardo Sato, Machteld Marcelis, Matthew J. Kempton, Neeltje E.M. van Haren, Oliver Gruber, Patrick D. McGorry, G. Paul Amminger, Philip McGuire, Qiyong Gong, René S. Kahn, Rosa Ayesa‐Arriola, Thérèse van Amelsvoort, Víctor Ortiz‐García de la Foz, Vince D. Calhoun, Wiepke Cahn, Andrea Mechelli",ds005752,1
"Carolina Makowski, Martín Lepage, Alan C. Evans",ds005752,1
"Lennart Wittkuhn, Nicolas W. Schuck","ds002761,ds005752",2
"Oscar Estéban, Ross Blair, Dylan M. Nielson, Jan C. Varada, Sean Marrett, Adam G. Thomas, Russell A. Poldrack, Krzysztof J. Gorgolewski",ds005752,1
"Corey Horien, Stephanie Noble, Abigail S. Greene, Kangjoo Lee, Daniel S. Barron, Siyuan Gao, David O’Connor, Mehraveh Salehi, Javid Dadashkarimi, Xilin Shen, Evelyn Lake, R. Todd Constable, Dustin Scheinost","ds000247,ds005752",2
"André Zugman, Anita Harrewijn, Elise M. Cardinale, Hannah Zwiebel, Gabrielle F. Freitag, Katy E. Werwath, Janna Marie Bas‐Hoogendam, Nynke A. Groenewold, Moji Aghajani, Kevin Hilbert, Narcı́s Cardoner, Daniel Porta‐Casteràs, Savannah N. Gosnell, Ramiro Salas, Karina S. Blair, James Blair, Mira Z. Hammoud, Mohammed R. Milad, Katie L. Burkhouse, K. Luan Phan, Heidi K. Schroeder, Jeffrey R. Strawn, Katja Beesdo‐Baum, Sophia I. Thomopoulos, Hans J. Grabe, Sandra Van der Auwera, Katharina Wittfeld, Jared A. Nielsen, Randy L. Buckner, Jordan W. Smoller, Benson Mwangi, Jair C. Soares, Mon‐Ju Wu, Giovana Zunta‐Soares, Andrea Parolin Jackowski, Pedro Mário Pan, Giovanni Abrahão Salum, Michal Assaf, Gretchen J. Diefenbach, Paolo Brambilla, Eleonora Maggioni, David Hofmann, Thomas Straube, Carmen Andreescu, Rachel Berta, Erica Tamburo, Rebecca B. Price, Gisele Gus Manfro, Hugo Critchley, Elena Makovac",ds005752,1
"Anisha Keshavan, Jason D. Yeatman, Ariel Rokem",ds005752,1
"Francesca Morfini, Susan Whitfield‐Gabrieli, Alfonso Nieto-Castañón",ds005752,1
"Bo‐yong Park, Kyoungseob Byeon, Hyunjin Park",ds005752,1
"Sheeba J. Sujit, Ivan Coronado, Arash Kamali, Ponnada A. Narayana, Refaat E. Gabr",ds005752,1
"Anita Harrewijn, Elise M. Cardinale, Nynke A. Groenewold, Janna Marie Bas‐Hoogendam, Moji Aghajani, Kevin Hilbert, Narcı́s Cardoner, Daniel Porta‐Casteràs, Savannah N. Gosnell, Ramiro Salas, Andrea Parolin Jackowski, Pedro Mário Pan, Giovanni Abrahão Salum, Karina S. Blair, James Blair, Mira Z. Hammoud, Mohammed R. Milad, Katie L. Burkhouse, K. Luan Phan, Heidi K. Schroeder, Jeffrey R. Strawn, Katja Beesdo‐Baum, Neda Jahanshad, Sophia I. Thomopoulos, Randy L. Buckner, Jared A. Nielsen, Jordan W. Smoller, Jair C. Soares, Benson Mwangi, Mon‐Ju Wu, Giovana Zunta‐Soares, Michal Assaf, Gretchen J. Diefenbach, Paolo Brambilla, Eleonora Maggioni, David Hofmann, Thomas Straube, Carmen Andreescu, Rachel Berta, Erica Tamburo, Rebecca B. Price, Gisele Gus Manfro, Federica Agosta, Elisa Canu, Camilla Cividini, Massimo Filippi, Milutin Kostić, Ana Munjiza, Bianca A. V. Alberton, Brenda E. Benson",ds005752,1
"Jason D. Yeatman, Adam Richie-Halford, Josh Smith, Anisha Keshavan, Ariel Rokem",ds005752,1
"Ursula A. Tooley, Anne T. Park, Julia Leonard, Austin L. Boroshok, Cassidy L. McDermott, M. Dylan Tisdall, Dani S. Bassett, Allyson P. Mackey",ds005752,1
"Xinqi Zhou, Renjing Wu, Yixu Zeng, Ziyu Qi, Stefania Ferraro, Lei Xu, Xiaoxiao Zheng, Jia‐Lin Li, Meina Fu, Shuxia Yao, Keith M. Kendrick, Benjamin Becker",ds005752,1
Angela R. Laird,ds005752,1
"Tal Yarkoni, Christopher J. Markiewicz, Alejandro de la Vega, Krzysztof J. Gorgolewski, Taylor Salo, Yaroslav O. Halchenko, Quinten McNamara, Krista DeStasio, Jean‐Baptiste Poline, Dmitry Petrov, Valérie Hayot-Sasson, Dylan M. Nielson, Johan D. Carlin, Gregory Kiar, Kirstie Whitaker, Elizabeth DuPré, Adina Wagner, Lee S. Tirrell, Mainak Jas, Michael Hanke, Russell A. Poldrack, Oscar Estéban, Stefan Appelhoff, Chris Holdgraf, Isla Staden, Bertrand Thirion, Dave Kleinschmidt, John Anthony Lee, Matteo di Castello, Michael Notter, Ross Blair",ds005752,1
"Lea L. Backhausen, Megan M. Herting, Christian K. Tamnes, Nora C. Vetter",ds005752,1
"Soichi Hayashi, Bradley Caron, Anibal Sólon Heinsfeld, Sophia Vinci‐Booher, Brent McPherson, Daniel Bullock, Giulia Bertò, Guiomar Niso, Sandra Hanekamp, Daniel Levitas, Kimberly L. Ray, A. Mackenzie, Paolo Avesani, Lindsey Kitchell, Josiah K. Leong, Filipi N. Silva, Serge Koudoro, Hanna E. Willis, Jasleen K. Jolly, Derek Pisner, Taylor R. Zuidema, Jan W. Kurzawski, Kyriaki Mikellidou, Aurore Bussalb, Maximilien Chaumon, Nathalie George, Chris Rorden, Conner Victory, Dheeraj Bhatia, Dogu Baran Aydogan, Fang‐Cheng Yeh, Franco Delogu, Javier Guaje, Jelle Veraart, Jeremy Fischer, Joshua Faskowitz, Ricardo Fábrega, David Hunt, S. P. Mc Kee, Shawn T. Brown, Stephanie Heyman, Vittorio Iacovella, Amanda F. Mejia, Daniele Marinazzo, R. Cameron Craddock, Emanuale Olivetti, Jamie L. Hanson, Eleftherios Garyfallidis, Dan Stanzione, James P. Carson",ds005752,1
"Angela Renton, Thuy Dao, Tom Johnstone, Oren Civier, Ryan P. Sullivan, David White, Paris Lyons, Benjamin Slade, David F. Abbott, Joan Toluwani Amos, Saskia Bollmann, Andy Botting, Megan E. J. Campbell, Jeryn Chang, Thomas Close, Monika Dörig, Korbinian Eckstein, Gary F. Egan, Stefanie Evas, Guillaume Flandin, Kelly Garner, Marta I. Garrido, Satrajit Ghosh, Martin Grignard, Yaroslav O. Halchenko, Anthony J. Hannan, Anibal Sólon Heinsfeld, Laurentius Huber, Matthew Hughes, Jakub Kaczmarzyk, Lars Kasper, Levin Kuhlmann, Kexin Lou, Yorguin-José Mantilla-Ramos, Jason B. Mattingley, Michael L. Meier, Jo Morris, Akshaiy Narayanan, Franco Pestilli, Aina Puce, Fernanda L. Ribeiro, Nigel C. Rogasch, Chris Rorden, Mark M. Schira, Thomas B. Shaw, Paul F. Sowman, Gershon Spitz, Ashley Stewart, Xincheng Ye, Judy D. Zhu",ds005752,1
"Matteo Visconti di Oleggio Castello, Vassiki Chauhan, Guo Jiahui, M. Ida Gobbini",ds005752,1
"Pavel Prado, Vicente Medel, Raúl González-Gómez, Agustín Sainz‐Ballesteros, Víctor Vidal, Hernando Santamaría‐García, Sebastián Moguilner, Jhony Mejia, Andrea Slachevsky, María Isabel Behrens, David Aguillón, Francisco Lopera, Mario A. Parra, Diana Matallana, Marcelo Adrián Maito, Adolfo M. García, Nilton Custodio, José Alberto Ávila‐Funes, Stefanie Danielle Piña‐Escudero, Agustina Birba, Sol Fittipaldi, Agustina Legaz, Agustín Ibáñez","ds005752,on006126",2
"Ádám Nárai, Petra Hermann, Tibor Auer, Péter Kemenczky, János Szalma, István Homolya, Eszter Somogyi, Pál Vakli, Béla Weiss, Zoltán Vidnyánszky",ds005752,1
"Ruben P. Dörfel, Joan M. Arenas‐Gomez, Patrick M. Fisher, Melanie Ganz, Gitte M. Knudsen, Jonas E. Svensson, Pontus Plavén‐Sigray",ds005752,1
"Linn B. Norbom, Jaroslav Rokicki, Dag Alnæs, Tobias Kaufmann, Nhat Trung Doan, Ole A. Andreassen, Lars T. Westlye, Christian K. Tamnes",ds005752,1
"Falk Lüsebrink, Hendrik Mattern, Renat Yakupov, Julio Acosta‐Cabronero, Mohammad Ashtarayeh, Steffen Oeltze‐Jafra, Oliver Speck",ds005752,1
"Stephan Heunis, Rolf Lamerichs, Svitlana Zinger, César Caballero‐Gaudes, Jacobus F.A. Jansen, Bert Aldenkamp, Marcel Breeuwer",ds005752,1
"Nagehan Demirci, Maria A. Holland",ds005752,1
"Adam Messinger, Nikoloz Sirmpilatze, Katja Heuer, Kep Kee Loh, Rogier B. Mars, Julien Sein, Ting Xu, Daniel Glen, Benjamin Jung, Jakob Seidlitz, Paul A. Taylor, Roberto Toro, Eduardo A. Garza‐Villarreal, Caleb Sponheim, Xindi Wang, R. Austin Benn, Bastien Cagna, Rakshit Dadarwal, HC Evrard, Pamela García Saldivar, Steven Giavasis, Renée Hartig, Claude Lepage, Cirong Liu, Piotr Majka, Hugo Merchant, Michael P. Milham, Marcello G. P. Rosa, Jordy Tasserie, Lynn Uhrig, Daniel S. Margulies, P. Christiaan Klink",ds005752,1
"Rotem Botvinik‐Nezer, Roni Iwanir, Felix Holzmeister, Jürgen Huber, Magnus Johannesson, Michael Kirchler, Anna Dreber, Colin F. Camerer, Russell A. Poldrack, Tom Schönberg",ds005752,1
"Amir Reza Sadri, Andrew Janowczyk, Ren Zhou, Ruchika Verma, Niha Beig, Jacob Antunes, Anant Madabhushi, Pallavi Tiwari, Satish E Viswanath",ds005752,1
"Gustavo Sudre, Aman Mangalmurti, Philip Shaw",ds005752,1
"Patrick McClure, Nao Rho, John A. Lee, Jakub Kaczmarzyk, Charles Zheng, Satrajit Ghosh, Dylan M. Nielson, Adam G. Thomas, Peter A. Bandettini, Francisco Pereira",ds005752,1
"Theresa Raiser, Virginia L. Flanagin, Marco Duering, Angelique Van Ombergen, Ria Maxine Ruehl, Peter zu Eulenburg",ds005752,1
"Maria Jalbrzikowski, Rebecca A. Hayes, Kathleen E. Scully, Peter L. Franzen, Brant P. Hasler, Greg J. Siegle, Daniel J. Buysse, Ronald E. Dahl, Erika E. Forbes, Cecile D. Ladouceur, Dana L. McMakin, Neal D. Ryan, Jennifer S. Silk, Tina R. Goldstein, Adriane M. Soehner",ds005752,1
"Jikke T Boelens Keun, Eva M. van Heese, Max A. Laansma, Cees J. Weeland, Niels T. de Joode, Odile A. van den Heuvel, Jari K. Gool, Selina Kasprzak, Joanna K. Bright, Chris Vriend, Ysbrand D. van der Werf",ds005752,1
"Christian Paret, Nike Unverhau, Franklin Feingold, Russell A. Poldrack, Madita Stirner, Christian Schmahl, Maurizio Sicorello",ds005752,1
"Nathaniel G. Harnett, Katherine E. Finegold, Lauren A. M. Lebois, Sanne J.H. van Rooij, Timothy D. Ely, Vishnu P. Murty, Tanja Jovanović, Steven E. Bruce, Stacey L. House, Francesca L. Beaudoin, Xinming An, Donglin Zeng, Thomas C. Neylan, Gari D. Clifford, Sarah D. Linnstaedt, Laura Germine, Kenneth A. Bollen, Scott L. Rauch, John P. Haran, Alan B. Storrow, Christopher Lewandowski, Paul I. Musey, Phyllis L. Hendry, Sophia Sheikh, Christopher W. Jones, Brittany E. Punches, Michael C. Kurz, Robert A. Swor, Lauren A. Hudak, José L. Pascual, Mark J. Seamon, Erica Harris, Anna Marie Chang, Claire Pearson, David A. Peak, Robert M. Domeier, Niels K. Rathlev, Brian J. O’Neil, Paulina Sergot, León D. Sánchez, Mark W. Miller, Robert H. Pietrzak, Jutta Joormann, Deanna M. Barch, Diego A. Pizzagalli, John F. Sheridan, Steven E. Harte, James M. Elliott, Ronald C. Kessler, Karestan C. Koenen",ds005752,1
Christopher R. Madan,"ds000247,ds005752",2
"Simona Bottani, Ninon Burgos, Aurélien Maire, Adam Wild, Sébastian Ströer, Didier Dormont, Olivier Colliot",ds005752,1
"Chen-Yuan Kuo, Pei‐Lin Lee, Sheng‐Che Hung, Li-Kuo Liu, Wei‐Ju Lee, Chih‐Ping Chung, Albert C. Yang, Shih‐Jen Tsai, Pei‐Ning Wang, Liang‐Kung Chen, Kun‐Hsien Chou, Ching‐Po Lin",ds005752,1
"Nalini Singh, Jordan B. Harrod, Sandya Subramanian, Mitchell B. Robinson, Ken Chang, Suheyla Cetin‐Karayumak, Adrian V. Dalca, Simon B. Eickhoff, Michael Fox, Loraine Franke, Polina Golland, Daniel Haehn, Juan Eugenio Iglesias, Lauren J. O’Donnell, Yangming Ou, Yogesh Rathi, Shan H. Siddiqi, Haoqi Sun, M. Brandon Westover, Susan Whitfield‐Gabrieli, Randy L. Gollub",ds005752,1
"William Pham, Miranda Lynch, Gershon Spitz, Terence J. O’Brien, Lucy Vivash, Benjamin Sinclair, Meng Law",ds005752,1
"Maarten G. Poirot, Henricus G. Ruhé, Henk Mutsaerts, Ivan I. Maximov, Inge Rasmus Groote, Atle Bjørnerud, Henk A. Marquering, Liesbeth Reneman, Matthan W.A. Caan",ds005752,1
"Emmanuel Peng Kiat Pua, Sarah Barton, Katrina Williams, Jeffrey M. Craig, Marc L. Seal",ds005752,1
"Rotem Botvinik‐Nezer, Felix Holzmeister, Colin F. Camerer, Anna Dreber, Jürgen Huber, Magnus Johannesson, Michael Kirchler, Roni Iwanir, Jeanette A. Mumford, R. Alison Adcock, Paolo Avesani, Błażej M. Bączkowski, Aahana Bajracharya, Leah Bakst, Sheryl Ball, Marco Barilari, Nadège Bault, Derek Beaton, Julia Beitner, Roland G. Benoit, Ruud Berkers, Jamil P. Bhanji, Bharat B. Biswal, Sebastian Bobadilla-Suarez, Tiago Bortolini, Katherine L. Bottenhorn, Alexander Bowring, Senne Braem, Hayley R. Brooks, Emily G. Brudner, Cristian Buc Calderon, Julia A. Camilleri, Jaime J. Castrellon, Luca Cecchetti, Edna C. Cieslik, Zachary J. Cole, Olivier Collignon, Robert W. Cox, William A. Cunningham, Stefan Czoschke, Kamalaker Dadi, Charles P. Davis, Alberto De Luca, Mauricio R. Delgado, Lysia Demetriou, Jeffrey B. Dennison, Xin Di, Erin W. Dickie, Ekaterina Dobryakova, Claire Donnat",ds005752,1
"Emily Allen, Ghislain St-Yves, Yihan Wu, Jesse Breedlove, Jacob S. Prince, Logan T. Dowdle, Matthias Nau, Bradley Caron, Franco Pestilli, Ian Charest, Ben Hutchinson, Thomas Naselaris, Kendrick Kay",ds005752,1
"Ross D Markello, Aurina Arnatkeviciute, Jean-Baptiste Poline, Ben D Fulcher, Alex Fornito, Bratislav Misic",ds005752,1
"Nicholas J. Tustison, Philip A. Cook, Andrew J. Holbrook, Hans J. Johnson, John Muschelli, Gabriel A. Devenyi, Jeffrey Duda, Sandhitsu R. Das, Nicholas Cullen, Daniel L. Gillen, Michael A. Yassa, James R. Stone, James C. Gee, Brian Avants",ds005752,1
"Christopher J Markiewicz, Krzysztof J Gorgolewski, Franklin Feingold, Ross Blair, Yaroslav O Halchenko, Eric Miller, Nell Hardcastle, Joe Wexler, Oscar Esteban, Mathias Goncavles, Anita Jwa, Russell Poldrack","ds000246,ds005752,ds006502,on002718,on006126",5
"Chang Su, Zhenxing Xu, Jyotishman Pathak, Fei Wang",ds005752,1
"Rastko Ćirić, Adon F.G. Rosen, Güray Erus, Matthew Cieslak, Azeez Adebimpe, Philip A. Cook, Danielle S. Bassett, Christos Davatzikos, Daniel H. Wolf, Theodore D. Satterthwaite",ds005752,1
"Matthew Cieslak, Philip A. Cook, Xiaosong He, Fang‐Cheng Yeh, Thijs Dhollander, Azeez Adebimpe, Geoffrey K. Aguirre, Danielle S. Bassett, Richard F. Betzel, Josiane Bourque, Laura Cabral, Christos Davatzikos, John A. Detre, Eric Earl, Mark A. Elliott, Shreyas Fadnavis, Damien A. Fair, Will Foran, Panagiotis Fotiadis, Eleftherios Garyfallidis, Barry Giesbrecht, Ruben C. Gur, Raquel E. Gur, Max B. Kelz, Anisha Keshavan, Bart Larsen, Beatríz Luna, Allyson P. Mackey, Michael P. Milham, Desmond J. Oathes, Anders Perrone, Adam Pines, David R. Roalf, Adam Richie-Halford, Ariel Rokem, Valerie J. Sydnor, Tinashe M. Tapera, Ursula A. Tooley, Jean M. Vettel, Jason D. Yeatman, Scott T. Grafton, Theodore D. Satterthwaite",ds005752,1
"Jennifer Stine Elam, Matthew F. Glasser, Michael P. Harms, Stamatios N. Sotiropoulos, Jesper Andersson, Gregory C. Burgess, Sandra W. Curtiss, Robert Oostenveld, Linda Larson‐Prior, Jan‐Mathijs Schoffelen, Michael R. Hodge, Eileen A. Cler, Daniel Marcus, Deanna M. Barch, Essa Yacoub, Stephen M. Smith, Kâmil Uǧurbil, David C. Van Essen","ds000248,ds005752",2
"Karolina Finc, Kamil Bonna, Xiaosong He, David M. Lydon‐Staley, Simone Kühn, Włodzisław Duch, Danielle S. Bassett",ds005752,1
"J. van der Meer, Michael Breakspear, Luke J. Chang, Saurabh Sonkusare, Luca Cocchi",ds005752,1
"Joanes Grandjean, Carola Canella, Cynthia Anckaerts, Gülebru Ayrancı, Salma Bougacha, Thomas Bienert, David Buehlmann, Ludovico Coletta, Daniel Gallino, Natalia Gass, Clément M. Garin, Nachiket A. Nadkarni, Neele S. Hübner, Meltem Karatas, Yuji Komaki, Silke Kreitz, Francesca Mandino, Anna E. Mechling, Chika Sato, Katja Sauer, Disha Shah, Sandra Strobelt, Norio Takata, Isabel Wank, Tong Wu, Noriaki Yahata, Ling Yun Yeow, Yohan Yee, Ichio Aoki, M. Mallar Chakravarty, Wei‐Tang Chang, Marc Dhénain, Dominik von Elverfeldt, Laura Harsan, Andreas Heß, Tianzi Jiang, Georgios A. Keliris, Jason P. Lerch, Andreas Meyer‐Lindenberg, Hideyuki Okano, Markus Rudin, Alexander Sartorius, Annemie Van der Linden, Marleen Verhoye, Wolfgang Weber‐Fahr, Nicole Wenderoth, Valerio Zerbi, Alessandro Gozzi",ds005752,1
"Yu Zhang, Wei Wu, Russell Toll, Sharon Naparstek, Adi Maron‐Katz, Mallissa Watts, Joseph R. Gordon, Jisoo Jeong, Laura Astolfi, Emmanuel Shpigel, Parker Longwell, Kamron Sarhadi, Dawlat El-Said, Yuanqing Li, Crystal Cooper, Cherise Chin-Fatt, Martijn Arns, Madeleine S. Goodkind, Madhukar H. Trivedi, Charles R. Marmar, Amit Etkin",ds005752,1
"Clemens Neudorfer, Konstantin Butenko, Simón Oxenford, Nanditha Rajamani, Johannes Achtzehn, Lukas L. Goede, Barbara Hollunder, Ana Sofía Ríos, Lauren Hart, Jordy Tasserie, Kavisha B. Fernando, T. A. Khoa Nguyen, Bassam Al‐Fatly, Matteo Vissani, Michael Fox, R. Mark Richardson, Ursula van Rienen, Andrea A. Kühn, Andreas Husch, Enrico Opri, Till A. Dembek, Ningfei Li, Andreas Horn","ds005752,on006126",2
"Guillaume Theaud, Jean‐Christophe Houde, Arnaud Boré, François Rheault, Félix C. Morency, Maxime Descoteaux",ds005752,1
"Michael J. Crosse, Nathaniel J. Zuk, Giovanni M. Di Liberto, Aaron Nidiffer, Sophie Molholm, Edmund C. Lalor",ds005752,1
"Leonardo Tozzi, Xue Zhang, Adam Pines, Alisa Olmsted, Emily Zhai, Esther T. Anene, Megan Chesnut, Bailey Holt-Gosselin, Sarah Chang, Patrick Stetz, Carolina A. Ramirez, Laura M. Hack, Mayuresh S. Korgaonkar, Max Wintermark, Ian H. Gotlib, Jun Ma, Leanne M. Williams",ds005752,1
"Erin W. Dickie, Alan Anticevic, Dawn E. Smith, Timothy S. Coalson, Mathuvanthi Manogaran, Navona Calarco, Joseph D. Viviano, Matthew F. Glasser, David C. Van Essen, Aristotle N. Voineskos",ds005752,1
"Laurentius Huber, Benedikt A. Poser, Peter A. Bandettini, Kabir Arora, Konrad Wagstyl, Shinho Cho, Jozien Goense, Nils Nothnagel, Andrew Morgan, Job van den Hurk, Anna K Müller, Richard C. Reynolds, Daniel Glen, Rainer Goebel, Ömer Faruk Gülban",ds005752,1
"Jacob S. Prince, Ian Charest, Jan W. Kurzawski, John A. Pyles, Michael J. Tarr, Kendrick Kay",ds005752,1
"Saige Rutherford, Pieter Barkema, Ivy F. Tso, Chandra Sripada, Christian F. Beckmann, Henricus G. Ruhé, André F. Marquand",ds005752,1
"Lilianne R. Mujica‐Parodi, Anar Amgalan, Syed Fahad Sultan, Botond Antal, Xiaofei Sun, Steven Skiena, Andrew Lithen, Noor Adra, Eva‐Maria Ratai, Corey Weistuch, Sindhuja Tirumalai Govindarajan, Helmut H. Strey, Ken A. Dill, Steven M. Stufflebeam, Richard L. Veech, Kieran Clarke",ds005752,1
"Samuel L. Warren, Ahmed A. Moustafa",ds005752,1
"Alfonso Nieto-Castañón, Susan Whitfield‐Gabrieli",ds005752,1
"Kevin Aquino, Ben Fulcher, Linden Parkes, Kristina Sabaroedin, Alex Fornito",ds005752,1
"Jérôme Lecoq, Michael Oliver, Joshua H. Siegle, N. S. Orlova, Peter Ledochowitsch, Christof Koch",ds005752,1
"Martin N. Hebart, Oliver Contier, Lina Teichmann, Adam H Rockter, Charles Zheng, Alexis Kidder, Anna Corriveau, Maryam Vaziri-Pashkam, Chris I. Baker","ds000248,ds005752",2
"Jiahe Zhang, Aaron Kucyi, Jovicarole Raya, Ashley N. Nielsen, Jason S. Nomi, Jessica S. Damoiseaux, Deanna J. Greene, Silvina G. Horovitz, Lucina Q. Uddin, Susan Whitfield‐Gabrieli",ds005752,1
"Kendrick Kay, Keith Jamison, Luca Vizioli, Ru‐Yuan Zhang, Eshed Margalit, Kâmil Uǧurbil",ds005752,1
"Alexandre Routier, Ninon Burgos, Mauricio Díaz, Michael Bacci, Simona Bottani, Omar El-Rifai, Sabrina Fontanella, Pietro Gori, Jérémy Guillon, A. Guyot, Ravi Hassanaly, Thomas Jacquemont, Pascal Lu, Arnaud Marcoux, T. Moreau, Jorge Samper‐Gonzàlez, Marc Teichmann, Elina Thibeau–Sutre, Ghislain Vaillant, Junhao Wen, Adam Wild, Marie‐Odile Habert, Stanley Durrleman, Olivier Colliot",ds005752,1
"Joanes Grandjean, Gabriel Desrosiers-Grégoire, Cynthia Anckaerts, Diego Ángeles-Valdéz, Fadi Ayad, David André Barrière, Ines Blockx, Aleksandra Bortel, Margaret Broadwater, Beatriz M Cardoso, Marina Célestine, Jorge E. Chavez-Negrete, Sangcheon Choi, Emma Christiaen, Perrin Clavijo, Luis M. Colón-Pérez, Samuel Cramer, Tolomeo Daniele, Elaine Dempsey, Yujian Diao, Arno Doelemeyer, David Dopfel, Lenka Dvořáková, Claudia Falfán-Melgoza, Francisca F. Fernandes, Caitlin Fowler, Antonio Fuentes-Ibañez, Clément M. Garin, Eveline Gelderman, Carla E. M. Golden, Chao Guo, Marloes J. A. G. Henckens, Lauren A. Hennessy, Péter Hermán, Nita Hofwijks, Corey Horien, Tudor M. Ionescu, Jolyon A. Jones, Johannes Kaesser, Eugene Kim, Henriette Lambers, Alberto Lazari, Sung-Ho Lee, Amanda Lillywhite, Yikang Liu, Yanyan Y. Liu, Alejandra López-Castro, Xavier López-Gil, Zilu Ma, Eilidh MacNicol",ds005752,1
"Xiao Chen, Bin Lu, Huixian Li, Xueying Li, Yuwei Wang, F. Xavier Castellanos, Liping Cao, Ning-Xuan Chen, Wei Chen, Yuqi Cheng, Shi‐Xian Cui, Zhao‐Yu Deng, Yiru Fang, Qiyong Gong, Wenbin Guo, Zheng-Jia-Yi Hu, Li Kuang, Baojuan Li, Le Li, Tao Li, Tao Lian, Yi‐Fan Liao, Yan‐Song Liu, Zhening Liu, Jianping Lu, Qinghua Luo, Huaqing Meng, Daihui Peng, Jiang Qiu, Yuedi Shen, Tianmei Si, Yanqing Tang, Chuanyue Wang, Fei Wang, Huaning Wang, Kai Wang, Xiang Wang, Ying Wang, Zihan Wang, Xiaoping Wu, Chunming Xie, Guangrong Xie, Peng Xie, Xiufeng Xu, Hong Yang, Jian Yang, Shuqiao Yao, Yongqiang Yu, Yonggui Yuan, Kerang Zhang",ds005752,1
"Sara Larivière, Şeyma Bayrak, Reinder Vos de Wael, Oualid Benkarim, Peer Herholz, Raúl Rodríguez‐Cruces, Casey Paquola, Seok‐Jun Hong, Bratislav Mišić, Alan C. Evans, Sofie L. Valk, Boris C. Bernhardt",ds005752,1
"Raúl Rodríguez‐Cruces, Jessica Royer, Peer Herholz, Sara Larivière, Reinder Vos de Wael, Casey Paquola, Oualid Benkarim, Bo‐yong Park, Janie Degré‐Pelletier, Mark C. Nelson, Jordan DeKraker, Ilana R. Leppert, Christine Tardif, Jean‐Baptiste Poline, Luis Concha, Boris C. Bernhardt",ds005752,1
"Francesca Mandino, Domenic H. Cerri, Clément M. Garin, Milou Straathof, Geralda A. F. van Tilborg, M. Mallar Chakravarty, Marc Dhénain, Rick M. Dijkhuizen, Alessandro Gozzi, Andreas Heß, Shella Keilholz, Jason P. Lerch, Yen‐Yu Ian Shih, Joanes Grandjean",ds005752,1
"Eric Feczko, Greg Conan, Scott Marek, Brenden Tervo‐Clemmens, Michaela Cordova, Olivia Doyle, Eric Earl, Anders Perrone, Darrick Sturgeon, Rachel G. Klein, Gareth Harman, Dakota Kilamovich, Robert Hermosillo, Óscar Miranda-Domínguez, Azeez Adebimpe, Maxwell A. Bertolero, Matthew Cieslak, Sydney Covitz, Timothy Hendrickson, Anthony Juliano, Kathy Snider, Lucille A. Moore, Johnny Uriartel, Alice M. Graham, Finn Calabro, Monica D. Rosenberg, Kristina M. Rapuano, B.J. Casey, Richard Watts, Donald J. Hagler, Wesley K. Thompson, Thomas E. Nichols, Elizabeth A. Hoffman, Beatríz Luna, Hugh Garavan, Theodore D. Satterthwaite, Sarah Feldstein Ewing, Bonnie J. Nagel, Nico U.F. Dosenbach, Damien A. Fair",ds005752,1
"Leonardo Tozzi, Xue Zhang, Megan Chesnut, Bailey Holt-Gosselin, Carolina A. Ramirez, Leanne M. Williams",ds005752,1
"Michael Schirner, Lia Domide, Dionysios Perdikis, Paul Triebkorn, Leon Stefanovski, Roopa Pai, Paula Prodan, Bogdan Valean, Jessica Palmer, Chloê Langford, André Blickensdörfer, Michiel van der Vlag, Sandra Diaz-Pier, Alexander Peyser, Wouter Klijn, D. Pleiter, Anne Nahm, Oliver Schmid, Marmaduke Woodman, Lyuba Zehl, Jan Fousek, Spase Petkoski, Lionel Kusch, Meysam Hashemi, Daniele Marinazzo, Jean‐François Mangin, Agnes Flöel, Simisola Akintoye, Bernd Carsten Stahl, Michael Cepic, Emily L. Johnson, Gustavo Deco, Anthony R. McIntosh, Claus C. Hilgetag, Marc Morgan, Bernd Schuller, Alex Upton, Colin McMurtrie, Timo Dickscheid, Jan G. Bjaalie, Katrin Amunts, Jochen Mersmann, Viktor Jirsa, Petra Ritter",ds005752,1
"Paul A. Taylor, Richard C. Reynolds, Vince D. Calhoun, Javier González-Castillo, Daniel A. Handwerker, Peter A. Bandettini, Amanda F. Mejia, Gang Chen",ds005752,1
"Vincent Bazinet, Justine Y. Hansen, Bratislav Mišić",ds005752,1
"Brigitta Malagurski, Franziskus Liem, Jessica Oschwald, Susan Mérillat, Lutz Jäncke",ds005752,1
"Odile A. van den Heuvel, Premika S.W. Boedhoe, Sara Bertolín, Willem B. Bruin, Clyde Francks, Iliyan Ivanov, Neda Jahanshad, Xiangzhen Kong, Jun Soo Kwon, Joseph O’Neill, Tomáš Paus, Yash Patel, Fabrizio Piras, Lianne Schmaal, Carles Soriano‐Mas, Gianfranco Spalletta, Guido van Wingen, Je‐Yeon Yun, Chris Vriend, H. Blair Simpson, Daan van Rooij, Marcelo Q. Hoexter, Martine Hoogman, Jan K. Buitelaar, Paul Arnold, Jan C. Beucke, Francesco Benedetti, Irene Bollettini, Anushree Bose, Brian P. Brennan, Alessandro S. De Nadai, Kate D. Fitzgerald, Patricia Gruner, Edna Grünblatt, Yoshiyuki Hirano, Chaim Huyser, Anthony James, Kathrin Koch, Gerd Kvale, Luisa Lázaro, Christine Löchner, Rachel Marsh, David Mataix‐Cols, Pedro Morgado, Takashi Nakamae, Tomohiro Nakao, Janardhanan C. Narayanaswamy, Erika L. Nurmi, Christopher Pittenger, Y.C. Janardhan Reddy",ds005752,1
"Sanam Maknojia, Nathan W. Churchill, Tom A. Schweizer, Simon J. Graham",ds005752,1
"Sook‐Lei Liew, Artemis Zavaliangos‐Petropulu, Neda Jahanshad, Catherine E. Lang, Kathryn S. Hayward, Keith R. Lohse, Julia M. Juliano, Francesca Assogna, Lee A. Baugh, A. K. Bhattacharya, Bavrina Bigjahan, Michael R. Borich, Lara A. Boyd, Amy Brodtmann, Cathrin M. Buetefisch, Winston D. Byblow, Jessica M. Cassidy, Adriana Bastos Conforto, R. Cameron Craddock, Michael A. Dimyan, Adrienne N. Dula, Elsa Ermer, Mark R. Etherton, Kelene A. Fercho, Chris M. Gregory, Shahram Hadidchi, Jess A. Holguin, Darryl Hwang, Simon Jung, Steven A. Kautz, Mohamed Salah Khlif, Nima Khoshab, Bokkyu Kim, Hosung Kim, Amy Kuceyeski, Martín Lotze, Bradley J. MacIntosh, John L. Margetis, Feroze B. Mohamed, Fabrizio Piras, Ander Ramos‐Murguialday, Geneviève Richard, Pamela Roberts, Andrew D. Robertson, Jane Maryam Rondina, Natalia S. Rost, Nerses Sanossian, Nicolas Schweighofer, Na Jin Seo, Mark S. Shiroishi",ds005752,1
"Ayumu Yamashita, Yuki Sakai, Takashi Yamada, Noriaki Yahata, Akira Kunimatsu, Naohiro Okada, Takashi Itahashi, Ryuichiro Hashimoto, Hiroto Mizuta, Naho Ichikawa, Masahiro Takamura, Go Okada, Hirotaka Yamagata, Kenichiro Harada, Koji Matsuo, Saori Tanaka, Mitsuo Kawato, Kiyoto Kasai, Nobumasa Kato, Hidehiko Takahashi, Yasumasa Okamoto, Okito Yamashita, Hiroshi Imamizu",ds005752,1
"Benjamin B. Risk, Raphiel Murden, Junjie Wu, Mary Beth Nebel, Arun Venkataraman, Zhengwu Zhang, Deqiang Qiu",ds005752,1
"Emily S. Finn, Russell A. Poldrack, James M. Shine",ds005752,1
"Tomi Karjalainen, Jouni Tuisku, Severi Santavirta, Tatu Kantonen, Marco Bucci, Lauri Tuominen, Jussi Hirvonen, Jarmo Hietala, Juha O. Rinne, Lauri Nummenmaa",ds005752,1
"Chao‐Gan Yan, Xindi Wang, Bin Lu",ds005752,1
"Marc M. Himmelberg, Jan W. Kurzawski, Noah C. Benson, Denis G. Pelli, Marisa Carrasco, Jonathan Winawer",ds005752,1
"Jessica Dafflon, Pedro F. da Costa, František Váša, Ricardo Pio Monti, Danilo Bzdok, Peter J. Hellyer, Federico Turkheimer, Jonathan Smallwood, Emily J. H. Jones, Robert Leech",ds005752,1
"Stéphane d’Ascoli, Jérémy Rapin, Yohann Benchetrit, Teon L Brooks, K. Begany, Jos'ephine Raugel, Hubert J. Banville, Jean-R'emi King",ds005752,1
"Hatem T.M. Duhair, Masrullizam bin Mat Ibrahim, Jamil Abedalrahim Jamil Alsayaydeh, Rex Bacarra, Ahmed Hussein Ahmed",ds005811,1
"S. Chiu, Zhige Chen, Jibin Wu, Kay Chen Tan",ds005811,1
"Ruiqi Yang, Eric Modesitt","ds005872,ds007338",2
"Weigeng Li, Neng Zhou, Xiaodong Qu","ds005872,ds007338",2
"Matthew L. Key, Tural Mehtiyev, Xiaodong Qu","ds005872,ds007338",2
"Guangyao Dou, Zheng Zhou, Xiaodong Qu","ds005872,ds007338,nm000137",3
"Nathaniel Murungi, Michael Vinh Pham, X. Dai, Xiaodong Qu","ds005872,ds007338",2
"Nathaniel Murungi, Michael Vinh Pham, Xu-feng Dai, Xiaodong Qu","ds005872,ds007338",2
"L. Wolf, Ard Kastrati, M. Płomecka, J. Li, Dustin Klebe, Alexander Veicht, R. Wattenhofer, N. Langer","ds005872,ds007338",2
"Martin A. Skoglund, M. Andersen, Martha M. Shiell, G. Keidser, M. Rank, Sergi Rotger-Griful","ds005872,ds007338",2
"S. Kovalenko, Anton Mamonov, Vladislav Kuznetsov, Alexandr O. Bulygin, Irina Shoshina, I. Brak, A. Kashevnik","ds005872,ds007338",2
"Wolfgang Fuhl, Susanne Zabel, T. Harbig, Julia-Astrid Moldt, Teresa Festl Wietek, Anne Herrmann-Werner, K. Nieselt","ds005872,ds007338",2
"Jing Wang, Ci Zhang","ds005872,ds007338",2
"Ard Kastrati, M. Płomecka, Joel Kuchler, N. Langer, R. Wattenhofer","ds005872,ds007338",2
"Chad C. Williams, Daniel Weinhardt, J. Hewson, M. Płomecka, Nicolas Langer, Sebastian Musslick","ds005872,ds007338",2
"B. Behera, S. Al-kuwari, Ahmed Farouk","ds005872,ds007338",2
"Eric Modesitt, Haicheng Yin, Williams Huang Wang, Brian Lu","ds005872,ds007338",2
"Eric Modesitt, Ruiqi Yang, Qi Liu","ds005872,ds007338",2
"G. R. Chhimpa, Ajay Kumar, S. Garhwal, Dhiraj Kumar, Niyaz Ahmad Wani, M. A. Wani, K. A. Shakil","ds005872,ds007338",2
"Emma Farago, Andrew J. Law, S. Hajra, A. Chan","ds005872,ds007338",2
"Tue Cao, Nha Tran, Le Nguyen, Hung T. Nguyen, H. Pham","ds005872,ds007338",2
"Brian Xiang, Abdelrahman Abdelmonsef","ds005872,ds007338",2
"Tiago Vasconcelos Afonso, Florian Heinrichs","ds005872,ds007338",2
"Chenxu Zhu, Yiming Xu, Xiaodong Qu","ds005872,ds007338",2
"Ashish Ranjan Mishra, Rakesh Kumar, Vibha Gupta, Sameer Prabhu, Richa Upadhyay, P. C. Chhipa, S. Rakesh, H. Mokayed, Marcus Liwicki, F. Liwicki, Rajkumar Saini","ds005872,ds007338",2
"Sofia Utoft, Jingwen Dou, Jade Wu, H. Gunn","ds005872,ds007338,on004745",3
"Faisal Mehmood, S. Rehman, Asif Mehmood, Young-Jin Kim","ds005872,ds007338",2
"C. O’Reilly, S. Huberty","ds005872,ds007338",2
"Yifei Zhou, Sitong Liu","ds005872,ds007338",2
"Nina Weng, M. Płomecka, Manuel Kaufmann, Ard Kastrati, R. Wattenhofer, N. Langer","ds005872,ds007338",2
"Haodong Jing, Yongqiang Ma, Panqi Yang, Haoyu Li, Shuai Huang, Badong Chen, Nanning Zheng","ds005872,ds007338",2
"Haojun Zhuang, Dunya Baradari, Nataliya Kosmyna, Arnav Balyan, Constanze Albrecht, Steph Chen, Pattie Maes","ds005872,ds007338",2
"Yoelvis Moreno-Alcayde, V. J. Traver, Luis A Leiva","ds005872,ds007338",2
"Zhaofeng Zhai, Lu Han, Wei Zhang","ds005872,ds007338",2
"Yu Cao, Bo Zhang, Xiaohui Hou, Minggang Gan, Wei Wu","ds005872,ds007338",2
"Teng Liang, Andrews Damoah","ds005872,ds007338",2
"Jade Wu, Jingwen Dou, Sofia Utoft","ds005872,ds007338",2
"Rezvan Ghasemzadeh, Shiva Kamkar, M. Daliri","ds005872,ds007338",2
"Chuhao Deng, Jayanth Shreekumar, Worawis Sribunma, Maheed H. Ahmed, Nevena Ivanović, Sabine Brunswicker, James M. Goppert, Mahsa Ghasemi, Inseok Hwang","ds005872,ds007338",2
"Jayanth Shreekumar, Qiang Qiu, Sabine Brunswicker",ds005872,1
"Abhinav Uppal, Dillan Cellier, M. Lee, Sean Bauersfeld, Yuchen Xu, S. Shamma, Gert Cauwenberghs, Virginia R. de Sa","ds005872,ds007338",2
"Thi-Oanh Ha, Hieyong Jeong, H. Doan","ds005872,ds007338",2
"Pedro Igor de Souza Malaquias, Victor Ferreira Alvarenga, Mateus Nazário Coelho, A. Santanna, Christianne Miranda, Saul Delabrida","ds005872,ds007338",2
"Chuhui Qiu, Bugao Liang, Matthew L. Key","ds005872,ds007338",2
"Dustin Klebe, Jieming Li, L. Wolf, Ard Kastrati Prof, Dr. Roger Wattenhofer","ds005872,ds007338",2
W. Zeng,"ds005872,ds007338",2
"Srijan Saxena, Martyna Ard Kastrati, Beata Płomecka, A. Prof, Dr. Roger Wattenhofer","ds005872,ds007338",2
"Damjan Kostovic, Dr. Roger Wattenhofer, Ard Kastrati, M. Płomecka","ds005872,ds007338",2
"Andrews Damoah, Teng Liang","ds005872,ds007338",2
"Christof Koch, Marcello Massimini, Mélanie Boly, Giulio Tononi",ds005953,1
"Mathilde Bonnefond, Sabine Kästner, Ole Jensen",ds005953,1
"Megan A. K. Peters, Thomas Thesen, Yoshiaki Ko, Brian Maniscalco, Chad Carlson, Matthew Davidson, Werner Doyle, Ruben Kuzniecky, Orrin Devinsky, Eric Halgren, Hakwan Lau",ds005953,1
"Aman B. Saleem, Anthony D. Lien, Michael Krumin, Bilal Haider, Miroslav Román Rosón, Aslı Ayaz, Kimberly Reinhold, Laura Busse, Matteo Carandini, Kenneth D. Harris",ds005953,1
"Martin Vinck, Cem Uran, Georgios Spyropoulos, Irene Onorato, Ana Clara Broggini, Marius Schneider, Andrés Canales‐Johnson",ds005953,1
"Randolph F. Helfrich, Robert T. Knight","ds005953,nm000189",2
"Rodrigo Echeveste, L. Aitchison, Guillaume Hennequin, M. Lengyel",ds005953,1
"Dora Hermes, Mai Nguyen, Jonathan Winawer",ds005953,1
"Gustavo Rohenkohl, Conrado A. Bosman, Pascal Fries",ds005953,1
"John F. Burke, Ashwin G. Ramayya, Michael J. Kahana",ds005953,1
"Joonas Iivanainen, Rasmus Zetter, Lauri Parkkonen",ds005953,1
"Eleonora Bartoli, William H. Bosking, Yvonne Chen, Ye Li, Sameer A. Sheth, Michael S. Beauchamp, Daniel Yoshor, Brett L. Foster",ds005953,1
"Matthew W. Self, Judith Peters, Jessy K. Possel, Joel Reithler, Rainer Goebel, Peterjan Ris, Danique Jeurissen, Leila Reddy, Steven Claus, Johannes C. Baayen, Pieter R. Roelfsema",ds005953,1
"Talis Bachmann, Anthony G. Hudetz",ds005953,1
"Mark P. Jensen, Tomonori Adachi, Shahin Hakimian",ds005953,1
Kai J. Miller,ds005953,1
"Martin Vinck, Conrado A. Bosman",ds005953,1
"Katharina Duecker, Tjerk P. Gutteling, Christoph S. Herrmann, Ole Jensen",ds005953,1
"Julia Veit, Gregory Handy, Daniel P. Mossing, Brent Doiron, Hillel Adesnik",ds005953,1
"Kai J. Miller, Gerwin Schalk, Dora Hermes, Jeffrey G. Ojemann, Rajesh P. N. Rao",ds005953,1
"Giovanni Piantoni, Eric Halgren, Sydney S. Cash",ds005953,1
Pieter R. Roelfsema,ds005953,1
"Marie-Christin Fellner, Stephanie Gollwitzer, Stefan Rampp, Gernot Kreiselmeyr, Daniel Bush, Beate Diehl, Nikolai Axmacher, Hajo M. Hamer, Simon Hanslmayr",ds005953,1
"Chuanliang Han, Tian Wang, Yi Yang, Yujie Wu, Yang Li, Weifeng Dai, Yange Zhang, Bin Wang, Guanzhong Yang, Ziqi Cao, Jian Kang, Gang Wang, Liang Li, Hongbo Yu, Chun-I Yeh, Dajun Xing",ds005953,1
"Brett L. Foster, Biyu J. He, Christopher J. Honey, Karim Jerbi, Alexander Maier, Yuri B. Saalmann",ds005953,1
"Benjamin Griffiths, Ole Jensen",ds005953,1
"Eric Lowet, Mark Roberts, Alina Peter, Bart Gips, Peter De Weerd",ds005953,1
"David J. Heeger, Klavdia Zemlianova",ds005953,1
"Eric Lowet, Mark Roberts, Avgis Hadjipapas, Alina Peter, Jan van der Eerden, Peter De Weerd",ds005953,1
"Nicolas M. Brunet, Martin Vinck, Conrado A. Bosman, Wolf Singer, Pascal Fries",ds005953,1
"Jeremy B. Caplan, Monica Bottomley, Pardeep Kang, Roger A. Dixon",ds005953,1
"Vinay Shirhatti, Supratim Ray",ds005953,1
"Dora Hermes, Kai J. Miller, Brian A. Wandell, Jonathan Winawer",ds005953,1
"Erik Peterson, Burke Q. Rosen, Ayşenil Belger, Bradley Voytek, Alana Campbell",ds005953,1
"Dora Hermes, Dorothée Kasteleijn‐Nolst Trenité, Jonathan Winawer",ds005953,1
"Thomas J. Reilly, Judith Nottage, Erich Studerus, Grazia Rutigliano, Andrea De Micheli, Paolo Fusar‐Poli, Philip McGuire",ds005953,1
"Cem Uran, Alina Peter, Andreea Lazăr, William Barnes, Johanna Klon-Lipok, Katharine A. Shapcott, Rasmus Roese, Pascal Fries, Wolf Singer, Martin Vinck",ds005953,1
"Winston Chiong, Matthew K. Leonard, Edward F. Chang",ds005953,1
"Tyler S. Davis, Rose M. Caston, Brian Philip, Chantel M. Charlebois, Daria Nesterovich Anderson, Kurt E. Weaver, Elliot H. Smith, John D. Rolston",ds005953,1
"Dimitrios Pantazis, Mingtong Fang, Sheng Qin, Yalda Mohsenzadeh, Quanzheng Li, Radoslaw Martin Cichy",ds005953,1
"David J. Heeger, Wayne E. Mackey",ds005953,1
"Chuanliang Han, Robert Shapley, Dajun Xing",ds005953,1
"Heng‐Ru May Tan, J. Gross, Peter J. Uhlhaas",ds005953,1
"Elena V. Orekhova, Anna Butorina, Olga Sysoeva, Andrey O. Prokofyev, Anastasia Nikolaeva, Tatiana A. Stroganova",ds005953,1
"Georgios Spyropoulos, Matteo Saponati, Jarrod Robert Dowdall, Marieke L. Schölvinck, Conrado A. Bosman, Bruss Lima, Alina Peter, Irene Onorato, Johanna Klon-Lipok, Rasmus Roese, Sergio Neuenschwander, Pascal Fries, Martin Vinck",ds005953,1
"Sidrat Tasawoor Kanth, Supratim Ray",ds005953,1
"Jingyang Zhou, Noah C. Benson, Kendrick Kay, Jonathan Winawer",ds005953,1
"Cihan Mehmet Kadipasaoglu, Christopher R. Conner, Meagan Lee Whaley, Vatche G. Baboyan, Nitin Tandon",ds005953,1
"Chuanliang Han, Xixi Zhao, Meijia Li, Naem Haihambo, Jiayi Teng, Sixiao Li, Jinyi Qiu, Xiaoyang Feng, Michel Gao",ds005953,1
"Tom R. Marshall, Sophie Esterer, Jim Herring, Til Ole Bergmann, Ole Jensen",ds005953,1
"Fae Kayarian, Ali Jannati, Alexander Rotenberg, Emiliano Santarnecchi",ds005953,1
"Makoto Uji, Ross Wilson, Susan Francis, Karen J. Mullinger, Stephen Mayhew",ds005953,1
"Qiaohan Yang, Guangyu Zhou, Torben Noto, Jessica W. Templer, Stephan Schuele, Joshua M. Rosenow, Gregory Lane, Christina Zelano",ds005953,1
"Agrita Dubey, Supratim Ray",ds005953,1
"Alina Peter, Benjamin Johannes Stauch, K. Shapcott, Kleopatra Kouroupaki, J. Schmiedt, Liane Klein, Johanna Klon-Lipok, J. R. Dowdall, M. Schölvinck, M. Vinck, W. Singer, M. Schmid, P. Fries",ds005953,1
"Ella Podvalny, Erin M. Yeagle, Pierre Mégevand, Nimrod Sarid, Michal Harel, Gal Chechik, Ashesh D. Mehta, Rafael Malach",ds005953,1
"Britta U. Westner, Sarang S. Dalal, Simon Hanslmayr, Tobias Staudigl",ds005953,1
"Stefano Gallotto, Alexander T. Sack, Teresa Schuhmann, Tom A. de Graaf",ds005953,1
"Nicolas M. Brunet, Pascal Fries",ds005953,1
"Eric Lowet, Bart Gips, Mark Roberts, Peter De Weerd, Ole Jensen, Jan van der Eerden",ds005953,1
"Carlyn Patterson Gentile, Geoffrey K. Aguirre",ds005953,1
"Bin Wang, Chuanliang Han, Tian Wang, Weifeng Dai, Yang Li, Yi Yang, Guanzhong Yang, Lvyan Zhong, Yange Zhang, Yujie Wu, Gang Wang, Hongbo Yu, Dajun Xing",ds005953,1
"Kevan A Martin, Sylvia Schröder",ds005953,1
"Renate Rutiku, Talis Bachmann",ds005953,1
"Matthias Fritsche, Samuel J. Lawrence, Floris P. de Lange",ds005953,1
"Francisco García‐Rosales, Luciana López‐Jury, Eugenia González‐Palomares, Yuranny Cabral‐Calderín, Julio C. Hechavarría",ds005953,1
"M. Girardi-Schappo, G. S. Bortolotto, J. J. Gonsalves, L. T. Pinto, M. H. R. Tragtenberg",ds005953,1
"Devarajan Sridharan, Eric I. Knudsen",ds005953,1
Vadim Axelrod,ds005953,1
"Anita Zátonyi, Zsolt Borhegyi, Mohit Srivastava, Dorottya Cserpán, Zoltán Somogyvári, Zoltán F. Kisvárday, Z. Fekete",ds005953,1
"Russell Butler, Pierre‐Michel Bernier, Jérémie Lefebvre, Guillaume Gilbert, Kevin Whittingstall",ds005953,1
"Corentin Jacques, Jacques Jonas, Sophie Colnat‐Coulbois, Louis Maillard, Bruno Rossion",ds005953,1
"Andrés Canales-Johnson, Ana Filipa Teixeira Borges, Misako Komatsu, N. Fujii, Johannes Jacobus Fahrenfort, K. Miller, V. Noreika",ds005953,1
"Vinay Shirhatti, Poojya Ravishankar, Supratim Ray",ds005953,1
"Elena V. Orekhova, Viktoriya O. Manyukhina, Ilia A. Galuta, Andrey O. Prokofyev, Dzerassa E. Goiaeva, Tatiana S. Obukhova, Kirill A. Fadeev, Justin F. Schneiderman, Tatiana A. Stroganova",ds005953,1
"Georgios Spyropoulos, Marius Schneider, Jochem van Kempen, Marc Alwin Gieselmann, Alexander Thiele, Martin Vinck",ds005953,1
"John D. Griffiths, Anthony R. McIntosh, Jérémie Lefebvre",ds005953,1
"Ana Maria Ichim, Harald Bârzan, Vasile V. Moca, Adriana Nagy-Dăbâcan, Andrei Ciuparu, Adela Hapca, Koen Vervaeke, Raul C. Mureșan",ds005953,1
"Marius Schneider, Benjamin Dann, Swathi Sheshadri, Hansjörg Scherberger, Martin Vinck",ds005953,1
"Elena V. Orekhova, Ekaterina N. Rostovtseva, Viktoriya O. Manyukhina, Andrey O Prokofiev, Tatiana S. Obukhova, Anastasia Nikolaeva, Justin F. Schneiderman, Tatiana A. Stroganova",ds005953,1
"Russell Butler, Pierre‐Michel Bernier, Gregory Mierzwinski, Maxime Descoteaux, Guillaume Gilbert, Kevin Whittingstall",ds005953,1
"Cihan Mehmet Kadipasaoglu, Christopher R. Conner, Vatche G. Baboyan, Matthew J. Rollo, Thomas A. Pieters, Nitin Tandon",ds005953,1
"Joshua J. Foster, Edward Awh",ds005953,1
"Aaron Kucyi, Amy L. Daitch, Omri Raccah, Baotian Zhao, Chao Zhang, Michael Esterman, Michael Zeineh, Casey H. Halpern, Kai Zhang, Jianguo Zhang, Josef Parvizi",ds005953,1
"Aliette Lochy, Corentin Jacques, Louis Maillard, Sophie Colnat‐Coulbois, Bruno Rossion, Jacques Jonas",ds005953,1
"David J. Caldwell, Jeffrey G. Ojemann, Rajesh P. N. Rao",ds005953,1
"Matthias S. Treder, Ian Charest, Sebastian Michelmann, María Carmen Martín-Buro, Frédéric Roux, Fernando Carceller-Benito, Arturo Ugalde-Canitrot, David T. Rollings, Vijay Sawlani, Ramesh Chelvarajah, Maria Wimber, Simon Hanslmayr, Bernhard P. Staresina",ds005953,1
"Beverly Setzer, Nina E. Fultz, Daniel E. P. Gomez, Stephanie D. Williams, Giorgio Bonmassar, Jon̈athan R. Polimeni, Laura D. Lewis",ds005953,1
"Tzvetan Popov, Bart Gips, Sabine Kästner, Ole Jensen",ds005953,1
"Arvid Guterstam, Kelly L. Collins, Jeneva A. Cronin, Hugo Zeberg, Felix Darvas, Kurt E. Weaver, Jeffrey G. Ojemann, H. Henrik Ehrsson",ds005953,1
"Sirawaj Itthipuripat, Thomas C. Sprague, John T. Serences",ds005953,1
Arne D. Ekstrom,ds005953,1
"Shai Berman, Shir Filo, Aviv Mezer",ds005953,1
"Catie Chang, Jingyuan E. Chen",ds005953,1
"E. Johnson, E. Johnson, Lingfei Tang, Q. Yin, Eishi Asano, N. Ofen",ds005953,1
"Noa Ofen, Lingfei Tang, Qijing Yu, Elizabeth L. Johnson",ds005953,1
"Parham Mostame, Sepideh Sadaghiani",ds005953,1
"Müge Özker, Daniel Yoshor, Michael S. Beauchamp",ds005953,1
"Krishnakant Saboo, Yogatheesan Varatharajah, Brent Berry, Václav Křemen, Michael R. Sperling, Kathryn A. Davis, Barbara C. Jobst, Robert E. Gross, Bradley Lega, Sameer A. Sheth, Gregory A. Worrell, Ravishankar K. Iyer, Michał T. Kucewicz",ds005953,1
"Tamar I. Regev, Jonathan Winawer, Edden M. Gerber, Robert T. Knight, Leon Y. Deouell",ds005953,1
"Jacob W. Vogel, Aaron Alexander‐Bloch, Konrad Wagstyl, Maxwell A. Bertolero, Ross D. Markello, Adam Pines, Valerie J. Sydnor, Alex Diaz-Papkovich, Justine Y. Hansen, Alan C. Evans, Boris C. Bernhardt, Bratislav Mišić, Theodore D. Satterthwaite, Jakob Seidlitz",ds005953,1
"Freya A. Lygo, Bruno Richard, Alex R. Wade, Antony B. Morland, Robert F. Hess, Daniel H. Baker",ds005953,1
"Anup Das, Vinod Menon",ds005953,1
"Sirawaj Itthipuripat, Kexin Cha, Sean Deering, Annalisa Salazar, John T. Serences",ds005953,1
"Cletus Cheyuo, Jürgen Germann, Kazuaki Yamamoto, Artur Vetkas, Aaron Loh, Can Sarica, Vanessa Milano, Ajmal Zemmar, Oliver Flouty, Irene E. Harmsen, Mojgan Hodaie, Suneil K. Kalia, David F. Tang‐Wai, Andrés M. Lozano",ds005953,1
"Ícaro Oliveira, Yuxuan Cai, Shir Hofstetter, Jeroen C.W. Siero, Wietske van der Zwaag, Serge O. Dumoulin",ds005953,1
"Seth D. Springer, Hannah J. Okelberry, Madelyn P. Willett, Hallie J. Johnson, Chloe E. Meehan, Mikki Schantell, Christine M. Embury, Maggie P Rempe, Tony W. Wilson",ds005953,1
"Yang Xie, Yanxiu Peng, Jinhong Guo, Muyang Liu, Bozhen Zhang, Lan Yin, He Ding, Xing Sheng",ds005953,1
"Louis N. Vinke, Ilona M. Bloem, Sam Ling",ds005953,1
"Tomas Ros, Abele Michela, Anaïs Mayer, Anne Bellmann, Philippe Vuadens, Victorine Zermatten, Arnaud Saj̈, Patrik Vuilleumier",ds005953,1
"Hiromasa Takemura, Kenichi Yuasa, Kaoru Amano",ds005953,1
"Cilia Jaeger, Rachel Nuttall, Juliana Zimmermann, James Dowsett, Christine Preibisch, Christian Sorg, Afra Wohlschläeger",ds005953,1
"Haiteng Jiang, Lingling Hua, Zhongpeng Dai, Shui Tian, Zhijian Yao, Qing Lü, Tzvetan Popov",ds005953,1
"Sam Harris, Luke Boorman, Aneurin J. Kennerley, Paul Sharp, Chris Martin, Peter Redgrave, Theodore H. Schwartz, Jason Berwick",ds005953,1
"Eline R. Kupers, Noah C. Benson, Jonathan Winawer",ds005953,1
"Sirawaj Itthipuripat, Tanagrit Phangwiwat, Praewpiraya Wiwatphonthana, Prapasiri Sawetsuttipan, Kai-Yu Chang, Viola S. Störmer, Geoffrey F. Woodman, John T. Serences",ds005953,1
"Giovanni Piantoni, Dora Hermes, Nick F. Ramsey, Natalia Petridou",ds005953,1
"Eline R. Kupers, Akhil Edadan, Noah C. Benson, Wietske Zuiderbaan, Maartje C. de Jong, Serge O. Dumoulin, Jonathan Winawer",ds005953,1
"Louis Roberts, Juho Äijälä, Florian Bürger, Cem Uran, Michael A. Jensen, Kai J. Miller, Robin A. A. Ince, Martin Vinck, Dora Hermes, Andrés Canales‐Johnson",ds005953,1
"Petra Hermann, Béla Weiss, Balázs Knakker, Petra Madurka, Annamária Manga, Ádám Nárai, Zoltán Vidnyánszky",ds005953,1
"David Brang, John Plass, Aleksandra Sherman, William C. Stacey, Vibhangini S. Wasade, Marcia Grabowecky, EunSeon Ahn, Vernon L. Towle, James X. Tao, Shasha Wu, Naoum P. Issa, Satoru Suzuki",ds005953,1
"Max van den Boom, Kai J. Miller, Nick F. Ramsey, Dora Hermes",ds005953,1
"Gavin J.B. Elias, Jürgen Germann, Aaron Loh, Alexandre Boutet, Alaa Taha, Emily H.Y. Wong, Roohie Parmar, Andrés M. Lozano",ds005953,1
"Zahraa Sabra, Leonardo Bonilha, Thomas Naselaris",ds005953,1
"Michael A. Jensen, Anthony L. Fine, Panagiotis Kerezoudis, Lily C. Wong‐Kisiel, Eva Alden, Dora Hermes, Kai J. Miller",ds005953,1
"Zeming Fang, Ilona M. Bloem, Catherine Olsson, Wei Ji, Jonathan Winawer",ds005953,1
"Stefan Haufe, Paul DeGuzman, Simon Henin, Michael J. Arcaro, Christopher J. Honey, Uri Hasson, Lucas C. Parra",ds005953,1
"Giovanni Mancuso, Gijs Plomp",ds005953,1
"Lucas L. Dwiel, Angela M. Henricks, Elise M. Bragg, Jeff Nicol, Jiang Gui, Wilder T. Doucette",ds005953,1
"Eitan E. Asher, Maya Slovik, Rea Mitelman, Hagai Bergman, Shlomo Havlin, Shay Moshel",ds005953,1
"Xiaoai Chen, Samuel Cramer, Dennis Chan, Han Xu, Nanyin Zhang",ds005953,1
"Hanan Al-Gethami, Fred C. Lam, Rafael Rojas, Ekkehard M. Kasper",ds005953,1
"Parveen Sagar, Matthew R. Hudson, Genevieve Rayner, Terence J. O’Brien, Joshua Laing, Andrew Neal",ds005953,1
"Parham Mostame, Jonathan Wirsich, Thomas H. Alderson, Ben Ridley, Anne‐Lise Giraud, David W. Carmichael, Serge Vulliémoz, Maxime Guye, Louis Lemieux, Sepideh Sadaghiani",ds005953,1
"Sikoya M. Ashburn, David Abugaber, James W. Antony, Kelly A. Bennion, David A. Bridwell, Carlos Cardenas-Iniguez, Manoj K. Doss, Lucía Fernández, Inge Huijsmans, Lara Krisst, R. Lapate, Evan Layher, Josiah K. Leong, Yuanning Li, Freddie Márquez, Felipe Munoz-Rubke, Elizabeth Musz, Tara K. Patterson, J. Powers, D. Proklova, K. Rapuano, Charlie Robinson, Jessica Ross, J. Samaha, Matthew A. Sazma, A. Stewart, Ariana Stickel, A. Stolk, Veronika Vilgis, Megan Zirnstein",ds005953,1
Yvonne M Fonken,ds005953,1
"Kelvin Vu-Cheung, Edward F. Ester, Thomas C. Sprague",ds005953,1
"Yang Di, Xingwei An, Hsin-Hung Li",ds005953,1
"Amelia H. Harrison, Daniel Thayer, Thomas C. Sprague",ds005953,1
"Zeeshan Qadir, Harvey Huang, Müge Özker, D. Yoshor, M. Beauchamp, K. Kay, Dora Hermes",ds005953,1
"Youjing Luo, Xianghong Meng, Guangyu Zhou, Jiali Zhou, Guangzhi Deng, Man Li, Jie Xu, Yiman Li, Yue-jia Luo, Hui Ai, C. Zelano, Fuyong Chen, Pengfei Xu",ds005953,1
R. Nuttall,ds005953,1
"Ivan Padezhki, Juan Linde‐Domingo, Carlos González‐García",ds005960,1
"Lorenzo Ciccione, Mathias Sablé-Meyer, S. Dehaene",ds006012,1
"Moataz Assem, Sneha Shashidhara, Matthew F. Glasser, John Duncan",ds006012,1
"Andrea Adriano, Mathias Sablé-Meyer, Lorenzo Ciccione, Minye Zhan, Stanislas Dehaene",ds006012,1
"S. Veselic, Elena Gutierrez, Mohamady El-Gaby, Sandra Reinert, Mathias Sablé-Meyer",ds006012,1
"Théo Morfoisse, Severine Becuwe, Marie Palu, Cassandra Potier-Watkins, Ghislaine Dehaene-Lambertz, Stanislas Dehaene",ds006012,1
"Claire Simmons, Marlene Behrmann, Vladislav Ayzenberg",ds006012,1
"Zakieh Hassanzadeh, Melisa Daryayi, Navid Entezari, Fariba Bahrami",ds006012,1
"Amirabbas Hojjati, Lu Li, Ibrahim A. Hameed, Anis Yazidi, Pedro G. Lind, Rabindra Khadka",ds006036,1
"Jacob Kang, Hunseok Kang, Jong-Hyeon Seo",ds006036,1
"Yue Pan, Li Zhu, Ziliang Wang",ds006036,1
Spencer Howie,ds006036,1
"Vaibhav Kagathara, Hitika Gahlot, Siddhant Ujjain, Preeti Singh, Ekta Srivastava, Subodh Kumar, Tapan Kumar Gandhi",ds006036,1
"Li Zhu, Yue Pan, Ziliang Wang",ds006036,1
"Jonghyun Seo, Hunseok Kang, Jacob Kang, A. Zreikat",ds006036,1
"Shubham Singh, Pedro G. Lind, Anis Yazidi, Rabindra Khadka",ds006036,1
"M. Hasan, Pedro G. Lind, H. Ombao, Anis Yazidi, Rabindra Khadka",ds006036,1
"J. G. Williams, William J. Harrison, Henry A. Beale, Jason B. Mattingley, Anthony M. Harris",ds006171,1
"Veera Ruuskanen, C. Nico Boehler, Sebastiaan Mathôt",ds006171,1
"Ying Zhou, Mats W.J. van Es, Saskia Haegens",ds006171,1
"Michelle Johannknecht, Alfons Schnitzler, Joachim Lange",ds006171,1
"Roxane S. Hoyer, Prejaas Tewarie, Steven Laureys",ds006171,1
"April Pilipenko, A McGowan, Jason Samaha",ds006171,1
"Tim Rohe, Daniel Senkowski",ds006171,1
"François Stockart, Ramla Msheik, Alexis Robin, Lenka Jurkovičová, Dorian Goueytes, Martin Rouy, Radek Mareček, D. Hoffmann, Liad Mudrik, Róbert Román, Milan Brázdil, Lorella Minotti, Philippe Kahane, Michael Pereira, Nathan Faivre","ds002158,ds006253",2
"Miguel Vivar-Lazo, Christopher R. Fetsch","ds002158,ds006253",2
"Ramla Msheik, Emma Sirouet, Simon P. Kelly, Nathan Faivre, Michael Pereira","ds002158,ds006253",2
"Baptiste Libé‐Philippot, Ryohei Iwata, Aleksandra J. Recupero, Keimpe Wierda, Sergio Bernal Garcia, Luke A. Hammond, A. van Benthem, Ridha Limame, Martyna Ditkowska, Sofie Beckers, Vaiva Gaspariunaite, Eugénie Pezé-Heidsieck, Daan Remans, Cécile Charrier, Tom Theys, Franck Polleux, Pierre Vanderhaeghen",ds006269,1
"Julia Brill, Blaise Clarke, Ingie Hong, Richard L. Huganir",ds006269,1
"Katherine Bonnycastle, Mehwish Nawaz, Peter C. Kind, Michael A. Cousin",ds006269,1
"L. Elliot Hong, Qifeng Yuan",ds006269,1
"Katerina Hristova, Melissa Fasol, Niamh McLaughlin, Maryam Nawaz, Mehmet Taşkıran, Ingrid Buller‐Peralta, Anjanette Harris, Andrew M. Sutherland, Alejandro Bassi, Adrián Ocampo-Garcés, Javier Escudero, Peter C. Kind, Alfredo Gonzalez‐Sulser",ds006269,1
"Selena Aranda, Juliana Ribeiro-Constante, Alba Tristán-Noguero, Nerea Moreno-Ruiz, C. Arenas, Fernando Francisco Martínez Calvo, Salvador Ibañez-Mico, José Luis Peña Segura, José Miguel Ramos-Fernández, María del Carmen Moyano Chicano, Rafael Camino León, Victor Soto-Insuga, Elena González-Alguacil, Carlos Valera Dávila, Alberto Fernandez-Jaen, Laura Plans, Ana Camacho, Nuria Visa-Reñé, María del Pilar Martin-Tamayo Blázquez, Fernando Paredes-Carmona, Itxaso Martí-Carrera, Guillem Ginot-Julia, Aránzazu Hernández-Fabián, Meritxell Tomas Davi, Merce Casadesus Sanchez, Laura Cuesta Herraiz, P Fuentes-Pita, Teresa Bermejo Gonzalez, Mar O'Callaghan, Federico Felipe Iglesias Santa Polonia, María Rosario Cazorla, María Teresa Ferrando Lucas, Antonio González-Meneses, Júlia Sala-Coromina, Alfons Macaya, Amaia Lasa-Aranzasti, Anna Mª Cueto-González, Cueto-González, Jaume Campistol Plana, Mercedes Serrano, Xenia Alonso, Maria Irene Valenzuela Palafoll, Eines Monteagudo, Itziar Alonso-Colmenero, Oscar Sans Capdevila, Ferran Casals, Bru Cormand, Ángeles García-Cazorla, Àlex Bayés, Marina Mitjans",ds006269,1
"Alice Dainelli, Mohammad Sadegh Shams Nosrati, Ferruccio Romano, Fabiana Vercellino, Maria Margherita Mancardi, Annalaura Torella, Vincenzo Nigro, Valeria Capra, Federico Zara, Marcello Scala",ds006269,1
"Danai Katsanevaki, Nathalie Dupuy, Sam A. Booker, Damien Wright, Aisling Kenny, Zihao Chen, Nina Kudryashova, Pippa Howitt, Andrew C. Stanfield, Peter C. Kind, Nathalie L. Rochefort",ds006269,1
"Vera Stamenković, Felicia Harsh, Breann Kniffen, Gavin Rumbaugh, Stephen Smith",ds006269,1
"Laura Sichlinger, Molly B. Reilly, Sakshi Arora, Shuo Zhang, Nicolas Marotta, Kiara L. Rodríguez-Acevedo, Marisol Hooks, Kyle S. Czarnecki, Julia Winter, Elisa A. Waxman, Lea V. Dungan, Ingie Hong, Yoichi Araki, Richard C. Johnson, Richard L. Huganir, Giulia Pavani, Deborah L. French, Beverly L. Davidson, Benjamin L. Prosser, Elizabeth A. Heller",ds006269,1
"Kirsty J. Craigie, Sally M. Till, Britt van de Gevel, Brianna Vandrey, Patrick Strangward, Dirk Sieger, Alfredo Gonzalez‐Sulser, P Kind, Nathalie L. Rochefort, Ian Duguid, Cristina Martinez‐Gonzalez",ds006269,1
"Mattia Miotto, Leonardo Bo’, Giancarlo Ruocco, Silvia Di Angelantonio, Bernadette Basilico",ds006269,1
"Noah Moore, Adrian J. Duszkiewicz, Antonis Asiminas, Paul A. Dudchenko, Adrien Peyrache, Emma R. Wood",ds006269,1
"Preston Samowitz, László Radnai, Thomas Vaissière, Sheldon D. Michaelson, Camilo Rojas, Ryan R. Mitchell, Murat Kılınç, Austin Edwards, Justin Shumate, R. A. Hawkins, Virneliz Fernández-Vega, Timothy Spicer, Louis Scampavia, Theodore M. Kamenecka, Courtney A. Miller, Gavin Rumbaugh",ds006269,1
"Bartlomiej Chybowski, Alfredo Gonzalez‐Sulser, Javier Escudero",ds006269,1
"Rhys W. Livingstone, Paul Donlin-Asp",ds006269,1
"Ingrid Buller‐Peralta, L Pritchard, Danai Katsanevaki, Katerina Hristova, Sally M. Till, Alfredo Gonzalez‐Sulser",ds006269,1
"Danying Wang, Eleonora Marcantoni, Kimron L. Shapiro, Simon Hanslmayr",ds006334,1
"Francisco Aboitiz, Javiera Parada-Palma, Florencia Álamos-Grau, Rodrigo Henríquez-Ch",ds006334,1
"E. Marcantoni, Christoph Daube, D. Wang, C. Cao, B. Su, S. Zhan, R. A. A. Ince, Lauri Parkkonen, Satu Palva, D. Bush, Simon Hanslmayr",ds006334,1
"Emmanuel Biau, Francesca M. Branzi",ds006334,1
"Jiquan Wang, Sha Zhao, Yangxuan Zhou, Yiming Kang, Shijian Li, Gang Pan","ds006480,ds006525,nm000112",3
"Leonie Henschel, Sailesh Conjeti, Santiago Estrada, Kersten Diers, Bruce Fischl, Martin Reuter","ds006502,on002718,on003645",3
"Mainak Jas, Denis A. Engemann, Yousra Bekhti, Federico Raimondo, Alexandre Gramfort","ds000247,ds000248,ds006502,on002718,on003645",5
Matthias S. Treder,"ds006502,on002718,on003645",3
"François Tadel, Elizabeth Bock, Guiomar Niso, John C. Mosher, Martin Cousineau, Dimitrios Pantazis, Richard M. Leahy, Sylvain Baillet","ds000247,ds006502,on002718,on003645",4
Arnaud Delorme,"ds006502,on002718,on003645",3
"Andrew J. Quinn, Diego Vidaurre, Romesh Abeysuriya, Robert Becker, Anna C. Nobre, Mark W. Woolrich","ds006502,on002718,on003645",3
"Johannes J. Fahrenfort, Joram van Driel, Simon van Gaal, Christian N. L. Olivers","ds006502,on002718,on003645",3
"Guiomar Niso, Krzysztof J. Gorgolewski, Elizabeth Bock, Teon L Brooks, Guillaume Flandin, Alexandre Gramfort, Richard N. Henson, Mainak Jas, Vladimir Litvak, Jeremy T. Moreau, Robert Oostenveld, Jan‐Mathijs Schoffelen, François Tadel, Joseph Wexler, Sylvain Baillet","ds000247,ds006502,on002718,on003645",4
"José David López, Vladimir Litvak, Jairo Espinosa, Karl Friston, Gareth R. Barnes","ds006502,on002718,on003645",3
"Mainak Jas, Eric B. Larson, Denis A. Engemann, Jaakko Leppäkangas, Samu Taulu, Matti Hämäläinen, Alexandre Gramfort","ds000248,ds006502,on002718,on003645",4
"Ediz Sohoglu, Maria Chait","ds006502,on002718,on003645",3
"Olaf Hauk, Matti Stenroos, Matthias S. Treder","ds006502,on002718,on003645",3
Heinrich R. Liesefeld,"ds006502,on002718,on003645",3
"Ramón Martínez-Cancino, Arnaud Delorme, Dung Truong, Fiorenzo Artoni, Kenneth Kreutz-Delgado, Subhashini Sivagnanam, Kenneth Yoshimoto, Amitava Majumdar, Scott Makeig","ds006502,on002718,on003645,on006126",4
"Mainak Jas, Denis A. Engemann, Federico Raimondo, Yousra Bekhti, Alexandre Gramfort","ds006502,on002718,on003645",3
"Cyril Pernet, Ramón Martínez-Cancino, Dung Truong, Scott Makeig, Arnaud Delorme","ds006502,on002718,on003645,on006126",4
"Makoto Fukushima, Okito Yamashita, Thomas R. Knösche, Masa-aki Sato","ds006502,on002718,on003645",3
"Sofie S. Meyer, Holly E. Rossiter, Matthew J. Brookes, Mark W. Woolrich, Sven Bestmann, Gareth R. Barnes","ds006502,on002718,on003645",3
"José M. Sánchez‐Bornot, KongFatt Wong‐Lin, Alwani Liyana Ahmad, Girijesh Prasad","ds006502,on002718,on003645",3
"Huilin Wei, Amirhossein Jafarian, Peter Zeidman, Vladimir Litvak, Adeel Razi, Dewen Hu, Karl Friston","ds006502,on002718,on003645",3
"F. Müller, Guiomar Niso, Soheila Samiee, M. Ptito, Sylvain Baillet, R. Kupers",ds006502,1
"Pablo A. Muñoz-Gutiérrez, Eduardo Giraldo, Maximiliano Bueno-López, Marta Molinas","ds006502,on002718,on003645",3
"Marijn van Vliet, Mia Liljeström, Susanna Aro, Riitta Salmelin, Jan Kujala","ds006502,on002718,on003645",3
"Federico Chella, Laura Marzetti, Matti Stenroos, Lauri Parkkonen, Risto J. Ilmoniemi, Gian Luca Romani, Vittorio Pizzella","ds006502,on002718,on003645",3
"David Meunier, Annalisa Pascarella, Dmitrii Altukhov, Mainak Jas, Etienne Combrisson, Tarek Lajnef, Daphné Bertrand-Dubois, Vanessa Hadid, Golnoush Alamian, Jordan Alves, Fanny Barlaam, Anne-Lise Saive, Arthur Dehgan, Karim Jerbi","ds006502,on002718,on003645",3
"Ke Liu, Zhu Liang Yu, Wei Wu, Zhenghui Gu, Jun Zhang, Ling Cen, Srikantan S. Nagarajan, Yuanqing Li","ds006502,on002718,on003645",3
"Justin Brantley, Trieu Phat Luu, Sho Nakagome, Fangshi Zhu, José L. Contreras-Vidal","ds006502,on002718,on003645",3
"Richard N. Henson, Hunar Abdulrahman, Guillaume Flandin, Vladimir Litvak","ds006502,on002718,on003645",3
"Arjen Alink, Hunar Abdulrahman, Richard N. Henson","ds006502,on002718,on003645",3
"Andrés Soler, Pablo A. Muñoz-Gutiérrez, Maximiliano Bueno-López, Eduardo Giraldo, Marta Molinas","ds006502,on002718,on003645",3
"H. Janati, Thomas Bazeille, B. Thirion, Marco Cuturi, Alexandre Gramfort","ds006502,on002718,on003645",3
"Christopher J. Markiewicz, Krzysztof J. Gorgolewski, Franklin Feingold, Ross Blair, Yaroslav O. Halchenko, Éric Miller, Nell Hardcastle, Joe Wexler, Oscar Estéban, Mathias Goncalves, Anita S. Jwa, Russell A. Poldrack","ds000246,ds006502,on002718,on003645,on006126",5
"Stephen J. Gotts, Carson C. Chow, Alex Martin","ds006502,on002718,on003645",3
"Simon Duchesne, Louis Dieumegarde, Isabelle Chouinard, Farnaz Farokhian, AmanPreet Badhwar, Pierre Bellec, Pascal Tétreault, Maxime Descoteaux, Arnaud Boré, Jean‐Christophe Houde, Christian Beaulieu, Olivier Potvin","ds006502,on002718,on003645",3
"Roberto Salamanca-Giron, Estelle Raffin, Sarah B. Zandvliet, Martin Seeber, Christoph M. Michel, Paul Sauseng, Krystel R. Huxlin, Friedhelm C. Hummel","ds006502,on002718,on003645",3
"Françoise Lecaignard, Olivier Bertrand, Anne Caclin, Jérémie Mattout","ds006502,on002718,on003645",3
"Chetan Gohil, R. Huang, Evan Roberts, Mats W.J. van Es, Andrew J. Quinn, Diego Vidaurre, Mark W. Woolrich","ds006502,on002718,on003645",3
"Jinbiao Yang, Hao Zhu, Xing Tian","ds006502,on002718,on003645",3
"Sofie Therese Hansen, Søren Hauberg, Lars Kai Hansen","ds006502,on002718,on003645",3
"Yi Wang, Hua Huang, Hao Yang, Jian Xu, Site Mo, Hongyu Lai, Ting Wu, Junpeng Zhang","ds006502,on002718,on003645",3
"Xuewei Qin, Lizhao Du, Xiong Jiao, Jingyi Wang, Shanbao Tong, Tifei Yuan, Junfeng Sun","ds000246,ds006502,on002718,on003645",4
"Seyed Mostafa Kia, Fabian Pedregosa, Anna Blumenthal, Andrea Passerini","ds006502,on002718,on003645",3
"Yusuke Takeda, Keita Suzuki, Mitsuo Kawato, Okito Yamashita","ds006502,on002718,on003645",3
"Ke Liu, Zhu Liang Yu, Wei Wu, Zhenghui Gu, Yuanqing Li","ds006502,on002718,on003645",3
"Zitong Lu, Yixuan Ku","ds006502,on002718,on003645",3
"Jiawen Liang, Zhu Liang Yu, Zhenghui Gu, Yuanqing Li","ds006502,on002718,on003645",3
"Antonio Maffei, Paola Sessa","ds006502,on002718,on003645",3
"Mats W.J. van Es, Chetan Gohil, Andrew J. Quinn, Mark W. Woolrich","ds006502,on002718,on003645",3
"Chetan Gohil, Oliver Kohl, Rukuang Huang, Mats W.J. van Es, Ōiwi Parker Jones, Laurence T. Hunt, Andrew J. Quinn, Mark W. Woolrich","ds006502,on002718,on003645",3
"Sung-Mu Lee, Roni Tibon, Peter Zeidman, Pranay S. Yadav, Richard N. Henson","ds006502,on002718,on003645",3
"Chong-Chih Tsai, Wei-Kuang Liang","ds006502,on002718,on003645",3
"Muhammad Yousefnezhad, Daoqiang Zhang","ds006502,on002718,on003645",3
"Steven Peterson, Rajesh P. N. Rao, Bingni W. Brunton","ds006502,on002718,on003645",3
"Claire Stevenson, Matthew J. Brookes, José David López, Luzia Troebinger, Jérémie Mattout, W.D. Penny, Peter G. Morris, Arjan Hillebrand, Richard N. Henson, Gareth R. Barnes","ds006502,on002718,on003645",3
"Ke Liu, Zhu Liang Yu, Wei Wu, Xun Chen, Zhenghui Gu, Cuntai Guan","ds006502,on002718,on003645",3
"Peter Zeidman, John Ashburner, Gareth R. Barnes, Olivia S. Kowalczyk, Christian Lambert, Vladimir Litvak, Thomas E. Nichols, Thomas Parr, Tim M. Tierney, Karl Friston",ds006502,1
"J. D. Martínez-Vargas, Leonardo Duque‐Muñoz, J. F. Vargas‐Bonilla, José David López, G. Castellanos-Domínguez","ds006502,on002718,on003645",3
"Sofie Therese Hansen, Lars Kai Hansen","ds006502,on002718,on003645",3
"Mats W.J. van Es, Cameron Higgins, Chetan Gohil, Andrew J. Quinn, Diego Vidaurre, Mark W. Woolrich",ds006502,1
"Anders S. Olsen, Rasmus M. T. Høegh, Jesper Løve Hinrich, Kristoffer H. Madsen, Morten Mørup","ds006502,on002718,on003645",3
"Muhammad Yousefnezhad, Alessandro Selvitella, Liangxiu Han, Daoqiang Zhang","ds006502,on002718,on003645",3
"Furong Xu, Ke Liu, Zhuliang Yu, Xin Deng, Guoyin Wang","ds006502,on002718,on003645",3
"Brahim Belaoucha, Théodore Papadopoulo","ds006502,on002718,on003645",3
"Ramón Martínez-Cancino, Arnaud Delorme, Kenneth Kreutz-Delgado, Scott Makeig","ds006502,on002718,on003645",3
"Amirouche Sadoun, Tushar Chauhan, Samir Mameri, Yi Fan Zhang, Pascal Barone, Olivier Déguine, Kuzma Strelnikov","ds006502,on002718,on003645",3
"Feng Zhao, Sujie Wang, Linze Qian, Mengru Xu, Kuijun Wu, Iοannis Kakkos, Cuntai Guan, Yu Sun","ds006502,on002718,on003645",3
"Keita Suzuki, Okito Yamashita","ds006502,on002718,on003645",3
"Sarwat Fatima, Awais M. Kamboh","ds006502,on002718,on003645",3
"Debashis Das Chakladar, Nikhil R. Pal","ds006502,on002718,on003645",3
Géza Gergely Ambrus,"ds006502,on002718,on003645",3
"Jingcong Li, Jiahui Pan, Fei Wang, Zhuliang Yu","ds006502,on002718,on003645",3
"J. Bornot, R. Sotero, J. Kelso, Özgür Simsek, D. Coyle","ds006502,on002718,on003645",3
"Lina Ismail, Waldemar Karwowski",ds006525,1
"Guofa Shou, Han Yuan, Yoon‐Hee Cha, John A. Sweeney, Lei Ding",ds006525,1
"Ali Fahim Khan, Fan Zhang, Guofa Shou, Han Yuan, Lei Ding",ds006525,1
"Lei Ding, Guofa Shou, Yoon‐Hee Cha, John A. Sweeney, Han Yuan",ds006525,1
"Ali Fahim Khan, Han Yuan, Zachary A. Smith, Lei Ding",ds006525,1
"Guofa Shou, Han Yuan, Lei Ding",ds006525,1
"С.Д. Рыкунов, Andrii Boyko, М.Н. Устинин","ds000247,ds006525",2
"KC K. Nkurumeh, Han Yuan, Lei Ding",ds006525,1
"Giovanni Chiarion, Laura Sparacino, Yuri Antonacci, Luca Faes, Luca Mesin",ds006525,1
"Lei Ding, Han Yuan",ds006525,1
"Valarie Ivey, Han Yuan, Lei Ding",ds006525,1
"Zakaria Djebbara, Lars Brorson Fich, Laura Petrini, Klaus Gramann",ds006563,1
"Emily L. Parks, David J. Madden",ds006563,1
"Thomas Töllner, Dragan Rangelov, Hermann J. Müller",ds006563,1
"Thomas Töllner, Hermann J. Müller, Michael Zehetleitner",ds006563,1
"Heinrich R. Liesefeld, Anna M. Liesefeld, Stefan Pollmann, Hermann J. Müller",ds006563,1
"Iris Wiegand, Kathrin Finke, Hermann J. Müller, Thomas Töllner",ds006563,1
"Thomas Töllner, M. Conci, Tessa Rusch, Hermann J. Müller",ds006563,1
"Hermann J. Müller, Thomas Töllner, Michael Zehetleitner, Thomas Geyer, Dragan Rangelov, Joseph Krummenacher",ds006563,1
"Iris Wiegand, Thomas Töllner, Thomas Habekost, Mads Dyrholm, Hermann J. Müller, Kathrin Finke, Ludwig-Maximilians-Universität München",ds006563,1
"Joseph Krummenacher, Hermann J. Müller",ds006563,1
"Annette Richard, Renée Lajiness-O’Neill",ds006563,1
"Thomas Töllner, Tilo Strobach, Torsten Schubert, Hermann J. Müller",ds006563,1
"Behdad Parhizi, Mohammad Reza Daliri, Mehdi Behroozi",ds006563,1
"Dragan Rangelov, Hermann J. Müller, Michael Zehetleitner",ds006563,1
"Stefanie I. Becker, Anna Grubert, Paul E. Dux",ds006563,1
"Christine Mertes, Edmund Wascher, Daniel Schneider",ds006563,1
"Bastian Schledde, F. Orlando Galashan, Magdalena Przybyla, Andreas K. Kreiter, Detlef Wegener",ds006563,1
"Detlef Wegener, F. Orlando Galashan, Maike K. Aurich, Andreas K. Kreiter",ds006563,1
"Thomas Töllner, Kathrin C. J. Eschmann, Tessa Rusch, Hermann J. Müller",ds006563,1
"Matthias M. Müller, Mireille Trautmann, Christian Keitel",ds006563,1
"Daniela Gledhill, Cathleen Grimsen, Manfred Fahle, Detlef Wegener",ds006563,1
"Elkan G. Akyürek, Anna Schubö",ds006563,1
"Michael Pilling, David Barrett",ds006563,1
"Sandra Utz, Glyn W. Humphreys, Magdalena Chechlacz",ds006563,1
"Zoe Xu, Alejandro Lleras, Z. Gong, Simona Buetti",ds006563,1
"Bastian Schledde, F. O. Galashan, Magdalena Przybyla, A. Kreiter, D. Wegener",ds006563,1
"Zoe Xu, Alejandro Lleras, Simona Buetti",ds006563,1
"Austin Meek, Carlos H. Mendoza-Cardenas, Austin J. Brockmeier",ds006563,1
"A. Abdou, Martin Ivanov, Sarmed Shaya, Alice Rueda, Fatemeh Gholamali Nezhad, I. Demchenko, M. A. Kamaleddin, Paul Frewen, B. T. Dunkley, Brendan Brady, Andrew A. Nicholson, Rakesh Jetly, Divya Sharma, Sridhar Krishnan, Venkat Bhat",ds006563,1
Laura Frølich,ds006563,1
"Mahdad Jafarzadeh Esfahani, Soha Farboud, Hong-Viet V Ngo, Jules Schneider, F. D. Weber, Lucia M. Talamini, M. Dresler",ds006576,1
"J. Howard Jaster, Joshua Ong, Giulia Ottaviani",ds006576,1
"William G. Coon, Paul Zerr, Griffin Milsap, Niloy Sikder, Michael S. Smith, Martin Dresler, Matthew Reid",ds006695,1
"Roberto De Fazio, Ilaria Cascella, Paolo Visconti, Massimo De Vittorio, Bassam Al‐Naami",ds006695,1
"Gürkan Yılmaz, Cristina Sainz Martinez, Fabian Braun, Oriella Gnarra, Andrea Seiler, Kaspar Schindler, Markus H. Schmidt, Mathieu Lemay, João Jorge",ds006695,1
"Roberto De Fazio, Şule Esma Yalçınkaya, Ilaria Cascella, Carolina Del-Valle-Soto, Massimo De Vittorio, Paolo Visconti",ds006695,1
"Caroline Wang, Daniel Kasenberg, Kim Stachenfeld, Pablo Samuel Castro",ds006761,1
"D. Moerel, T. Grootswagers, G. Quek, Sophie Smit, Manuel Varlet",ds006761,1
"Liu Zhengxian, Yunting Liu, Weixian Li, Cui Ruifang, Xiaobo Liu",ds006761,1
"Denise Moerel, Manuel Varlet, Tijl Grootswagers",ds006761,1
"Denise Moerel, Tijl Grootswagers, Genevieve L. Quek, Manuel Varlet",ds006761,1
"Denise Moerel, Tijl Grootswagers, Jessica L. L. Chin, Francesca Ciardo, Patti Nijhuis, Genevieve L. Quek, Sophie Smit, Manuel Varlet",ds006802,1
"Cailee M. Nelson, Sarah Wilson, Jackson McFadden, Amit Almor, Caitlin M. Hudac",ds006802,1
"Bian Al-Otaibi, Sarah Abdullah Al-Rashidi, Atef Bahrawi",ds006848,1
"Neil W. Bailey, Mana Biabani, Aron T. Hill, Aleksandra Miljevic, Nigel C. Rogasch, Brittany McQueen, Oscar W. Murphy, Paul B. Fitzgerald","ds007052,ds007056,ds007069,ds007096,ds007137,ds007139",6
"William Thyer, Kirsten Adam, Gisella K. Diaz, Itzel Velázquez Sánchez, Edward K. Vogel, Edward Awh","ds007052,ds007056,ds007069,ds007096,ds007137,ds007139",6
"Guanghui Zhang, David R. Garrett, Steven J. Luck","ds007052,ds007056,ds007069,ds007096,ds007137,ds007139",6
"Guanghui Zhang, Steven J. Luck","ds007052,ds007056,ds007069,ds007096,ds007137,ds007139",6
"Syarifah Noor Syakiylla Sayed Daud, Rubita Sudirman","ds007052,ds007056,ds007069,ds007096,ds007137,ds007139",6
"Emily Doherty, Cara Spencer, Jeremy D. Burnison, Marta Čeko, Jenna Chin, Lucca Eloy, Kerstin S. Haring, Pilyoung Kim, Daniel J. Pittman, Shannon Powers, Samuel L. Pugh, Demetris K. Roumis, Jaclyn A. Stephens, Tom Yeh, Leanne Hirshfield","ds007052,ds007056,ds007069,ds007096,ds007137,ds007139",6
"Kyle M. Jensen, Justin A. MacDonald","ds007052,ds007056,ds007069,ds007096,ds007137,ds007139",6
"Guanghui Zhang, Carlos Daniel Carrasco, Kurt Winsler, Brett Bahle, Fengyu Cong, Steven J. Luck","ds007052,ds007056,ds007069,ds007096,ds007137,ds007139",6
"Timothy Trammel, Natalia Khodayari, Steven J. Luck, Matthew J. Traxler, Tamara Y. Swaab","ds007052,ds007056,ds007069,ds007096,ds007137,ds007139",6
"Peter E. Clayson, Emily S. Kappenman, William J. Gehring, Gregory A. Miller, Michael J. Larson","ds007052,ds007056,ds007069,ds007096,ds007137,ds007139",6
"Katherine J. Mimnaugh, Evan G. Center, Markku Suomalainen, Israel Becerra, Eliezer Lozano, Rafael Murrieta-Cid, Timo Ojala, Steven M. LaValle, Kara D. Federmeier","ds007052,ds007056,ds007069,ds007096,ds007137,ds007139",6
"Gan Huang, Zhenxing Hu, Weize Chen, Shaorong Zhang, Zhen Liang, Linling Li, Li Zhang, Zhiguo Zhang","ds007052,ds007056,ds007069,ds007096,ds007137,ds007139,nm000166,nm000311,on006126",9
"Guanghui Zhang, David R. Garrett, Aaron Matthew Simmons, John E. Kiat, Steven J. Luck","ds007052,ds007056,ds007069,ds007096,ds007137,ds007139",6
"Carlos Daniel Carrasco, Brett Bahle, Aaron Matthew Simmons, Steven J. Luck","ds007052,ds007056,ds007069,ds007096,ds007137,ds007139",6
"Amin Ghaderi-Kangavari, Jamal Amani Rad, Kourosh Parand, Michael D. Nunez","ds007052,ds007056,ds007069,ds007096,ds007137,ds007139",6
"Florentine Barbey, Francesca R Farina, Alison R. Buick, Lena Vera Danyeli, John Dyer, Md. Nurul Islam, Marina Krylova, Brian Murphy, Hugh Nolan, Laura M. Rueda‐Delgado, Martin Walter, Robert Whelan","ds007052,ds007056,ds007069,ds007096,ds007137,ds007139",6
"Megan A. Boudewyn, Molly Erickson, Kurt Winsler, J. Daniel Ragland, Andrew P. Yonelinas, Michael J. Frank, Steven M. Silverstein, Jim Gold, Angus W. MacDonald, Cameron S. Carter, Deanna M. Barch, Steven J. Luck","ds007052,ds007056,ds007069,ds007096,ds007139",5
"Yi-Fang Wu, Siliang Ma, Xuexue He, Shuoqi Xiang, Senqing Qi","ds007052,ds007056,ds007069,ds007096,ds007137,ds007139",6
"Arnd Meiser, Martin G. Bleichner","ds007052,ds007056,ds007069,ds007096,ds007137,ds007139",6
"Carola Dolci, Einat Rashal, Elisa Santandrea, Suliann Ben Hamed, Leonardo Chelazzi, Emiliano Macaluso, C. Nico Boehler","ds007052,ds007056,ds007069,ds007096,ds007137,ds007139",6
"Wendy Zhang, Emily S. Kappenman","ds007052,ds007056,ds007069,ds007096,ds007137,ds007139",6
"Patricia Arias-Cabarcos, Matin Fallahi, Thilo Habrich, Karen Schulze, Christian Becker, Thorsten Strufe","ds007052,ds007056,ds007069,ds007096,ds007137,ds007139",6
"Guanghui Zhang, Xueyan Li, Yingzhi Lu, Timo Tiihonen, Zheng Chang, Fengyu Cong","ds007052,ds007056,ds007069,ds007096,ds007137,ds007139",6
"Anna Kaiser, Pascal-M. Aggensteiner, Martin Holtmann, Andreas J. Fallgatter, Marcel Romanos, Karina Abenova, Barbara Alm, Katja Becker, Manfred Döpfner, Thomas Ethofer, Christine M. Freitag, Julia Geißler, Johannes Hebebrand, Michael Huß, Thomas Jans, Lea Teresa Jendreizik, Johanna Ketter, Tanja Legenbauer, Alexandra Philipsen, Luise Poustka, Tobias Renner, Wolfgang Retz, Michael Rösler, Johannes Thome, Henrik Uebel-von Sandersleben, Elena von Wirth, Toivo Zinnow, Sarah Hohmann, Sabina Millenet, Nathalie Holz, Tobias Banaschewski, Daniel Brandeis","ds007052,ds007056,ds007069,ds007096,ds007137,ds007139",6
"Daniel Feuerriegel, Stefan Bode","ds007052,ds007056,ds007069,ds007096,ds007137,ds007139",6
"Neil W. Bailey, Aron T. Hill, Kate Godfrey, M. Prabhavi N. Perera, Nigel C. Rogasch, Bernadette M. Fitzgibbon, Paul B. Fitzgerald","ds007052,ds007056,ds007069,ds007096,ds007139",5
Jamie A. O’Reilly,"ds007052,ds007056,ds007069,ds007096,ds007137,ds007139",6
"Matin Fallahi, Thorsten Strufe, Patricia Arias-Cabarcos","ds007052,ds007069,ds007096,ds007139",4
"K. Juston Osborne, Brian Kraus, Tim Curran, Holly A. Earls, Vijay A. Mittal","ds007052,ds007056,ds007069,ds007096,ds007137,ds007139",6
"Jane W. Couperus, Kirsten O. Lydic, Juniper E. Hollis, Jessica L. Roy, Amy R. Lowe, Cindy M. Bukach, Catherine L. Reed","ds007052,ds007056,ds007069,ds007096,ds007137,ds007139",6
Guillaume A. Rousselet,"ds007052,ds007056,ds007069,ds007096,ds007137,ds007139",6
"Cindy M. Bukach, Nadia Bukach, Catherine L. Reed, Jane W. Couperus","ds007052,ds007056,ds007069,ds007096,ds007137,ds007139",6
"Katharina Paul, Douglas J. Angus, Florian Bublatzky, Raoul Wüllhorst, Tanja Endraß, Lisa‐Marie Greenwood, Greg Hajcak, Bradley N. Jack, Sebastian Peter Korinth, Leon O.H. Kroczek, Boris Lucero, Annakarina Mundorf, Sophie Nolden, Jutta Peterburs, Daniela M. Pfabigan, Antonio Schettino, Mario Carlo Severo, Yee Lee Shing, Gözem Turan, Melle J. W. van der Molen, Matthias J. Wieser, Niclas Willscheid, Faisal Mushtaq, Yuri G. Pavlov, Gilles Pourtois","ds007052,ds007056,ds007069,ds007096,ds007137,ds007139",6
"Giuseppe Di Dona, Michele Scaltritti, Simone Sulpizio","ds007052,ds007056,ds007069,ds007096,ds007137,ds007139",6
"Peter E. Clayson, Harold A. Rocha, Julia B. McDonald, Scott A. Baldwin, Michael J. Larson","ds007052,ds007056,ds007069,ds007096,ds007137,ds007139",6
"Jamie A. O’Reilly, Jordan Wehrman, Paul F. Sowman","ds007052,ds007056,ds007069,ds007096,ds007137,ds007139",6
"Friederike Contier, Isabell Wartenburger, Mathias Weymar, Milena Rabovsky","ds007052,ds007056,ds007069,ds007096,ds007137,ds007139",6
"Lachlan Hall, Amy Dawel, Lisa‐Marie Greenwood, Conal Monaghan, Kevin Berryman, Bradley N. Jack","ds007052,ds007056,ds007069,ds007096,ds007137,ds007139",6
"Yan Ma, Yiou Tang, Yang Zeng, Tao Ding, Yifu Liu","ds007052,ds007056,ds007069,ds007096,ds007137,ds007139",6
"K. Juston Osborne, Wendy Zhang, Jaclyn L. Farrens, McKena Geiger, Brian Kraus, James E. Glazer, Robin Nusslock, Emily S. Kappenman, Vijay A. Mittal","ds007052,ds007056,ds007069,ds007137,ds007139",5
"Peter E. Clayson, Scott A. Baldwin, Michael J. Larson","ds007052,ds007056,ds007069,ds007096,ds007137,ds007139",6
"Guangli Zhao, Liyong Yu, Peixin Chen, Keli Zhu, Lu Yang, Wenting Lin, Yucai Luo, Zeyang Dou, Hao Xu, Pan Zhang, Tianmin Zhu, Siyi Yu","ds007052,ds007056,ds007069,ds007096,ds007137,ds007139",6
"Siyuan Zhou, Zongping Chen, Gang Liu, Lingfei Ma, Ya Liu","ds007052,ds007056,ds007069,ds007096,ds007137,ds007139",6
"Elif Isbell, Jennie K. Grammer","ds007052,ds007056,ds007069,ds007096,ds007137,ds007139",6
"Faly Golshan, Daneil Moss, Gloria Sun, Olav Krigolson, Maria T. Cruz, Janeen D. Loehr, Marla Mickleborough","ds007052,ds007056,ds007069,ds007096,ds007137,ds007139",6
"Gabriel Weindel, Leendert van Maanen, Jelmer P. Borst","ds007052,ds007056,ds007069,ds007096,ds007137,ds007139",6
"Zhaohui Li, Xiaohui Tan, Xinyu Li, Liyong Yin","ds007052,ds007056,ds007069,ds007096,ds007137,ds007139",6
"Junjie Huang, Huimin Wu, Xinyan Sun, Senqing Qi","ds007052,ds007056,ds007069,ds007096,ds007137,ds007139",6
"Nikishena Is, В. А. Пономарев, J.D. Kropotov","ds007052,ds007056,ds007069,ds007096,ds007137,ds007139",6
"Yunyuan Gao, Zehao Zhu, Feng Fang, Yingchun Zhang, Ming Meng","ds007052,ds007056,ds007069,ds007096,ds007137,ds007139",6
"Yiou Tang, Yan Ma, Chunling Xiao, Min Wu, Guoyuan Zeng","ds007052,ds007056,ds007069,ds007096,ds007137,ds007139",6
"Rachelle E. Pichot, Daniel J. Henreckson, Morgan Foley, Joshua D. Koen","ds007052,ds007056,ds007069,ds007096,ds007137,ds007139",6
"Paula Castiajo, Ana P. Pinheiro","ds007052,ds007056,ds007069,ds007137",4
"Chandlyr M. Denaro, Catherine L. Reed, Jasmin Joshi, Astrid Petropoulos, Anjali Thapar, Alan A. Hartley","ds007052,ds007056,ds007069,ds007096,ds007137,ds007139",6
"Jamie A. O’Reilly, Jordan Wehrman, Aaron Carey, Jennifer Bedwin, Thomas Hourn, Fawad Asadi, Paul F. Sowman","ds007052,ds007056,ds007069,ds007096,ds007137,ds007139",6
"Luis Kevin Cepeda-Zapata, César E. Corona-González, Luz María Alonso-Valerdi, David I. Ibarra-Zárate","ds007052,ds007056,ds007069,ds007096,ds007137,ds007139",6
"Liyong Yu, Yucai Luo, Wenting Lin, Zeyang Dou, Daijie Hu, Wei Wei, Yuqi He, Keli Zhu, Xiaojuan Hong, Qi Zhang, Siyi Yu","ds007052,ds007056,ds007069,ds007096,ds007137,ds007139",6
"Reza Mahini, Fan Li, Mahdi Zarei, Asoke K. Nandi, Timo Hämäläinen, Fengyu Cong","ds007052,ds007056,ds007069,ds007096,ds007137,ds007139",6
"Friederike Contier, Melissa Höger, Milena Rabovsky","ds007052,ds007056,ds007069,ds007096,ds007137,ds007139",6
"Arnd Meiser, Anna Lena Knoll, Martin G. Bleichner","ds007052,ds007056,ds007069,ds007096,ds007137,ds007139",6
"Huiyang Wang, Hongfang Han, John Q. Gan, Haixian Wang","ds007052,ds007056,ds007069,ds007096,ds007137,ds007139,nm000129",7
"Reza Mahini, Guanghui Zhang, Tiina Parviainen, Rainer Düsing, Asoke K. Nandi, Fengyu Cong, Timo Hämäläinen","ds007052,ds007056,ds007069,ds007096,ds007137,ds007139",6
"Sai Kalyan Ranga Singanamalla, Chin‐Teng Lin","ds007052,ds007056,ds007069,ds007096,ds007137,ds007139",6
"Ruei‐Hong Li, Tai-Rui Chen, Nicholas D. Gilson, Marius Brazaitis, Yi-Ting Cheng, Hui-Fang Wu, Ji-Hang Lee, Yu-Kai Chang","ds007052,ds007056,ds007069,ds007139",4
"Shihao Pan, T. Shen, Yongxiang Lian, Lichen Shi","ds007052,ds007056,ds007069,ds007096,ds007137,ds007139",6
"Bruno Aristimunha, Raphael De Camargo, Walter Hugo Lopez Pinaya, Sylvain Chevallier, Alexandre Gramfort, Cédric Rommel","ds007052,ds007056,ds007069,ds007096,ds007137,ds007139,nm000166",7
"Bernard A. J. Jap, Yu-Yin Hsu","ds007052,ds007056,ds007069,ds007096,ds007137,ds007139",6
"Daniela Ruzzante, Jeroen Vaes","ds007052,ds007056,ds007069,ds007096,ds007137,ds007139",6
"Kara Morgan‐Short, Irene Finestrat, Alicia Luque, David Abugaber","ds007052,ds007056,ds007069,ds007096,ds007137,ds007139",6
"Jamie A. O’Reilly, Hassapong Sunthornwiriya-Amon, Naradith Aparprasith, Pannapa Kittichalao, Pornnaphas Chairojwong, Thanabodee Klai-On, E. Lannon","ds007052,ds007056,ds007069,ds007096,ds007137,ds007139",6
"Elif Isbell, Nancy E. Rodas De León, Dylan Matthew Richardson","ds007052,ds007056,ds007069,ds007096,ds007139",5
"David Abugaber, Irene Finestrat, Alicia Luque, Kara Morgan‐Short","ds007052,ds007056,ds007069,ds007139",4
"Alexei Ossadtchi, Ilia Semenkov, Anna Zhuravleva, Vladimir V. Kozunov, Oleg Serikov, Е. В. Волошина","ds007052,ds007056,ds007069,ds007096,ds007137,ds007139",6
"Tarik Bel‐Bahar, Anam A. Khan, Riaz Shaik, Muhammad A. Parvaz","ds007056,ds007069",2
"Okba Bekhelifi, Nasr-Eddine Berrached, Amine Bendahmane","ds007056,ds007069,ds007096,ds007137,ds007139",5
"Hao Zhang, Qing-Qi Zhou, He Chen, Xiaoqing Hu, Wei‐Guang Li, Yang Bai, Junxia Han, Yao Wang, Zhenhu Liang, Dan Chen, Fengyu Cong, Jia-Qing Yan, Xiaoli Li",ds007069,1
"Guiomar Niso, Laurens R. Krol, Etienne Combrisson, Anne‐Sophie Dubarry, Madison Elliott, François Clément, Yseult Héjja‐Brichard, Sophie K. Herbst, Karim Jerbi, Vanja Ković, Katia Lehongre, Steven J. Luck, Manuel Mercier, John C. Mosher, Yuri G. Pavlov, Aina Puce, Antonio Schettino, Daniele Schön, Walter Sinnott‐Armstrong, Bertille Somon, Аnđela Šoškić, Suzy J Styles, Roni Tibon, Martina G. Vilas, Marijn van Vliet, Maximilien Chaumon","ds000246,ds000247,ds007069,on006126",4
"Lu Yang, Lu Yang, Xiangwen Xiao, Liyong Yu, Zhifu Shen, Yucai Luo, Guangli Zhao, Zeyang Dou, Wenting Lin, Jie Yang, Lili Yang, Lili Yang, Siyi Yu",ds007069,1
"John P. Veillette, Letitia Ho, Howard C. Nusbaum","ds007069,ds007096,ds007137",3
"Feng Yu, Zhongrui Rao, Neng Chen, Li Liu, Minghua Jiang",ds007096,1
"F. Mushtaq, Agustín Ibáñez",ds007358,1
Miryam Naddaf,ds007358,1
"Tara C. Thiagarajan, Sr. John-Mary Vianney, Shailender Swaminathan, Jennifer Jane Newson, Dhanya Parameshwaran, Narayan Puthanmadam Subramaniyam",ds007358,1
"Nidal Kamel, Linh Chu Ha, Saeid Sanei, Thanh Tram Thi Kim",ds007609,1
"Alexandra I. Kosachenko, Danil I. Syttykov, Dmitrii A. Tarasov, Alexander I. Kotyusov, Dauren Kasanov, Sergey Malykh, Boris Kotchoubey, Yuri G. Pavlov","ds007648,ds007663",2
"Esther M Thielking, Hannah Ramsey, Jason Samaha, Thomas Andrillon, Luca Iemi",ds007648,1
"Mohammad Hossein Rafiei, Lynne V. Gauthier, Hojjat Adeli, Daniel Takabi","nm000109,nm000126,nm000137",3
"Yueying Zhou, Shuo Huang, Ziming Xu, Pengpai Wang, Xia Wu, Daoqiang Zhang","ds000248,nm000109",2
Omneya Attallah,nm000109,1
"Lakhan Dev Sharma, Vijay Kumar Bohat, Maria Habib, Ala’ M. Al-Zoubi, Hossam Faris, Ibrahim Aljarah",nm000109,1
"Pooja, SK Pahuja, Karan Veer",nm000109,1
"Kyungwon Kim, Nguyen Thanh Duc, Minsung Choi, Boreom Lee",nm000109,1
"Yi Ding, Yong Li, Hao Sun, Rui Liu, Chengxuan Tong, Chenyu Liu, Xinliang Zhou, Cuntai Guan",nm000109,1
"Prince Jain, Jammisetty Yedukondalu, Himanshu Chhabra, Urvashi Chauhan, Lakhan Dev Sharma",nm000109,1
"Lokesh Malviya, Sandip Mal",nm000109,1
"Debashis Das Chakladar, Partha Pratim Roy",nm000109,1
"Ivan Seleznov, I. Zyma, Ken Kiyono, С. В. Тукаев, Антон Попов, Mariia Chernykh, Oleksii Shpenkov",nm000109,1
"Ronglong Xiong, Fanmeng Kong, Xuehong Yang, Guangyuan Liu, Wanhui Wen",nm000109,1
"Jammisetty Yedukondalu, Lakhan Dev Sharma",nm000109,1
"Tina Behrouzi, Dimitrios Hatzinakos",nm000109,1
"Abhishek Varshney, Samit Kumar Ghosh, Sibasankar Padhy, Rajesh Kumar Tripathy, U. Rajendra Acharya",nm000109,1
"Likun Xia, Yuan Feng, Ziheng Guo, Jinhong Ding, Yanlei Li, Yifan Li, Ming Ma, Guoxi Gan, Yehan Xu, Jingyu Luo, Zhiping Shi, Yong Guan",nm000109,1
"Subashis Karmakar, Supreeti Kamilya, Prasenjit Dey, Parag Kumar Guhathakurta, Mamata Dalui, Tushar Kanti Bera, Suman Halder, Chiranjib Koley, Tandra Pal, Anupam Basu",nm000109,1
"Jammisetty Yedukondalu, Kalyani Sunkara, Vankayalapati Radhika, K. Sivakrishna, Murali Anumothu, Y. Murali Krishna",nm000109,1
"Manali Saini, Udit Satija, Madhur Deo Upadhayay",nm000109,1
"Taruv Harshita Priya, P. Mahalakshmi, Vps Naidu, M. Srinivas",nm000109,1
"Binish Fatimah, Abhishek Javali, Haaris Ansar, B G Harshitha, Hemant Kumar",nm000109,1
"Yuchen Zhou, Jiamin Wu, Zichen Ren, Zhouheng Yao, Weiheng Lu, Kunyu Peng, Qihao Zheng, Chunfeng Song, Wanli Ouyang, Chao Gou",nm000109,1
"Nilima Salankar, Deepika Koundal, Saeed Mian Qaisar",nm000109,1
"Aurora Saibene, Francesca Gasparini",nm000109,1
"Jammisetty Yedukondalu, Diksha Sharma, Lakhan Dev Sharma",nm000109,1
"T. A. Suhail, K.P. Indiradevi, E M Suhara, Suresh A. Poovathinal, Anitha Ayyappan",nm000109,1
"Priyanka Mathur, Vijay Kumar Chakka",nm000109,1
"Lakhan Dev Sharma, Ritesh Kumar Saraswat, Ramesh Kumar Sunkaria",nm000109,1
"Debashis Das Chakladar, Sumalyo Datta, Partha Pratim Roy, Vinod A. Prasad",nm000109,1
"Mohammad Shahbakhti, Maxime Maugeon, Matin Beiramvand, Vaidotas Marozas",nm000109,1
"Debashis Das Chakladar, Partha Pratim Roy, Masakazu Iwamura",nm000109,1
"Darshil Shah, Gopika Gopan K, Neelam Sinha",nm000109,1
"Nursena Bayğın, Emrah Aydemir, Prabal Datta Barua, Mehmet Bayğın, Şengül Doğan, Türker Tuncer, Ru‐San Tan, U. Rajendra Acharya",nm000109,1
"Vincenzo Catrambone, Gaetano Valenza",nm000109,1
"Amita Giri, Lalan Kumar, Tapan Kumar Gandhi",nm000109,1
"Yan Yan, Liang Ma, Yu-Shi Liu, Kamen Ivanov, Jiahong Wang, Jing Xiong, Ang Li, Yini He, Lei Wang",nm000109,1
"Nilima Salankar, Saeed Mian Qaisar",nm000109,1
"Binish Fatimah, Dipro Pramanick, Pranav Shivashankaran",nm000109,1
"Asit Kumar Subudhi, Monalisa Mohanty, Santanu Kumar Sahoo, Saumendra Kumar Mohanty, Bibhuprasad Mohanty",nm000109,1
"Zhengyi Wang, Yu Ouyang, Hong Zeng",nm000109,1
"Gayal Kuruppu, Neeraj Wagh, V. Kremen, Y. Varatharajah",nm000109,1
"Carlos Alberto Valentim, Claudio Marcio Cassela Inacio, Sérgio Adriani David",nm000109,1
"Lokesh Malviya, Sandip Mal, Praveen Lalwani",nm000109,1
"Kawser Ahammed, Mosabber Uddin Ahmed",nm000109,1
"Nilima Salankar, Deepika Koundal, Chinmay Chakraborty, Lalit Garg",nm000109,1
"Sari Saba-Sadiya, Tuka Alhanai, Taosheng Liu, Mohammad M. Ghassemi",nm000109,1
"Debashis Das Chakladar, Shubhashis Dey, Partha Pratim Roy, Masakazu Iwamura",nm000109,1
"Ariful Islam, Ajay Krishno Sarkar, Tonmoy Ghosh",nm000109,1
"V. G. Rajendran, S. Jayalalitha, K. Adalarasu, R. Mathi",nm000109,1
"Erhan Bergil, Canan Oral, Engin Ufuk Ergül",nm000109,1
"Heba M. Afify, Kamel K. Mohammed, Aboul Ella Hassanien",nm000109,1
"Naseem Babu, Jimson Mathew, A. Vinod","nm000109,nm000112",2
"Zitao Fang, Chenxuan Li, Hongting Zhou, Shuyang Yu, Guodong Du, Ashwaq Qasem, Yang Lu, Jing Li, Junsong Zhang, Sim Kuan Goh","nm000109,nm000114",2
"Sushant Yadav, Pradeep Kumar Tiwari, Animesh Tripathi, Uttam Sharma, Pratibha Dixit, Arunesh Dutt, Shiv Prakash, Narendra Kumar Shukla",nm000109,1
"Sanjay Kumar, Anshuman Raj Chauhan, Akhil, Akshi Kumar, Guang Yang",nm000109,1
"Shawhin Talebi, John Waczak, Bharana Fernando, Arjun Sridhar, David J. Lary",nm000109,1
Tahmineh Azizi,nm000109,1
"Jianxi Huang, Yinghui Chang, Wenyu Li, Jigang Tong, Shengzhi Du",nm000109,1
"Manish Kumar Saini, Udit Satija",nm000109,1
"Manali Saini, Udit Satija",nm000109,1
"Zhong Yin, Jiehao Tang, Jing Zhang, Zhe Wang, Jianhua Zhang, Yagang Wang, Bingxue Zhang",nm000109,1
"Dizhen Ma, Shaobo He, Kehui Sun",nm000109,1
"Himanshu Chhabra, Urvashi Chauhan, Prince Jain, Lakhan Dev Sharma, Ark Dev",nm000109,1
"Shi Chen, Zhaonian Hu, Shanshan Li, Xiaorou Hu, Guangyuan Liu, Wanhui Wen",nm000109,1
"Anastasiia Timofeeva, Marina Murtazina",nm000109,1
"Morteza Jafari Malali, Yashar Sarbaz, Sepideh Zolfaghari, Armin Khodayarlou",nm000109,1
"Emrah Aydemir, Mehmet Bayğın, Şengül Doğan, Türker Tuncer, Prabal Datta Barua, Subrata Chakraborty, Oliver Faust, N. Arunkumar, Feyzi Kaysi, U. Rajendra Acharya",nm000109,1
"Krishna Mridha, Dinesh Kumar, Madhu Shukla, Mahrishi Jani",nm000109,1
"Aman Anand, Mitul Kumar Ahirwal",nm000109,1
"Shikha Shikha, Divyashikha Sethia, S. Indu",nm000109,1
"Türker Tuncer, Şengül Doğan",nm000109,1
"Emran Ali, Maia Angelova, Chandan Karmakar",nm000110,1
"Mariyadasu Mathe, M. Padmaja, B. T. Krishna",nm000110,1
"Shan Liu, Jiang Wang, Shanshan Li, Lihui Cai",nm000110,1
"Homa Kashefi Amiri, Masoud Zarei, Mohammad Reza Daliri",nm000110,1
"Sergio E. Sánchez-Hernández, Sulema Torres-Ramos, Israel Román-Godínez, Ricardo A. Salido-Ruiz",nm000110,1
"Si Thu Aung, Yodchanan Wongsawat",nm000110,1
"Zheng You Lim, Ying Han Pang, Shih Yin Ooi, Wee How Khoh, Fu San Hiew",nm000110,1
"Sayan Ghosh, Vigneswaran Chandrasekaran, NR Rohan, V. Srinivasa Chakravarthy","nm000110,nm000137",2
"Emran Ali, Radhagayathri K. Udhayakumar, Maia Angelova, Chandan Karmakar",nm000110,1
"B. V. N. Silpa, Malaya Kumar Hota",nm000110,1
"Lin Shi, Zexin Wang, Yuanwei Ma, Jianjun Chen, Jingzhou Xu, Jun Qi",nm000110,1
"Raghdah Saem Aldahr, Munid Alanazi, Mohammad Ilyas",nm000110,1
"Juan Pablo Carvajal-Dossman, Laura Guio, Danilo García-Orjuela, Jennifer J Guzmán-Porras, Kelly Garcés, Andrés Naranjo, Silvia Juliana Maradei-Anaya, Jorge Duitama",nm000110,1
"Sayan Ghosh, C. Vigneswaran, NR Rohan, V. Srinivasa Chakravarthy",nm000110,1
"Yumna Nabila, Hasballah Zakaria",nm000110,1
"Nowshad Hasan, Mohiuddin Sharif, Miskatur Rahman, Md. Saiful Islam, M. A. S. K. Khan, Md Jiabul Hoque, Anamul Bahar",nm000110,1
"Najmusseher Najmusseher, M. Umme Salma",nm000110,1
"Antara Ghosh, Debangshu Dey",nm000110,1
"Neha Kumari, Syed Raheel Hassan, Pallavi Bassi",nm000110,1
"Xiang Li, Ke Zhang, Xin Wang, Zhiheng Zhang, pengshuai zhu, Mingxing Zhu, Xianhai Zeng, Shixiong Chen",nm000110,1
"Josh Schilling, Naveenkumar G. Venkataswamy, Masudul H. Imtiaz",nm000110,1
"He Chunlei, Peijun Ma, Jiangyi Shi, Chenxin Qu, Qingrong Wang, Cong Yao, Yue Hao",nm000110,1
"Yulang Feng, Tianshu Zhou, Yu Tian, Chengkai Wu, Jianda Wang, Jianhua Feng, Jingsong Li",nm000110,1
"Zejing Zhang, Dengdi Sun",nm000110,1
"Taissir Fekih Romdhane, Ridha Ouni, Haikel Alhichri",nm000110,1
"Aabid Amin Fida, Sparsh Mittal",nm000110,1
"Afif Firdaus Fatharani, Khoerun Nisa Syaja’ah, W. S. Mada Sanjaya, Muhammad Insan Al-Amin, Rin Rin Nurmalasari, Andang Saehu",nm000110,1
"Noore Zahra, Hanan Aljuaid, Shatha Almutairi, Nouf Khalid Alfouzan, Sara Abdulaziz Alwadyy, Arwa BandarAlmutairi",nm000110,1
"Jonah Fernandez, Guillem Hernández Guillamet, Cristina Muniesa Montserrat, Bianca Innocenti, Beatriz López",nm000110,1
"Zhihui Du, Zhongyuan Lai",nm000110,1
"Emilia Malik, Michał Wizner, Julia Izabela Karpierz, Zuzanna Pająk, Monika Roszkowska, Marta Rojek, Justyna Paprocka",nm000110,1
"Peipei Gu, Ming Zhang, Meiyan Xu, Duo Chen, Jibin Shou, Jiayang Guo, Naian Xiao",nm000110,1
"Rahul Agrawal, Chetan Dhule, Garima Shukla, Sofia Singh, Urvashi Agrawal, Sarah Allabun, Manal A. Othman, Lotta Bayisenge",nm000110,1
"Aesha Ali Alasade, A. Gehani, Hind Mohammedsalih Osman, Abdulwahhab M Al-Shaikhli, A. A. Idris, Asim Ahmed, Almalik Abla",nm000110,1
"Abhisek Gour, N. C. Barwar",nm000110,1
"Gnaneswari Gnanaguru, B. M. Praveen, S. Silvia Priscila",nm000110,1
"Luiz Antonio Nicolau Anghinoni, Marcelo Teixeira, Marco Antônio de Castro Barbosa, Dalcimar Casanova, Jefferson Tales Oliva",nm000110,1
"Lufeng Feng, Baomin Xu, Li Duan, Wei Ni, Quan Sheng",nm000110,1
"Wenjie Chen, Xinqi Lei, Hainan Guo, Zhuang Li",nm000110,1
"Lavanya Vinod Pampana, Aengus Daly, Joaquim Bauxell Cornet, Andriy Temko, Emanuel Popovici",nm000110,1
"Jiquan Wang, Sha Zhao, Zhiling Luo, Yangxuan Zhou, Haiteng Jiang, Shijian Li, Tao Li, Gang Pan","nm000112,nm000114",2
"Jingjing Chen, Xiaobin Wang, Chen Huang, Xin Hu, Xinke Shen, Dan Zhang","nm000112,nm000129",2
"Wei-Bang Jiang, Xuan-Hao Liu, Wei‐Long Zheng, Bao‐Liang Lu",nm000112,1
"Yu Pei, Shaokai Zhao, Liang Xie, Zhiguo Luo, Dongdong Zhou, Chuang Ma, Yan Ye, Erwei Yin",nm000112,1
"Yi Ding, Chengxuan Tong, Shuailei Zhang, Muyun Jiang, Yong Li, Kevin Lim, Cuntai Guan",nm000112,1
"Weishan Ye, Zhiguo Zhang, Fei Teng, Min Zhang, Jianhong Wang, Dong Ni, Fali Li, Peng Xu, Zhen Liang",nm000112,1
"Chao Li, Feng Wang, Ziping Zhao, Haishuai Wang, Björn W. Schuller",nm000112,1
"Miaoqi Pang, Hongtao Wang, Jiayang Huang, Chi‐Man Vong, Zhiqiang Zeng, Chuangquan Chen",nm000112,1
"Dongrui Gao, Mengwen Liu, Haokai Zhang, Manqing Wang, Hongli Chang, Gaoxiang Ouyang, Shihong Liu, Pengrui Li",nm000112,1
"Hanzhong Zhang, Tienyu Zuo, Zhiyang Chen, Xin Wang, Poly Z. H. Sun",nm000112,1
"Jiquan Wang, Sha Zhao, Zhiling Luo, Yangxuan Zhou, Shijian Li, Gang Pan",nm000112,1
"Qinfan Xiao, Ziyun Cui, Chi Zhang, Siqi Chen, Wen Wu, Andrew Thwaites, Alexandra Woolgar, Bowen Zhou, Chao Zhang","ds000247,nm000112,nm000114",3
"Wei Li, Lingmin Fan, Shitong Shao, Aiguo Song",nm000112,1
"Hongyu Chen, Weiming Zeng, Chengcheng Chen, Luhui Cai, Fei Wang, Yuhu Shi, Lei Wang, Wei Zhang, Yueyang Li, Hongjie Yan, Wai Ting Siok, Nizhuan Wang",nm000112,1
"Dongdong Li, Shengyao Huang, Li Xie, Zhe Wang, Jiazhen Xu",nm000112,1
"Fang Wang, Yu‐Chu Tian, Xiaobo Zhou",nm000112,1
"Chang Jiang, Zhixin Zhang, Yuhua Qian, Pan Lin",nm000112,1
"Mengting Hu, Dan Xu, Kangjian He, Kunyuan Zhao, Haolan Zhang",nm000112,1
"Xinke Shen, Lingyi Tao, X Chen, Sen Song, Quanying Liu, Dan Zhang",nm000112,1
"Yiwu Wang, Yingyue Zhou, Weikun Lu, Qiao Wu, Qiang Li, Runfeng Zhang",nm000112,1
"Huayu Chen, Junxiang Li, Huanhuan He, Shuting Sun, Jing Zhu, Xiaowei Li, Bin Hu",nm000112,1
"Jingying Ma, Feng Wu, Qika Lin, Yucheng Xing, Chenyu Liu, Ziyu Jia, Mengling Feng","nm000112,nm000114",2
"Ting Jiang, Jihua Wu, Stephen C.H. Leung",nm000112,1
"Lei Zhu, Mengxuan Xu, Aiai Huang, Jianhai Zhang, Xufei Tan",nm000112,1
"Wei Li, Zhihao Zhu, Shitong Shao, Yao Lu, Aiguo Song",nm000112,1
"Huy Tung Phuong, Im Eun-Tack, Oh Myeong-Seok, Gwang-Yong Gim",nm000112,1
"Mingzhi Chen, Yiyu Gui, Yuqi Su, Yuesheng Zhu, Guibo Luo, Yuchao Yang",nm000112,1
"Yao Yuxuan, Hongbo Wang, Chen Li, Peng Yiheng, Jingjing Luo",nm000112,1
"Y. H. Liu, Wenbo Xue, Li Yang, Mengmeng Li",nm000112,1
"Dongyuan Tian, Yucheng Wang, Peiliang Gong, Zhewen Xu, Zhenghua Chen, Xiaohui Wei, Min Wu",nm000112,1
"Tongtian Yue, Xuange Gao, Shuning Xue, Yepeng Tang, Longteng Guo, Jie Jiang, Jing Liu",nm000112,1
"Rabindra Khadka, Pedro G. Lind, Anis Yazidi, Asma Belhadi",nm000112,1
"Yushun Xiao, Wenming Zheng, Guoying Zhao",nm000112,1
"Shanshan Hu, Zhiwen Yu, En Xu, Yao Wang, Ying Zhang, Bin Guo",nm000112,1
"Ziyi Li, Le-Yan Tao, Rui-Xiao Ma, Wei‐Long Zheng, Bao‐Liang Lu",nm000112,1
"Siqi Cai, Zheyuan Lin, Xiaoli Liu, Wenjie Wei, Shuai Wang, Malu Zhang, Tanja Schultz, Haizhou Li",nm000112,1
"Benjamin J Choi, Melanie Weber",nm000112,1
"Xiaowei Jiang, Yanan Chen, N. R. Pal, Yu-Cheng Chang, Yunkai Yang, T. Do, Chin-Teng Lin",nm000112,1
"Chang Jiang, Jianjiang Luo, Liyun Xu, Yuhui Du, Xiangguo Wang, Pan Lin",nm000112,1
"Xiaoliang Guo, Shuo Zhai",nm000112,1
"Rand Alibrahim, Heba Kurdi",nm000112,1
"Yueyang Li, Shengyu Gong, Weiming Zeng, Nizhuan Wang, Wai Ting Siok",nm000112,1
"Sha Zhao, Song Yi, Yangxuan Zhou, Jiadong Pan, Jiquan Wang, Jie Xia, Shijian Li, Shurong Dong, Gang Pan",nm000112,1
"Hanwen Liu, Yifeng Gong, Zuwei Yan, Zeheng Zhuang, Jiaxuan Lu",nm000112,1
"Puchun Liu, C. L. Philip Chen, Yubin He, Tong Zhang",nm000112,1
"Qingzhu Zhang, J. Zhong, Zongsheng Li, Xinke Shen, Quanying Liu",nm000112,1
"Yangxuan Zhou, Sha Zhao, Jiquan Wang, Haiteng Jiang, Shijian Li, Tao Li, Gang Pan",nm000112,1
"Jiangfeng Sun, Kaiwen Xue, Qika Lin, Yufei Qiao, Yifan Zhu, Z. Ou, Meina Song",nm000112,1
"Haoying Zhu, Kunpeng Zhang, De‐Shen Wang, Jiahui Pan, Junduan Huang",nm000112,1
"P. Sreehari, U. Raghavendra, Anjan Gudigar, B. K. Deka, D. Noronha, A. Khan",nm000112,1
"Xuyang Chen, Xin Xu, Dan Zhang, Xinke Shen",nm000112,1
"Lina Qiu, Zuorui Ying, Xianyue Song, Weisen Feng, Chengju Zhou, Jiahui Pan",nm000112,1
"JaeYoung Moon, Youjin Choi, Yucheon Park, Dávid Melhárt, Georgios N. Yannakakis, Kyung-Joong Kim",nm000112,1
"Jianming Zhang, Wei-Bang Jiang, Wei‐Long Zheng, Bao‐Liang Lu",nm000112,1
"Zelin Liao, Yonghao Song, Chengjian Xu, Haochuan Zhang, Qingqing Zheng",nm000112,1
"Yoelvis Moreno-Alcayde, Tuukka Ruotsalo, Luis A. Leiva, V. Javier Traver",nm000112,1
"Xiaobin Wong, Zhonghua Zhao, Haoran Guo, Zhengyi Liu, Yu Wu, Feng Yan, Zhiren Wang, Sen Song",nm000112,1
"Brad Shook, Abigail Turner, Jieshi Chen, Michał Wiliński, Mononito Goswami, Jonathan Elmer, Artur Dubrawski","nm000112,nm000114",2
"Yuning Chen, Sha Zhao, Shijian Li, Gang Pan",nm000112,1
"Yi Ding, Muyun Jiang, Weibang Jiang, Shuailei Zhang, Xin-qiu Zhou, Chenyu Liu, Shanglin Li, Yong Li, Cuntai Guan","nm000112,nm000114",2
"Jiahao Tang, Youjun Li, Xiangting Fan, Yangxuan Zheng, Siyuan Lu, Xueping Li, Peng Fang, Chenxi Li, Zi-Gang Huang",nm000112,1
"Shengyu Gong, Yueyang Li, Zijian Kang, Bo Chai, Weiming Zeng, Hongjie Yan, Zhiguo Zhang, W. Siok, Nizhuan Wang",nm000112,1
"Guangqiang Li, Ning Chen, Hongqing Zhu, Yixiang Niu, Zhangyong Xu, Jing Li, Zhiying Zhu",nm000112,1
"Xiaolong Zhong, F. Y. Wu, Yoshiharu Hirano, Zhong Wei Yin, Gang Liu",nm000112,1
"Menahil Khawar, Sanay Muhammad Umar Saeed, Sohail Khalid",nm000112,1
"Lei Zhu, Yu Ding, Aiai Hung, Xufei Tan, Jianhai Zhang",nm000112,1
"Vladimir Romaniuk, Alexey Kashevnik",nm000112,1
"Yuchen Guo, Zhenhai Gao, Tianyao Zhang, Liyun Deng, Jiaxue Cai, Hongwei Xiao",nm000112,1
"Hye-Ran Cheon, Gusang Kwon, Youngkyung Kim, Hyunjung Kim, Hae Kwang Lee, Jin Young Shin, Junlei Yu, Han‐Jeong Hwang",nm000112,1
"X Chen, Xin Xu, Dan Zhang, Quanying Liu, Xinke Shen",nm000112,1
"Xiaolong Zhong, Yoshiharu Hirano, F. Y. Wu, Zhong Yin, Gang Liu",nm000112,1
"Weiye Han, Huqin Weng, Zhiqiang Liao, Zihao Xu, Chuangquan Chen",nm000112,1
"Xu Xu, Junxin Chen, Qiang He, Yongfei Wu, Yicong Zhou",nm000112,1
"Xiaolong Zhong, F. Y. Wu, Yoshiharu Hirano, Gang Liu",nm000112,1
"J N Zhang, Mingwei Zhang, Qiaoli Zhou",nm000112,1
"Xiang Gao, Jingjing Yang",nm000112,1
"Duri Lee, Eunji Park, Gyuna Kim, Yunjo Han, Uichin Lee",nm000112,1
"Zheyuan Yang, Guangming Li, Yuntong Guo, Qing Wang, Ying Xu, Fuze Tian, Yingying She, Fang Liu, Baorong Yang, Bin Hu",nm000112,1
"V. Vishal, Neha Prerna Tigga",nm000112,1
"Yuanxian Qin, Danyang Li, Xue Qin, Chunlong Li, Jialin Li, Jiafan Yuan",nm000112,1
"Yingjun Si, Yu Zhang, Xi Zhang, Sicong Liu, Honghao Zhang, Hui Yang",nm000112,1
"Indrajeet Ghosh, Kasthuri Jayarajah, Nicholas R. Waytowich, Nirmalya Roy",nm000112,1
"Dongyuan Tian, Zhongshu Chen, T Wang, Zhewen Xu, Xiaohui Wei",nm000112,1
"Xuan-Hao Liu, Bao-Liang Lu, Wei-Long Zheng",nm000112,1
"Chang-Gyu Lee, Joo Young Kim",nm000112,1
"Yangxuan Zhou, Shan Zhao, Jiquan Wang, Shijian Li, Gang Pan",nm000112,1
"Hui Wen Loh, Chui Ping Ooi, Emrah Aydemir, Türker Tuncer, Şengül Doğan, U. Rajendra Acharya",nm000114,1
"Min Kang, Hyunjin Kwon, Jinhyeok Park, Seokhwan Kang, Youngho Lee",nm000114,1
"N. Shusharina, D. Yukhnenko, S. Botman, V. Sapunov, V. Savinov, G. Kamyshov, Dmitry Sayapin, I. Voznyuk",nm000114,1
"Emrah Aydemir, Türker Tuncer, Şengül Doğan, Raj Gururajan, U. Rajendra Acharya",nm000114,1
"Ayan Seal, Rishabh Bajpai, Mohan Karnati, Jagriti Agnihotri, Anis Yazidi, Enrique Herrera‐Viedma, Ondřej Krejcar",nm000114,1
"Yilin Wang, Sha Zhao, Haiteng Jiang, Shijian Li, Benyan Luo, Tao Li, Gang Pan",nm000114,1
"Rushuang Zhou, Weishan Ye, Zhiguo Zhang, Yanyang Luo, Li Zhang, Linling Li, G. Huang, Yining Dong, Yuan-Ting Zhang, Zhen Liang",nm000114,1
"Haifeng Lu, Zhiyang You, Yi Guo, Xiping Hu",nm000114,1
"Friedrich Philipp Carrle, Yasmin Hollenbenders, Alexandra Reichenbach",nm000114,1
"Zhizhang Yuan, Fanqi Shen, Meng Li, Yuguo Yu, C. Tan, Yang Yang",nm000114,1
"Weishan Ye, Jiyuan Wang, Lin Chen, Lifei Dai, Zhe Sun, Zhen Liang",nm000114,1
"Yu Chen, Sheng Wang, Jifeng Guo",nm000114,1
"Xiaofang Sun, Yonghui Xu, Yibowen Zhao, Xiangwei Zheng, Yongqing Zheng, Lizhen Cui",nm000114,1
"Yilin Wang, Sha Zhao, Haiteng Jiang, Shijian Li, Tao Li, Gang Pan",nm000114,1
"Hao Wu, Jiyao Liu",nm000114,1
"Hui Xiong, Yan Yan, Yimei Chen, Jinzhen Liu",nm000114,1
"Shreeya Garg, U. Shukla, Linga Reddy Cenkeramaddi",nm000114,1
"Srikireddy Dhanunjay Reddy, Tharun Kumar Reddy",nm000114,1
"Dongdong Zhou, Xinyu Peng, Lin Zhao, Lingli Ma, Jinhui Hu, Zhenghao Jiang, Xiaoqing He, Wo Wang, R.-W. Chen, Li Kuang",nm000114,1
"Muhammad Umair, Jawad Ahmad, Nada Alasbali, Oumaima Saidani, Muhammad Fainan Hanif, Aizaz Ahmad Khattak, Muhammad Shahbaz Khan",nm000114,1
"Vladimir Savinov, Viktor Sapunov, Natalia Shusharina, Stepan Botman, Gleb Kamyshov, A. M. Tynterova",nm000114,1
"Chenyu Liu, Yuqiu Deng, Tianyu Liu, Jinan Zhou, Xin-qiu Zhou, Ziyu Jia, Yi Ding",nm000114,1
"Srikireddy Dhanunjay Reddy, Tharun Kumar Reddy, Hiroshi Higashi",nm000114,1
"Konapala Srilakshmi Anjana Priya, Hema Kumar Goru, Kunapareddy Kavya Priya, Bevara Dinesh Sai Manikanta",nm000114,1
"T. Suzumura, H. Kanezashi, Shotaro Akahori",nm000114,1
"Urvashi Prakash Shukla, Shreeya Garg",nm000114,1
"Ali Asadi Zeidabadi, Melika Changizi, Mahdi Zolfagharzadeh Kermani, Sara Bargi Barkouk",nm000114,1
"Xiaofang Sun, Yonghui Xu, Xiangwei Zheng, Wei Guo, Wei He, Yali Jiang, Yongqing Zheng, Lizhen Cui",nm000114,1
"Lokhesh I L, Tanmay Tekale, B. H. Nandan, Sam V George, Shashikant Patil",nm000114,1
"Rudro Mohanto, Md Shamim-Al-Mamun, Farhana Binte Sufi, Sarwar Ali, T. Alahmadi, Mohammed Ali Moni, M. Islam",nm000114,1
"Shaozhe Liu, Leike An, Ziyu Jia",nm000114,1
"Kajal Kumari, Kranti Kumar Dewangan, Reena Sahu",nm000114,1
"V. Savinov, V. Sapunov, N. Shusharina, S. Botman, G. Kamyshov",nm000114,1
"Sathiya E, Chunzhuo Wang, T.D. Rao, T. Sunil Kumar",nm000114,1
Natalia Shusharina,nm000114,1
"Jiang Wu, Huan Gao, Shangyang Li, Tao Lu",nm000114,1
"Prajakta Rohan Naregalkar, Arundhati A. Shinde, Mangal Patil",nm000114,1
"Sumathi Balakrishnan, B.S.M. Ronald, Gregorius Hans Andreanto, WeiWei Goh, M. Nagentrau",nm000114,1
"Yasmin Hollenbenders, Christoph Maier, Alexandra Reichenbach, Christoph Maier, Alexandra Reichenbach",nm000114,1
"Nausheen Ansari, Yusuf Uzzaman Khan, Omar Farooq",nm000114,1
"Harsh Bhasin, Nishtha Nagar, Tanish",nm000114,1
"Guoan Wang, Shihao Yang, Jun-En Ding, Hao Zhu, Feng Liu",nm000114,1
"Aditya Kommineni, Emily Zhou, Kleanthis Avramidis, Tiantian Feng, Shrikanth Narayanan",nm000114,1
"Antonia vSarvcevi'c, Nikolina Frid",nm000114,1
"H. Ugail, Newton Howard, A. Elmahmudi, Z. Mnasri",nm000114,1
"Mareddy Charan, Balappagari Latha Sree, S. R, Badrinath K, Chagaleru Sathyanarayanagari Mounika",nm000114,1
"Jingyuan Wang, Zhihao Jia, Chenyu Liu, Xin-qiu Zhou, Haoran Luo, Ziyu Jia, Yong Li, Fangkun Li, Junfeng Yao, Yi Ding",nm000114,1
"Hanseul Choi, Jinyeong Park, Seongwon Jin, Sungho Park, Jibum Kim",nm000114,1
"Changli Tang, Shurui Li, Junliang Wang, Qinfan Xiao, Z. Zhai, Lei Bai, Yu Qiao, Bowen Zhou, Wen Wu, Yuanning Li, ChaoBin Zhang",nm000114,1
"M. Afridi, Aamir Arsalan, Nargis Bibi",nm000114,1
"Nabil Anan Orka, Ehtashamul Haque, Maftahul Jannat, Md. Abdul Awal, Mohammad Ali Moni",nm000114,1
"Mutlu Mete, Hesam Akbari, Nurcan Yuruk",nm000114,1
"Soujanya Hazra, Sanjay Ghosh",nm000114,1
"Sudhan M, S. Priya, M. Subathra, S. A, S. T. George",nm000114,1
"Vinay Jayaram, Alexandre Barachant","ds000248,nm000115,nm000135,nm000139,nm000140,nm000144",6
"Lichao Xu, Minpeng Xu, Yufeng Ke, Xingwei An, Shuang Liu, Dong Ming","ds000248,nm000115,nm000135,nm000139",4
"Sungjin Kim, Dae-Hyeok Lee, Seong–Whan Lee",nm000115,1
"Hongtao Wang, Tao Xu, Cong Tang, Hongwei Yue, Chuangquan Chen, Linfeng Xu, Zian Pei, Jiajun Dong, Anastasios Bezerianos, Junhua Li",nm000115,1
"Rami Alazrai, Hisham Alwanni, Yara Baslan, Nasim Alnuman, Mohammad I. Daoud",nm000115,1
"Anurag Tiwari, Amrita Chaturvedi",nm000115,1
"Xiaopei Wu, Bangyan Zhou, Zhao Lv, Chao Zhang",nm000115,1
"Daeun Gwon, Kyungho Won, Minseok Song, Chang S. Nam, Sung Chan Jun, Minkyu Ahn","nm000115,nm000137,nm000140,nm000167,nm000173,nm000311,on006126",7
"Marie-Constance Corsi, Sylvain Chevallier, Fabrizio De Vico Fallani, Florian Yger","nm000115,nm000123,nm000140,nm000144",4
"Jing Ruan, Xiaopei Wu, Bangyan Zhou, Xiaojing Guo, Zhao Lv",nm000115,1
"Yassine El Ouahidi, Vincent Gripon, Bastien Pasdeloup, Ghaith Bouallegue, Nicolas Farrugia, Giulia Lioi",nm000115,1
"Jiachen Xu, Moritz Grosse‐Wentrup, Vinay Jayaram",nm000115,1
"Bangyan Zhou, Xiaopei Wu, Jing Ruan, Zhao LV, Lei Zhang",nm000115,1
"Pedro Luiz Coelho Rodrigues, Marco Congedo, Christian Jutten","nm000115,nm000140,nm000188",3
"Alexander Frolov, Pavel Bobrov, Elena V. Biryukova, М. Р. Исаев, Yaroslav Kerechanin, Dmitry Bobrov, Alexander Lekin",nm000115,1
"Jie Mei, Ruixin Luo, Lichao Xu, Wei Zhao, Shengfu Wen, Kun Wang, Xiaolin Xiao, Jiayuan Meng, Yongzhi Huang, Jiabei Tang, Longlong Cheng, Minpeng Xu, Dong Ming","nm000115,nm000129",2
"Hossein Ahmadi, Luca Mesin","nm000115,nm000140,nm000188",3
"Sadaf Khademi, Mehrnoosh Neghabi, Morteza Farahi, Mehdi Shirzadi, Hamid Reza Marateb","nm000115,nm000144,nm000151",3
"Igor Carrara, Théodore Papadopoulo","nm000115,nm000119,nm000120,nm000121,nm000123,nm000140",6
"Salim Khazem, Sylvain Chevallier, Quentin Barthélemy, Karim Haroun, Camille Noûs","nm000115,nm000123,nm000169,nm000188",4
"Ziwei Wang, Hongbin Wang, Tianwang Jia, Xingyi He, Siyang Li, Dongrui Wu",nm000115,1
"Giulia Cisotto, Alberto Zancanaro, Italo Zoppis, Sara Manzoni",nm000115,1
"Igor Carrara, Bruno Aristimunha, Marie‐Constance Corsi, Raphael Y. de Camargo, Sylvain Chevallier, Théodore Papadopoulo",nm000115,1
"Shanglin Li, M. Kawanabe, Reinmar J. Kobler",nm000115,1
"Sotirios Papadopoulos, Maciej J Szul, Marco Congedo, James Bonaiuto, Jérémie Mattout","nm000115,nm000171",2
"Xiao Gu, Jinpei Han, Guang‐Zhong Yang, Benny Lo",nm000115,1
"Yuanyuan Su, Peng Chen, Xueying Liu, Wenchao Li, Zhao Lv",nm000115,1
"Ziwei Wang, Siyang Li, Xiaoqing Chen, Wei Li, Dongrui Wu",nm000115,1
"Dingkun Liu, Zhu Chen, Jingwei Luo, Shijie Lian, Yuheng Chen, Shaojie Hou, Xiaolian Zhu, Dongrui Wu",nm000115,1
"Sotirios Papadopoulos, Ludovic Darmet, Maciej J Szul, Marco Congedo, James Bonaiuto, Jérémie Mattout",nm000115,1
"Jianxiu Li, Jiaxin Shi, Paula K. Yu, Xiaokai Yan, Yu-Ting Lin",nm000115,1
"Davide Borra, Francesco Paissan, Mirco Ravanelli","nm000115,nm000188",2
"Aaqib Raza, Mohd Zuki Yusoff",nm000115,1
"Jing Ruan, Xiaopei Wu, Bangyan Zhou, Xiaojing Guo",nm000115,1
"Yeon-Woo Choi, Hye-Bin Shin, Seong-Whan Lee",nm000115,1
"Jayasandhya Meenakshinathan, Vinay Gupta, Tharun Kumar Reddy, Laxmidhar Behera, Tushar Sandhan","nm000115,nm000144",2
"Rui Ouyang, Zihao Jin, Shuhao Tang, Cunhang Fan, Xiaopei Wu",nm000115,1
"Yassine El Ouahidi, Lucas Drumetz, Giulia Lioi, Nicolas Farrugia, Bastien Pasdeloup, Vincent Gripon",nm000115,1
"Pierre Guetschel, Michael Tangermann","nm000115,nm000144",2
"Zhaokun Yan, Xiangquan Yang, Yu Jin","nm000115,nm000137",2
"Mohammad Ali Amirabadi, Mohammad Hossein Kahaei",nm000115,1
"Xiao-pei Wu, R. Ouyang, Chao Zhang",nm000115,1
"Payungsak Kasemsumran, E. Boonchieng",nm000115,1
"Alberto Nogales, Álvaro J. García‐Tejedor",nm000115,1
"Davide Borra, Elisa Magosso, Mirco Ravanelli","nm000115,nm000188",2
"Chenxiao Du, Chenyun Shi, Huang Huang, Xiaopei Wu",nm000115,1
"G. Berg, Vera Röhr, Daniel Platt, Benjamin Blankertz",nm000115,1
"Yao Chen, Chao Zhang, Xiaopei Wu",nm000115,1
"Jin Liu, Xiaopei Wu, Lei Zhang, Bangyan Zhou",nm000115,1
"Chenyun Shi, Lei Liu, Chao Zhang, Xiaopei Wu",nm000115,1
"Anton Andreev, Grégoire Cattan, Marco Congedo","nm000115,nm000188",2
"Joris Suurmeijer, Ivo Pascal de Jong, Matías Valdenegro-Toro, Andreea Ioana Sburlea",nm000115,1
"Juliana Gonzalez-Astudillo, Fabrizio De Vico Fallani",nm000115,1
"Y. Chen, Dingkun Liu, Xinyao Yang, Xinping Xu, Baicheng Chen, Dongrui Wu",nm000115,1
"Tian-Yu Xiang, Wen-Kai Wang, Xiaohu Zhou, Hong Yang, Meijiang Gui, Xiaoliang Xie, Shiqi Liu, Jia-Xing Wang, Jiamou Liu, Zeng-Guang Hou",nm000115,1
"Paul Barbaste, Olivier Oullier, Xavier Vasques",nm000115,1
"Xiaoqing Chen, Siyang Li, Dongrui Wu",nm000115,1
"Xingfu Wang, Wenxia Qi, Wenjie Yang, Boshang Hu, Chuman Liu, Wei Wang",nm000115,1
Aadarsh Thakur,"nm000115,nm000144",2
"Guangyu Wang, Lin Ma, Hui Li","nm000115,nm000144",2
"Bangyan Zhou, Xiaopei Wu, Zongtan Lv, Lei Zhang, Xiaojin Guo",nm000115,1
"Anmin Gong, Huijie Man, Xinyu Shi, Sinan Li, Xiuyan Hu, Bowen Gong, Ting Shi, Yunfa Fu",nm000115,1
"Jiaqi Ma, Guangyu Wang, Zhenliang Zhang, Lele Li, Tianjiao Zheng, Jie Zhao, Yanhe Zhu",nm000115,1
"Chenhao Liu, Siyang Li, Luofei Tan, Dongrui Wu",nm000115,1
"Zhiyuan Ma, Zeyuan Li, Zi-Hao Qiu, Jinhao Li, Lin Meng, Xinche Zhang, Yixuan Liu, Xinke Shen, Sen Song",nm000115,1
"Cheng Yue, Zhiyuan Ma, Zhongye Xia, Xinche Zhang, Yisi Zhang, Xinke Shen, Sen Song",nm000115,1
"Ziwei Wang, Zhen He, Xingyi He, Hongbin Wang, Tianwang Jia, Jingwei Luo, Siyang Li, Xiaoqing Chen, Dongrui Wu",nm000115,1
"Siyang Li, Jiayi Ouyang, Zhenyao Cui, Ziwei Wang, Tianwang Jia, Feng Wan, Dongrui Wu",nm000115,1
"Yeon-Woo Choi, Hye-Bin Shin, Dan Li",nm000115,1
"Arne Van Den Kerchove, Hakim Si-Mohammed, Franccois Cabestaing, Marc M. Van Hulle","nm000115,nm000188",2
"Sheng-Bin Duan, Jian-Long Hao, Tian-Yu Xiang, Xiao-Hu Zhou, Meijiang Gui, Xiaoliang Xie, Shiqi Liu, Zeng-Guang Hou",nm000115,1
"Thibault de Surrel, F. Yger, Sylvain Chevallier, Fabien Lotte",nm000115,1
"Juliana Gonzalez-Astudillo, F. D. Fallani",nm000115,1
"Masaki Nakanishi, Yijun Wang, Xiaogang Chen, Yu-Te Wang, Xiaorong Gao, Tzyy‐Ping Jung",nm000118,1
"Nicholas R. Waytowich, Vernon J. Lawhern, Javier O. Garcia, Jennifer Cummings, Josef Faller, Paul Sajda, Jean M. Vettel","nm000118,nm000172",2
"Bingchuan Liu, Xiaoshan Huang, Yijun Wang, Xiaogang Chen, Xiaorong Gao","nm000118,nm000123,nm000126,nm000129",4
"Aravind Ravi, Nargess Heydari Beni, Jacob Manuel, Ning Jiang",nm000118,1
"Rosanne Zerafa, Tracey Camilleri, Owen Falzon, Kenneth P. Camilleri",nm000118,1
"Yue Zhang, Sheng Quan Xie, He Wang, Zhiqiang Zhang","nm000118,nm000126",2
"Chi Man Wong, Feng Wan, Boyu Wang, Ze Wang, Wenya Nan, Ka Fai Lao, Peng Un Mak, Mang I Vai, Agostinho Rosa","nm000118,nm000126",2
"Haiqiang Wang, Yu Zhang, Nicholas R. Waytowich, Dean J. Krusienski, Guoxu Zhou, Jing Jin, Xingyu Wang, Andrzej Cichocki",nm000118,1
"Chi Man Wong, Boyu Wang, Ze Wang, Ka Fai Lao, Agostinho Rosa, Feng Wan","nm000118,nm000126",2
"Xing Xiao, Yijun Wang, Weihua Pei, Xuhong Guo, Zhiduo Liu, Fei Wang, Gege Ming, Hongze Zhao, Qiang Gui, Hongda Chen",nm000118,1
"Jianbo Chen, Yangsong Zhang, Yudong Pan, Peng Xu, Cuntai Guan","nm000118,nm000126,nm000129",3
"Wonjun Ko, Eunjin Jeon, Seungwoo Jeong, Heung‐Il Suk",nm000118,1
"Yonghao Chen, Chen Yang, Xiaochen Ye, Xiaogang Chen, Yijun Wang, Xiaorong Gao","nm000118,nm000122,nm000126",3
"Shu Gong, Kaibo Xing, Andrzej Cichocki, Junhua Li",nm000118,1
"Zafer İşcan, Vadim V. Nikulin","nm000118,nm000189",2
"Masaki Nakanishi, Yu-Te Wang, Tzyy‐Ping Jung, John K. Zao, Yu‐Yi Chien, Alberto Diniz‐Filho, Fábio B. Daga, Yuan‐Pin Lin, Yijun Wang, Felipe A. Medeiros",nm000118,1
"Yong Jiao, Yu Zhang, Yu Wang, Bei Wang, Jing Jin, Xingyu Wang",nm000118,1
"Yonghao Chen, Chen Yang, Xiaogang Chen, Yijun Wang, Xiaorong Gao","nm000118,nm000126,nm000129",3
"Minglun Li, Dianning He, Chen Li, Shouliang Qi","nm000118,nm000126",2
"Yangsong Zhang, Erwei Yin, Fali Li, Yu Zhang, Toshihisa Tanaka, Qibin Zhao, Yan Cui, Peng Xu, Dezhong Yao, Daqing Guo","nm000118,nm000126",2
"Chi Man Wong, Ze Wang, Boyu Wang, Ka Fai Lao, Agostinho Rosa, Peng Xu, Tzyy‐Ping Jung, C. L. Philip Chen, Feng Wan","nm000118,nm000126",2
"Jing Jiang, Erwei Yin, Chunhui Wang, Minpeng Xu, Dong Ming","nm000118,nm000126",2
"Kuan-Jung Chiang, Chun-Shu Wei, Masaki Nakanishi, Tzyy‐Ping Jung",nm000118,1
"Simon Ladouce, Ludovic Darmet, Juan Jesús Torre, Sébastien Velut, Giuseppe Ferraro, Frédéric Dehais",nm000118,1
"Yajun Zhou, Shenghong He, Qiyun Huang, Yuanqing Li",nm000118,1
"Yudong Pan, Jianbo Chen, Yangsong Zhang, Yu Zhang","nm000118,nm000126",2
"Xiaoyan Deng, Zhu Liang Yu, Canguang Lin, Zhenghui Gu, Yuanqing Li",nm000118,1
"Yangsong Zhang, Daqing Guo, Dezhong Yao, Peng Xu","nm000118,nm000123",2
"Yu-Te Wang, Masaki Nakanishi, Yijun Wang, Chun-Shu Wei, Chung-Kuan Cheng, Tzyy‐Ping Jung",nm000118,1
"Masaki Nakanishi, Yu-Te Wang, Chun-Shu Wei, Kuan-Jung Chiang, Tzyy‐Ping Jung","nm000118,nm000126",2
"Yu Zhang, Yu Zhang, Guoxu Zhou, Jing Jin, Yangsong Zhang, Yangsong Zhang, Xingyu Wang, Andrzej Cichocki","nm000118,nm000123",2
"Malik Muhammad Naeem Mannan, Muhammad Ahmad Kamran, Shinil Kang, Hak Soo Choi, Myung Yung Jeong","nm000118,nm000126",2
"Qianqian Liu, Yong Jiao, Yangyang Miao, Cili Zuo, Xingyu Wang, Andrzej Cichocki, Jing Jin","nm000118,nm000123",2
"Qingguo Wei, Shan Zhu, Yijun Wang, Xiaorong Gao, Hai Guo, Xuan Wu","nm000118,nm000126",2
"G R Kiran Kumar, M. Ramasubba Reddy","nm000118,nm000126",2
"Yajun Zhou, Tianyou Yu, Wei Gao, Weichen Huang, Zilin Lu, Qiyun Huang, Yuanqing Li",nm000118,1
"Yangsong Zhang, Daqing Guo, Peng Xu, Yu Zhang, Dezhong Yao",nm000118,1
"Jeongyeol Ahn, Yunseo Ku, D. Y. Kim, Jangjay Sohn, Ji‐hoon Kim, Hee Chan Kim",nm000118,1
"Dongcen Xu, Fengzhen Tang, Yiping Li, Qifeng Zhang, Xisheng Feng","nm000118,nm000126,nm000129",3
"Rui Zhang, Zongxin Xu, Lipeng Zhang, Lijun Cao, Yuxia Hu, Beihan Lu, Li Shi, Dezhong Yao, Xincan Zhao",nm000118,1
"Sherif Nagib Abbas Seha, Dimitrios Hatzinakos",nm000118,1
"Sylvain Chevallier, Igor Carrara, Bruno Aristimunha, Pierre Guetschel, Sara Sedlar, Bruna Lopes, Sébastien Velut, Salim Khazem, Thomas Moreau","nm000118,nm000123,nm000140,nm000144,nm000169,nm000188",6
"Yi-Feng Chen, Kiran Atal, Sheng Quan Xie, Quan Liu",nm000118,1
"Aravind Ravi, Jing Lu, Sarah Pearce, Ning Jiang",nm000118,1
"Wenqiang Yan, Yongcheng Wu, Chenghang Du, Guanghua Xu","nm000118,nm000126",2
"Peiyuan Tian, Guanghua Xu, Chengcheng Han, Xiaowei Zheng, Kai Zhang, Chenghang Du, Wei Fan, Sicong Zhang",nm000118,1
"Yangsong Zhang, Erwei Yin, Fali Li, Yu Zhang, Daqing Guo, Dezhong Yao, Peng Xu","nm000118,nm000126",2
"Nicholas R. Waytowich, Josef Faller, Javier O. Garcia, Jean M. Vettel, Paul Sajda",nm000118,1
"Haoyan Zhang, Cory Stevenson, Tzyy‐Ping Jung, Li‐Wei Ko",nm000118,1
"Hongze Zhao, Yijun Wang, Zhiduo Liu, Weihua Pei, Hongda Chen",nm000118,1
"Md. Rabiul Islam, Md. Khademul Islam Molla, Masaki Nakanishi, Toshihisa Tanaka",nm000118,1
"Ximing Mai, Jikun Ai, Minghao Ji, Xiangyang Zhu, Jianjun Meng",nm000118,1
"Jing Zhao, Wei Zhang, James H. Wang, Wei Li, Chengwei Lei, Genshe Chen, Zhenhu Liang, Xiaoli Li","nm000118,nm000126",2
"Huiming Yao, Ke Liu, Xin Deng, Xianlun Tang, Hong Yu",nm000118,1
"Seyed Mohammad Mehdi Safi, Mohammad Pooyan, Ali Motie Nasrabadi",nm000118,1
"Xinyi Zhang, Shuang Qiu, Yukun Zhang, Kangning Wang, Yijun Wang, Huiguang He","nm000118,nm000126",2
"Yue Zhang, Sheng Quan Xie, Chaoyang Shi, Jun Li, Zhiqiang Zhang","nm000118,nm000126",2
"Dechun Zhao, Tian Wang, Yuanyuan Tian, Xiaoming Jiang","nm000118,nm000126",2
"Yipeng Du, Jian Liu","nm000118,nm000188",2
"Leopoldo Angrisani, Pasquale Arpaïa, Egidio De Benedetto, Luigi Duraccio, Fabrizio Lo Regio, Annarita Tedesco","nm000118,nm000126",2
"Masaki Nakanishi, Yijun Wang, Tzyy‐Ping Jung",nm000118,1
"Haoran Wang, Yaoru Sun, Fang Wang, Lei Cao, Wei Zhou, Zijian Wang, Shiyi Chen","nm000118,nm000126",2
"Xinghan Shao, Mingxing Lin",nm000118,1
"Jiayang Huang, Pengfei Yang, Bang Xiong, Bo Wan, Kejia Su, Zhiqiang Zhang","nm000118,nm000126",2
"Qingguo Wei, Yixin Zhang, Yijun Wang, Xiaorong Gao","nm000118,nm000126,nm000129",3
"Sheng Ge, Yichuan Jiang, Peng Wang, Haixian Wang, Wenming Zheng",nm000118,1
"Vangelis P. Oikonomou, Spiros Nikolopoulos, Ioannis Kompatsiaris","nm000118,nm000119,nm000120,nm000121,nm000126",5
"Wenqiang Yan, Chenghang Du, Yongcheng Wu, Xiaowei Zheng, Guanghua Xu","nm000118,nm000126",2
"Rui Bian, Huanyu Wu, Bin Liu, Dongrui Wu","nm000118,nm000126,nm000129",3
"Jun Zhang, Shouwei Gao, Kang Zhou, Yi Cheng, Shujun Mao",nm000118,1
"Jiayang Huang, Zhiqiang Zhang, Bang Xiong, Quan Wang, Bo Wan, Fengqi Li, Pengfei Yang","nm000118,nm000126",2
"Christoph Reichert, Igor Fabian Tellez Ceja, Catherine M. Sweeney‐Reed, Hans‐Jochen Heinze, Hermann Hinrichs, Stefan Dürschmid",nm000118,1
"Ziwei Wang, Siyang Li, Jingwei Luo, Jiajing Liu, Dongrui Wu","nm000118,nm000169,nm000188",3
"Jiajun Lin, Liyan Liang, Xu Han, Chen Yang, Xiaogang Chen, Xiaorong Gao","nm000118,nm000122,nm000126",3
"Yue Zhang, Zhenghong Li, Sheng Quan Xie, He Wang, Zhibin Yu, Zhiqiang Zhang","nm000118,nm000126",2
"Wenqiang Yan, Chenghang Du, Dan Luo, Yongcheng Wu, Nan Duan, Xiaowei Zheng, Guanghua Xu","nm000118,nm000126",2
"Chang Liu, Songyun Xie, Xinzhou Xie, Xu Duan, Wei Wang, Klaus Obermayer",nm000118,1
"Alexander M. Dreyer, Christoph S. Herrmann, Jochem W. Rieger",nm000118,1
Hubert Cecotti,"nm000118,nm000189",2
"Yufeng Ke, Shuang Liu, Dong Ming",nm000118,1
"Ziwei Wang, Siyang Li, Xiaoqing Chen, Dongrui Wu","nm000118,nm000169,nm000188",3
"Xiaoyang Yuan, Qiang Sun, Li Zhang, Haozhe Wang","nm000118,nm000129",2
"Aravind Ravi, Nargess Heydari, Ning Jiang",nm000118,1
"Do Kyun Kim, Wooseok Byun, Yunseo Ku, Ji-Hoon Kim",nm000118,1
"Wenqiang Yan, Guanghua Xu, Yuhui Du, Xiaobi Chen",nm000118,1
"Yudong Pan, Jianbo Chen, Yangsong Zhang","nm000118,nm000129",2
"Fang Peng, Ming Li, Suna Zhao, Qinyi Xu, Jiajun Xu, Haozhen Wu",nm000118,1
"Hanh Vu, Bonkon Koo, Seungjin Choi",nm000118,1
"Yang Deng, Zhiwei Ji, Yijun Wang, S. K. Zhou",nm000118,1
"Wenwei Luo, Wanguang Yin, Quanying Liu, Youzhi Qu",nm000118,1
"John Thomas, Tomasz Maszczyk, Nishant Sinha, Tilmann Kluge, Justin Dauwels","nm000119,nm000120,nm000121",3
"Shabnam Samima, Monalisa Sarma, Debasis Samanta","nm000119,nm000120,nm000121",3
"Vangelis P. Oikonomou, Ioannis Kompatsiaris","nm000119,nm000120,nm000121",3
"Amir Ziafati, Ali Maleki","nm000119,nm000120,nm000121",3
"Stavros I. Dimitriadis, Avraam D. Marimpis","nm000119,nm000120,nm000121",3
"Sahar Sadeghi, Ali Maleki","nm000119,nm000120,nm000121",3
"Ali Fatih Demir, Hüseyin Arslan, Ismail Uysal","nm000119,nm000120,nm000121",3
"S R Ashwini, H. C. Nagaraj","nm000119,nm000120,nm000121",3
"Vangelis P. Oikonomou, Anastasios Maronidis, George Liaros, Spiros Nikolopoulos, Ioannis Kompatsiaris","nm000119,nm000120,nm000121",3
"Almog Lahav, Ronen Talmon","nm000119,nm000120",2
"Li Dong, Yufan Zhang, Lingling Zhao, Ting Zheng, Weidong Wang, Jianfu Li, Diankun Gong, Tiejun Liu, Dezhong Yao","nm000119,nm000120,nm000121",3
"Minghui Shi, Chang Liu, Tingting Chen, Min Jiang, Fei Chao, Meihong Wu, Enze Wang, Yuan Shi, Tongrui Li, Jianting Liu, Jingkang Lin, Zilong Li","nm000119,nm000120,nm000121",3
"Aunnoy K Mutasim, Mohammad Raihanul Bashar, Rayhan Sardar Tipu, Md. Kafiul Islam, M. Ashraful Amin","nm000119,nm000120,nm000121",3
"Manuel Eder, Jiachen Xu, Moritz Grosse‐Wentrup","nm000119,nm000120,nm000121,nm000123,nm000188",5
"Canguang Lin, Xiaoyan Deng, Zhu Liang Yu, Zhenghui Gu","nm000119,nm000120,nm000121",3
"Maria Stadnyk, Mykhailo Fryz, Leonid Scherbak","nm000119,nm000120,nm000121",3
"K. Swetha, G. K. Ravikumar, S V Shashikala","nm000119,nm000120,nm000121",3
"Anastasios Maronidis, Vangelis P. Oikonomou, Spiros Nikolopoulos, Ioannis Kompatsiaris","nm000119,nm000120,nm000121",3
"Akshat Verma, Praveen K. Shukla, Shrish Verma, Rahul Kumar Chaurasiya","nm000119,nm000120,nm000121",3
"Rakshit Mittal, A. Amalin Prince, Jac Fredo Agastinose Ronickom","nm000119,nm000120,nm000121",3
John Thomas,"nm000119,nm000120,nm000121",3
"Srinivas Rao Gorre, Ravichander Janapati, Ch. Rajendra Prasad, Usha Desai","nm000119,nm000120,nm000121",3
"Renato S. Botacim, Izadora P. L. Franc ̧a, Reginaldo Barbosa Nunes, Sandra M. T. Mu ̈ller","nm000119,nm000120,nm000121",3
"Mohammad Raihanul Bashar, Rayhan Sardar Tipu, Aunnoy K Mutasim, M. Ashraful Amin","nm000119,nm000120,nm000121",3
Rodrigo de Freitas Pereira,"nm000119,nm000120,nm000121",3
"Manjula Krishnappa, Madaveeranahally B. Anandaraju","nm000119,nm000120,nm000121",3
"Vangelis P. Oikonomou, Georgios Liaros, Kostantinos Georgiadis, Elisavet Chatzilari, Katerina Adam, Spiros Nikolopoulos, Ioannis Kompatsiaris","nm000119,nm000120,nm000121",3
"J A Montalvo Aguilar, I Bazan Trujillo, A. Ramírez-García","nm000119,nm000120,nm000121",3
Marina Paroški,"nm000119,nm000120,nm000121",3
"Negin Amirsoleimani, Luis Rueda, Esam Abdel‐Raheem","nm000119,nm000120,nm000121",3
"K. Swetha, Ravikumar Guralamata Krishnegowda, Shashikala Salekoppalu Venkataramu","nm000119,nm000121",2
"Yasmine Mustafa Hussain, Seif Eldawlatly","nm000119,nm000121",2
"Yassin Khalifa, Danilo P. Mandic, Ervin Sejdić",nm000120,1
"Reza Abiri, Soheil Borhani, Eric W. Sellers, Yang Jiang, Xiaopeng Zhao","nm000122,nm000168",2
"Yufeng Ke, Pengxiao Liu, Xingwei An, Xizi Song, Dong Ming","nm000122,nm000126",2
"Khalida Douibi, Solène Le Bars, Alice Lemontey, Lipsa Nag, Rodrigo Balp, Gabrièle Bréda",nm000122,1
"Shayan Jalilpour, Sepideh Hajipour Sardouie, Amirmohammad Mijani","nm000122,nm000190",2
"Noémie Beauchemin, Patrick Charland, Alexander J. Karran, Jared Boasen, Bella Tadson, Sylvain Sénécal, Pierre-Majorique Léger",nm000122,1
"Jingjing Chen, A. Maye, A. Engel, Yijun Wang, Xiaorong Gao, Dan, Zhang",nm000122,1
"Jingjing Chen, Yijun Wang, Alexander Maÿe, Bo Hong, Xiaorong Gao, Andreas K. Engel, Dan Zhang",nm000122,1
"Jessica Leoni, Silvia Strada, Mara Tanelli, Kaijun Jiang, Alessandra Brusa, Alice Mado Proverbio",nm000122,1
"Jingjing Chen, Zhuoran Li, Bo Hong, Alexander Maÿe, Andreas K. Engel, Dan Zhang",nm000122,1
"Martijn de Neeling, Marc M. Van Hulle",nm000122,1
"Amir Mohammad Mijani, Mohammad Bagher Shamsollahi, Mohsen Sheikh Hassani","nm000122,nm000190",2
"Meng Gu, Weihua Pei, Xiaorong Gao, Yijun Wang","nm000122,nm000125,nm000126,nm000129,nm000130,on006126",6
"Luz María Alonso-Valerdi, Mercado-García Víctor Rodrigo",nm000122,1
"Winko W. An, Barbara Shinn‐Cunningham, Hannes Gamper, Dimitra Emmanouilidou, David Johnston, Mihai Jalobeanu, Edward Cutrell, Andrew D. Wilson, Kuan-Jung Chiang, Ivan Tashev",nm000122,1
"Amirmohammad Mijani, Mohammad Norizadeh Cherloo, Haoteng Tang, Liang Zhan","nm000122,nm000190",2
"Cristina Farmaki, Myrto Krana, Matthew Pediaditis, Emmanouil G. Spanakis, Vangelis Sakkalis",nm000122,1
"Jiabei Tang, Minpeng Xu, Zheng Liu, Jingjuan Qiao, Shuang Liu, Shanguang Chen, Tzyy‐Ping Jung, Dong Ming",nm000122,1
"Winko W. An, Hakim Si-Mohammed, Nicholas Huang, Hannes Gamper, Adrian K. C. Lee, Christian Holz, David Johnston, Mihai Jalobeanu, Dimitra Emmanouilidou, Edward Cutrell, Andrew D. Wilson, Ivan Tashev",nm000122,1
"Liyan Liang, Guangyu Bin, Xiaogang Chen, Yijun Wang, Shangkai Gao, Xiaorong Gao",nm000122,1
"Alexander Maÿe, Raika Rauterberg, Andreas K. Engel",nm000122,1
"Hyunmi Lim, Jeonghun Ku",nm000122,1
"Solène Le Bars, Sylvie Chokron, Rodrigo Balp, Khalida Douibi, Florian Waszak",nm000122,1
"Liuyin Yang, Marc M. Van Hulle",nm000122,1
"Kamal Sharma, Soumitra Kar",nm000122,1
"Sanghum Woo, Jongmin Lee, Hyunji Kim, Sungwoo Chun, Daehyung Lee, Daeun Gwon, Minkyu Ahn",nm000122,1
"Lan Niu, Jianxiong Bin, Jun kong shuai Wang, Gege Zhan, Lihua Zhang, Zhongxue Gan, Xiaoyang Kang",nm000122,1
"Jingjing Chen, Bo Hong, Yijun Wang, Xiaorong Gao, Dan Zhang",nm000122,1
"Francesca Iacopi, Chin‐Teng Lin",nm000122,1
"Zexin Pang, Ruoqing Zhang, Meng Li, Zhaohui Li, Hongyan Cui, Xiaogang Chen",nm000122,1
"Alexander Maÿe, Marvin Mutz, Andreas K. Engel",nm000122,1
"Shangen Zhang, Xu Han, Xiaorong Gao",nm000122,1
"Seyedeh Nadia Aghili, Sepideh Kilani, Ehsan Rouhani, Amir Akhavan",nm000122,1
"Bijay Guragain, Ali Haider, Reza Fazel-Rezai",nm000122,1
"Xiaolin Xiao, Runyuan Gao, Xiaoyu Zhou, Weibo Yi, Fangzhou Xu, Kun Wang, Minpeng Xu, Dong Ming",nm000122,1
"Hui Zhong, Gege Ming, Weihua Pei, Xiaorong Gao, Yijun Wang",nm000122,1
"Dengpei Ji, Yongzhi Huang, Zhi-Yuan Chen, Xiaoyu Zhou, Junyang Wang, Xiaolin Xiao, Minpeng Xu, Dong Ming",nm000122,1
"Ruochen Hu, Gege Ming, Yijun Wang, Xiaorong Gao",nm000122,1
"Carolina B. Tabernig, L. Carolina Carrere, Yanina Atum, Rubén Acevedo",nm000122,1
James Henshaw,nm000122,1
"Randy E. S. Harnarinesingh, Chanan S. Syan",nm000122,1
"Wei Zhao, Lichao Xu, Xiaolin Xiao, Weibo Yi, Yuanfang Chen, Kun Wang, Minpeng Xu, Dong Ming",nm000122,1
"Gabriel Alves Mendes Vasiljevic, Leonardo Cunha de Miranda",nm000122,1
Maryam Fallah,nm000122,1
"Qingbin Li, Chunxiao Han, Yanli Liu, Junxiu Liu",nm000122,1
"Johanna Carolina Cerezo Ramírez, José Luis Murillo López, Sang Guun Yoo",nm000122,1
"Gerardo Luis Padilla, Fernando Daniel Farfán",nm000122,1
"Chang-ching Huang, Nanlin Shi, Yijun Wang, Xiaorong Gao",nm000122,1
"Fatemeh Javaheri, Mohammad Bagher Khodabakhshi, R. Baghbani",nm000122,1
"Shuling Zhang, Hongxin Zhang, M. Wei, Chen Yang",nm000122,1
"Mamunur Rashid, Norizam Sulaiman, Anwar P. P. Abdul Majeed, Rabiu Muazu Musa, Ahmad Fakhri Ab. Nasir, Bifta Sama Bari, Sabira Khatun",nm000123,1
"Pedro Luiz Coelho Rodrigues, Christian Jutten, Marco Congedo","nm000123,nm000139,nm000140",3
"Lichao Xu, Minpeng Xu, Tzyy‐Ping Jung, Dong Ming","nm000123,nm000168,nm000173,nm000189",4
"Yaqi Chu, Xingang Zhao, Yijun Zou, Wei Xu, Guoli Song, Jianda Han, Yiwen Zhao","nm000123,nm000151,nm000173",3
"Ivan Volosyak, Felix Gembler, Piotr Stawicki",nm000123,1
"Luis Alfredo Moctezuma, Marta Molinas",nm000123,1
"Dongrui Wu, Brent J. Lance, Vernon J. Lawhern, Stephen M. Gordon, Tzyy‐Ping Jung, Chin‐Teng Lin",nm000123,1
"Zhongke Gao, Weidong Dang, Mingxu Liu, Wei Guo, Kai Ma, Guanrong Chen",nm000123,1
"Zhongke Gao, Kaili Zhang, Weidong Dang, Yuxuan Yang, Zibo Wang, Haibin Duan, Guanrong Chen",nm000123,1
"Sylvain Chevallier, Emmanuel Kalunga, Quentin Barthélemy, Éric Monacelli",nm000123,1
"Fangkun Zhu, Lu Jiang, Guoya Dong, Xiaorong Gao, Yijun Wang","nm000123,nm000126,nm000129",3
"Heba El-Fiqi, Min Wang, Nima Salimi, Kathryn Kasmarik, Michael Barlow, Hussein A. Abbass",nm000123,1
Long Liu,nm000123,1
"Quentin Barthélemy, Louis Mayaud, David Ojeda, Marco Congedo",nm000123,1
"Aymen Meziani, Karim Djouani, Tarek Medkour, Abdelghani Chibani",nm000123,1
"D. Pawar, Sudhir N. Dhage",nm000123,1
"Yong-Wook Kim, Sungkean Kim, Miseon Shim, Min Jin Jin, Hyeonjin Jeon, Seung‐Hwan Lee, Chang‐Hwan Im",nm000123,1
"Bingchuan Liu, Yijun Wang, Xiaorong Gao, Xiaogang Chen","nm000123,nm000126,nm000129,nm000130",4
"Wenqiang Yan, Bo He, Jin Zhao, Yongcheng Wu, Chenghang Du, Guanghua Xu","nm000123,nm000126",2
"Minchao Wu, Shiang Hu, Bing Wei, Zhao Lv",nm000123,1
"Siyu Liu, D. H. Zhang, Ziyu Liu, Mengzhen Liu, Zhiyuan Ming, Tiantian Liu, Dingjie Suo, Shintaro Funahashi, Tianyi Yan",nm000123,1
"Izabela Rejer, Łukasz Cieszyński",nm000123,1
"Ahmed Tibermacine, Imad Eddine Tibermacine, Meftah Zouai, Abdelaziz Rabehi",nm000123,1
"Kai Zhang, Guanghua Xu, Chenghang Du, Yongchen Wu, Xiaowei Zheng, Sicong Zhang, Chengcheng Han, Renhao Liang, Ruiquan Chen",nm000123,1
"Christelle Larzabal, Vincent Auboiroux, Serpil Karakas, Guillaume Charvet, Alim‐Louis Benabid, Stéphan Chabardès, Thomas Costecalde, Stéphane Bonnet",nm000123,1
"Emmanuel Kalunga, Sylvain Chevallier, Quentin Barthélemy","nm000123,nm000140",2
"S. Chevallier, Emmanuel K. Kalunga, Quentin Barthélemy, F. Yger",nm000123,1
"Weidong Dang, Mengyu Li, Dongmei Lv, Xinlin Sun, Zhongke Gao",nm000123,1
"Xueling Zhou, Bingo Wing‐Kuen Ling, Yang Zhou, Ngai Fong Law",nm000123,1
"Qin Jiang, Yi Zhang, Kai Zheng",nm000123,1
"Seyedeh Nadia Aghili, Abbas Erfanian",nm000123,1
"Daqing Guo, Fengru Guo, Yangsong Zhang, Fali Li, Yang Xia, Peng Xu, Dezhong Yao",nm000123,1
"Sarah Blum, Bojana Mirkovic, Stefan Debener",nm000123,1
"Jiahui Ying, Qingguo Wei, Xichen Zhou",nm000123,1
"Jing Su, Zuyuan Yang, Wei Yan, Weijun Sun",nm000123,1
"Simon Ladouce, Frédéric Dehais","nm000123,nm000163",2
"Wenqiang Yan, Bo He, Jin Zhao",nm000123,1
"Khadijeh Sadatnejad, Fabien Lotte",nm000123,1
"Yacine Fodil, Salah Haddab, Amar Kachenoura, Ahmad Karfoul",nm000123,1
"Jing Su, Zuyuan Yang, Haiping Wang, Wei Han",nm000123,1
"Estelle Massart, Sylvain Chevallier",nm000123,1
"Yuheng Han, Yufeng Ke, Ruiyan Wang, Tao Wang, Dong Ming",nm000123,1
"Deep Soni, Nitesh Singh Malan, Shiru Sharma",nm000123,1
"Wolfgang Fruehwirt, Matthias Gerstgrasser, Pengfei Zhang, Leonard Weydemann, Markus Waser, Reinhold Schmidt, Thomas Benke, Peter Dal‐Bianco, Gerhard Ransmayr, Dieter Grossegger, Heinrich Garn, Gareth W. Peters, Stephen Roberts, Georg Dorffner",nm000123,1
"Sylvain Chevallier, Guillaume Bao, Mayssa Hammami, Fabienne Marlats, Louis Mayaud, Djillali Annane, Frédéric Lofaso, Éric Azabou",nm000123,1
"Hadi Habibzadeh, James J. S. Norton, Theresa M. Vaughan, Tolga Soyata, Daphney–Stavroula Zois",nm000123,1
"Meng Zhang, Jinfeng Huang, Shoudong Ni","nm000123,nm000151",2
"Alexandre Hippert-Ferrer, Ammar Mian, Florent Bouchard, Frédéric Pascal","nm000123,nm000188",2
"D. Hajhassani, J. Mattout, Marco Congedo",nm000123,1
"Ali E. Albaiati, M. F. Akbar, Murtadha D. Hssayeni, Ashraf Khalil, Mohd Nadhir Ab Wahab, Sundus Sulaiman Weli, Enas A. Raheem",nm000123,1
"Alexandru Ianoși-Andreeva-Dimitrova, Dan Mândru, Adrian Abrudean",nm000123,1
"Ce Ju, Reinmar J. Kobler, A. Collas, M. Kawanabe, Cuntai Guan, Bertrand Thirion",nm000123,1
"Yke Bauke Eisma, Sjoerd T Van Vliet, Aart J. Nederveen, Joost de Winter",nm000123,1
"Hui Yu, Qi Mu, Chong Liu, Shuo Wang, Jinglai Sun",nm000123,1
"Ruiyan Wang, Yufeng Ke, Shuang Liu, Jiale Du, Cheng Zhe Xu, Bohao Xing, Dong Ming",nm000123,1
"Chao Zhang, Siqi Han, Milin Zhang",nm000123,1
"Davoud Hajhassani, Quentin Barthélemy, Jérémie Mattout, Marco Congedo",nm000123,1
"Lenaïg Guého, Henrique Lefundes da Silva, Cyril Plapous, L. Bougrain, Patrick Hénaff, Rozenn Nicol",nm000123,1
"Raika Karimi, Laura Rosero, Mahsa Nirgholami, Amir Asif, Arash Mohammadi",nm000123,1
"Reza Eyvazpour, Behraz Farrokhi, Abbas Erfanian",nm000123,1
"Hongguang Pan, Xin Chu, Rui Miao, Mei Wang, Yiran Wang, Zhuoyi Li",nm000123,1
"Kibae Lee, Ghun Hyeok Ko, Chong Hyun Lee, Yoon Sang Jeong","nm000123,nm000125",2
"Derrick Zhen, Guy Berreby",nm000123,1
"Lincong Pan, Kun Wang, Weibo Yi, Yang Zhang, Minpeng Xu, Dong MING",nm000123,1
Yantao Tao,nm000124,1
"Theerat Saichoo, Nannaphat Siribunyaphat, Si Thu Aung, Yunyong Punsawad",nm000124,1
"Zexin Pang, Zhaohui Li, Ruoqing Zhang, Q. Dong, Zijian Cheng, Hongyan Cui, Xiaogang Chen",nm000124,1
"Fankai Sun, Nan Zheng, Haoxin Cui, Yujing Liang, Zhiqiang Yi, Yanfei Jia, Rong Wang",nm000124,1
"Young-Eun Lee, Seo‐Hyun Lee",nm000125,1
"Ryan Kaveh, Carolyn Schwendeman, Leslie Pu, Ana Claudia Arias, Rikky Muller",nm000125,1
"Ji-Hoon Jeong, Jeong-Hyun Cho, Young-Eun Lee, Seo‐Hyun Lee, Seo-Hyun Lee, Gi-Hwan Shin, Young-Seok Kweon, José del R. Millán, Klaus‐Robert Müller, Seong-Whan Lee, Seong-Whan Lee","nm000125,nm000137,nm000168,nm000169,nm000311",5
"SuJin Bak, Jichai Jeong",nm000125,1
Vangelis P. Oikonomou,nm000125,1
"Hodam Kim, Hodam Kim, Ju Hyeon Kim, Yoon Jae Lee, Jimin Lee, Hyojeong Han, Hoon Yi, Hyeonseok Kim, Hyeonseok Kim, Hojoong Kim, Hojoong Kim, Tae Woog Kang, Tae Woog Kang, S. Chung, Seunghyeb Ban, Byeongjun Lee, Haran Lee, Chang‐Hwan Im, Seong Jin Cho, Jung Woo Sohn, Ki Jun Yu, Tae June Kang, Tae June Kang, Woon‐Hong Yeo",nm000125,1
"Jing Mu, Shuo Liu, Anthony N. Burkitt, David B. Grayden","nm000125,nm000129,nm000130",3
"Hong Gi Yeom, June Sic Kim, Chun Kee Chung",nm000125,1
"Kritiprasanna Das, Ram Bilas Pachori",nm000125,1
"Teck Lun Goh, Li-Shiuan Peh","nm000125,nm000129",2
"Yike Sun, Liyan Liang, Yuhan Li, Xiaogang Chen, Xiaorong Gao","nm000125,nm000129",2
"Ghada Naje AlEssa, Saleh I. Alzahrani",nm000125,1
"Young-Eun Lee, Sangho Kim, Seo‐Hyun Lee, Jung‐Sun Lee, Soo-Won Kim, Seong–Whan Lee",nm000125,1
"Murali Krishna Y, Vinay Kumar P",nm000125,1
"Young-Eun Lee, Seo-Hyun Lee, Soowon Kim, Jung-Sun Lee, Deok-Seon Kim, Seong-Whan Lee",nm000125,1
"Sabrina L. Maoz, Matthias Stangl, Uros Topalovic, Nanthia Suthana",nm000125,1
"Himadri Panthadas, Mohammed Imamul Hassan Bhuiyan",nm000125,1
Nikhil Rathi,nm000125,1
"Mattson Ogg, Rahul Hingorani, Diego Luna, G. Milsap, William G. Coon, Clara A. Scholl",nm000125,1
"Zahra Tabanfar, Farnaz Ghassemi, Mohammad Hassan Moradi",nm000125,1
"Ioanna Avramidou, R. Peter Derleth, Matthias Keller, Milan Djilas, Stefan Launer, Leontios J. Hadjileontiadis",nm000125,1
"Sherif Mostafa, Khaled A. Harras, Moustafa Youssef",nm000125,1
"Ying Sun, Feiyang Zhang, Ziyu Li, Xiaolin Liu, Dezhi Zheng, S. Zhang, Shangchun Fan, Xia Wu",nm000125,1
"Ying Sun, Xiaolin Liu, Rui Na, Shuai Wang, Dezhi Zheng, Shangchun Fan",nm000125,1
"Junhong Luo, Mengnan Zhu, Yongbo Xiao, Yuanhao Long, Xiaoting Zhang, Hui Cao, Javid Atai, Jing Xiao, X Chen",nm000125,1
"Anna-Maria Patsiali, Ioanna Avramidou, Peter Derleth, Matthias Keller, Stefan Launer, Leontios J. Hadjileontiadis",nm000125,1
"Tony Gerges, Yahia Alkaranshawy, Sherif Mostafa, Moustafa Youssef",nm000125,1
"Min-Ho Lee, Oyeon Kwon, Yong-Jeong Kim, Hong-Kyung Kim, Young-Eun Lee, John Williamson, Siamac Fazli, Seong–Whan Lee","nm000126,nm000139,nm000169,nm000189",4
"M. F. Mridha, Sujoy Chandra Das, Md. Mohsin Kabir, Aklima Akter Lima, Md. Rashedul Islam, Yutaka Watanobe","nm000126,nm000139,nm000169,nm000172",4
"Bingchuan Liu, Xiaogang Chen, Nanlin Shi, Yijun Wang, Shangkai Gao, Xiaorong Gao","nm000126,nm000129",2
"Minpeng Xu, Jin Han, Yijun Wang, Tzyy‐Ping Jung, Dong Ming",nm000126,1
"Marianna Capecci, Maria Gabriella Ceravolo, Francesco Ferracuti, Sabrina Iarlori, Andrea Monteriù, Luca Romeo, Federica Verdini",nm000126,1
"Baraka Maiseli, Abdi T. Abdalla, Libe Valentine Massawe, Mercy Mbise, Khadija Mkocha, Nassor Ally Nassor, Moses Ismail, Michael James, Samwel Kimambo",nm000126,1
"Jing Jin, Zhiqiang Wang, Ren Xu, Chang Liu, Xingyu Wang, Andrzej Cichocki",nm000126,1
"Yangsong Zhang, Daqing Guo, Fali Li, Erwei Yin, Yu Zhang, Peiyang Li, Qibin Zhao, Toshihisa Tanaka, Dezhong Yao, Peng Xu",nm000126,1
"Yao Li, Jiayi Xiang, Thenkurussi Kesavadas",nm000126,1
"Ruilin Li, Lipo Wang, Ponnuthurai Nagaratnam Suganthan, Olga Sourina",nm000126,1
"Wenlong Ding, Jianhua Shan, Bin Fang, Chengyin Wang, Fuchun Sun, Xinyue Li",nm000126,1
"Chen Yang, Xu Han, Yijun Wang, Rami Saab, Shangkai Gao, Xiaorong Gao",nm000126,1
"Xiao Zhang, Dongrui Wu, Lieyun Ding, Hanbin Luo, Chin-Teng Lin, Tzyy-Ping Jung, Ricardo Chavarriaga","nm000126,nm000168,nm000169",3
"Kyungho Won, Moonyoung Kwon, Minkyu Ahn, Sung Chan Jun","nm000126,nm000169,on006126",3
"Chi Man Wong, Ze Wang, Agostinho Rosa, C. L. Philip Chen, Tzyy‐Ping Jung, Yong Hu, Feng Wan","nm000126,nm000129",2
"Joshua Podmore, Toby P. Breckon, Nik Khadijah Nik Aznan, Jason D. Connolly",nm000126,1
"Andrea Bonci, Simone Fiori, Hiroshi Higashi, Toshihisa Tanaka, Federica Verdini","nm000126,nm000169",2
"Phairot Autthasan, Xiangqian Du, Jetsada Arnin, Sirakorn Lamyai, Maneesha Perera, Sirawaj Itthipuripat, T. Yagi, Poramate Manoonpong, Theerawit Wilaiprasitporn",nm000126,1
"Xiaogang Chen, Bingchuan Liu, Yijun Wang, Xiaorong Gao","nm000126,nm000129",2
"Qiang Sun, Minyou Chen, Li Zhang, Changsheng Li, Wenfa Kang","nm000126,nm000129",2
"Ruixin Luo, Minpeng Xu, Xiaoyu Zhou, Xiaolin Xiao, Tzyy‐Ping Jung, Dong Ming","nm000126,nm000129,nm000130",3
Hirokazu Tanaka,nm000126,1
"Martina Žabčíková, Zuzana Koudelková, Roman Jašek, Javier Lorenzo-Navarro",nm000126,1
"Chi Man Wong, Ze Wang, Masaki Nakanishi, Boyu Wang, Agostinho Rosa, C. L. Philip Chen, Tzyy-Ping Jung, Feng Wan","nm000126,nm000129",2
"Pedro R. A. S. Bassi, Willian Rampazzo, Romis Attux",nm000126,1
"Bin Fang, Wenlong Ding, Fuchun Sun, Jianhua Shan, Xiaojia Wang, Chengyin Wang, Xinyu Zhang",nm000126,1
"Andrea Apicella, Pasquale Arpaïa, Egidio De Benedetto, Nicola Donato, Luigi Duraccio, Salvatore Giugliano, Roberto Prevete","nm000126,nm000129",2
"Shangen Zhang, Yijun Wang, Lijian Zhang, Xiaorong Gao","ds002336,nm000126,nm000137",3
"Mikito Ogino, Suguru Kanoga, Masatane Muto, Yasue Mitsukura","nm000126,nm000190",2
"Ke Qin, Raofen Wang, Yu Zhang",nm000126,1
"Yang Deng, Qingyu Sun, Ce Wang, Yijun Wang, S. Kevin Zhou","nm000126,nm000129",2
"Ze Wang, Chi Man Wong, Agostinho Rosa, Tao Qian, Tzyy‐Ping Jung, Feng Wan","nm000126,nm000129",2
"Xietian Wang, Aiping Liu, Le Wu, Chang Li, Yü Liu, Xun Chen","nm000126,nm000129",2
"Xiaogang Chen, Yijun Wang, Shangen Zhang, Shengpu Xu, Xiaorong Gao",nm000126,1
"Liyan Liang, Jiajun Lin, Chen Yang, Yijun Wang, Xiaogang Chen, Shangkai Gao, Xiaorong Gao",nm000126,1
"Pasquale Arpaïa, Egidio De Benedetto, Lucio Tommaso De Paolis, Giovanni D’Errico, Nicola Donato, Luigi Duraccio",nm000126,1
"Ga-Young Choi, Chang Hee Han, Young–Jin Jung, Han-Jeong Hwang",nm000126,1
"Gege Ming, Hui Zhong, Weihua Pei, Xiaorong Gao, Yijun Wang","nm000126,nm000129",2
"Xizi Song, Xinrui Chen, Jiande Guo, Minpeng Xu, Dong Ming",nm000126,1
"Wenlong Ding, Aiping Liu, Ling Guan, Xun Chen","nm000126,nm000129",2
"Xincan Zhao, Yulin Du, Rui Zhang",nm000126,1
"Jinuk Kwon, Chang‐Hwan Im","nm000126,nm000129",2
"Yulin Du, Xincan Zhao",nm000126,1
"Jiabei Tang, Minpeng Xu, Jin Han, Miao Liu, Tingfei Dai, Shanguang Chen, Dong Ming",nm000126,1
"Osman Berke Güney, Hüseyin Özkan","nm000126,nm000129",2
"Ze Wang, Chi Man Wong, Boyu Wang, Zhao Feng, Fengyu Cong, Feng Wan","nm000126,nm000129",2
"Mohammad Norizadeh Cherloo, Homa Kashefi Amiri, Mohammad Reza Daliri",nm000126,1
"Jiezhen Xing, Shuang Qiu, Xuelin Ma, Chenyao Wu, Jinpeng Li, Shengpei Wang, Huiguang He",nm000126,1
"Shubin Zhang, Dong An, Jincun Liu, Jiannan Chen, Yaoguang Wei, Fuchun Sun",nm000126,1
"Nannan Zhang, Yadong Liu, Erwei Yin, Baosong Deng, Lu Cao, Jun Jiang, Zongtan Zhou, Dewen Hu",nm000126,1
"Nanlin Shi, Liping Wang, Yonghao Chen, Xinyi Yan, Chen Yang, Yijun Wang, Xiaorong Gao",nm000126,1
"Jie Hong, Xiansheng Qin",nm000126,1
"Xujin Li, Wei Wei, Shuang Qiu, Huiguang He",nm000126,1
"Rui Bian, Lubin Meng, Dongrui Wu","nm000126,nm000129",2
"Chen Yang, Hongxin Zhang, Shangen Zhang, Xu Han, Shangkai Gao, Xiaorong Gao",nm000126,1
"Rito Clifford Maswanganyi, Chunling Tu, Pius Adewale Owolawi, Shengzhi Du",nm000126,1
"Lubin Meng, Xue Jiang, Jian Huang, Wei Li, Hanbin Luo, Dongrui Wu",nm000126,1
"Hui Xiong, Jinlong Song, Jinzhen Liu, Yuqing Han",nm000126,1
"M. Kołodziej, A. Majkowski, Przemysław Wiszniewski",nm000127,1
"Konstantinos Kontras, Trui Osselaer, Stylianos G Mouslech, Angeliki-Ilektra Karaiskou, Guido Gagliardi, Thomas Strypsteen, Mohammad Hossein Badiei, Anku Rani, M. Vanmarcke, Miguel Bhagubai, C. Ekbote, Jaedong Hwang, Christos Chatzichristos, Paul Pu Liang, M. D. Vos","nm000127,nm000158",2
"Heegyu Kim, Kyungho Won, Minkyu Ahn, Sung Chan Jun",nm000127,1
"M V Haresh, B. Shameedha Begum",nm000128,1
"Sefa Aydın, Mesut Melek, Levent Gökrem",nm000128,1
"Min-Seong Chae, A. Rehman, Yeni Kim, Jaedeok Kim, Yaeeun Han, Sangin Park, Sungchul Mun",nm000128,1
"Zhijiang Wan, Manyu Li, Shichang Liu, Jiajin Huang, Hai Tan, Wenfeng Duan",nm000129,1
"Bingchuan Liu, Xiaogang Chen, Xiang Li, Yijun Wang, Xiaorong Gao, Shangkai Gao",nm000129,1
"Jikun Ai, Jianjun Meng, Ximing Mai, Xiangyang Zhu",nm000129,1
"Xiang Li, Jingjing Chen, Nanlin Shi, Chen Yang, Puze Gao, Xiaogang Chen, Yijun Wang, Shangkai Gao, Xiaorong Gao",nm000129,1
"Guillermo Bernal, Nelson Hidalgo, Conor Russomanno, Pattie Maes",nm000129,1
"Josefina Gutiérrez-Martínez, Jorge A. Mercado-Gutiérrez, Blanca E. Carvajal-Gámez, Jorge L. Rosas‐Trigueros, Adrian E. Contreras-Martinez",nm000129,1
"Nanlin Shi, Xiang Li, Bingchuan Liu, Chen Yang, Yijun Wang, Xiaorong Gao","nm000129,nm000137",2
"Jiawei Liu, Ruimin Wang, Yuankui Yang, Yuan Zong, Yue Leng, Wenming Zheng, Sheng Ge",nm000129,1
"Taejun Lee, Seungkyu Nam, Dong Jin Hyun",nm000129,1
"Xuesong Chen, Ziyi Ye, Xiaohui Xie, Yiqun Liu, Xiaorong Gao, Weihang Su, Shuqi Zhu, Yike Sun, Min Zhang, Shaoping Ma",nm000129,1
"Juan David Chailloux Peguero, Luis Hernández, Omar Mendoza-Montoya, Ricardo Caraza, Javier M. Antelis","nm000129,nm000130",2
"Yang Deng, Zhiwei Ji, Yijun Wang, S. Kevin Zhou",nm000129,1
"Xiuli Du, Xiaohui Ding, Meiling Xi, Yana Lv, Shaoming Qiu, Qingli Liu",nm000129,1
"Zhijiang Wan, Wangxinjun Cheng, Manyu Li, Renping Zhu, Wenfeng Duan",nm000129,1
"Bowen Li, Shangen Zhang, Yijun Hu, Yanfei Lin, Xiaorong Gao",nm000129,1
"Ruixin Luo, Xiaolin Xiao, Enze Chen, Lin Meng, Tzyy‐Ping Jung, Minpeng Xu, Dong Ming","nm000129,nm000130",2
"Syeda Zehra, Jing Mu, Brandon Victor Syiem, Anthony N. Burkitt, David B. Grayden",nm000129,1
"Yudong Pan, Ning Li, Yangsong Zhang, Peng Xu, Dezhong Yao",nm000129,1
"Hui Li, Guanghua Xu, Chenghang Du, Zejin Li, Chengcheng Han, Peiyuan Tian, Baoyu Li, Sicong Zhang",nm000129,1
"Changkai Tong, Huali Wang, Chen Yang, Xue Ni",nm000129,1
"Haifeng Liu, Z. F. Wang, Ruxue Li, Xi Zhao, Tianheng Xu, Ting Zhou, Honglin Hu",nm000129,1
"Xiaodong Li, Junlin Wang, Xiang Cao, Yong Huang, Wei Huang, Feng Wan, Michael To, Sheng Quan Xie",nm000129,1
"Amin Besharat, Nasser Samadzadehaghdam, Reyhaneh Afghan",nm000129,1
"Yuzhen Chen, Wei Shi, Qiangmo Liu, Hang Chu, Xiaogang Chen, Yan Li, Jian Wu, Li Li, Xiaorong Gao",nm000129,1
"Dongrui Gao, Wenyin Zheng, Manqing Wang, Lutao Wang, Yi Xiao, Yongqing Zhang",nm000129,1
"Zhouyu Ji, Tao Xu, Chuangquan Chen, Haojun Yin, Feng Wan, Hongtao Wang",nm000129,1
"Chong Liu, Miao Duan, Zhihao Duan, Aizun Liu, Zhiguo Lü, Hong Wang",nm000129,1
"Wenli Lan, Ruimin Wang, Yikang He, Yuan Zong, Yue Leng, Keiji Iramina, Wenming Zheng, Sheng Ge",nm000129,1
"Elham Rostami, Farnaz Ghassemi, Zahra Tabanfar",nm000129,1
"Yong Huang, Yuxiang Huan, Zhuo Zou, Weihua Pei, Xiaorong Gao, Yijun Wang, Li‐Rong Zheng",nm000129,1
"Xietian Wang, Aiping Liu, Le Wu, Ling Guan, Xun Chen",nm000129,1
"Jinuk Kwon, Jihun Hwang, Hyerin Nam, Chang‐Hwan Im",nm000129,1
"Liyan Liang, Qian Zhang, Jie Zhou, Wenyu Li, Xiaorong Gao","nm000129,nm000130",2
"Pedro R. A. S. Bassi, Romis Attux",nm000129,1
"Ximing Mai, Jikun Ai, Yuxuan Wei, Xiangyang Zhu, Jianjun Meng",nm000129,1
"Jing Jin, Xiao Wu, Ian Daly, Weijie Chen, Xinjie He, Xingyu Wang, Andrzej Cichocki",nm000129,1
"Xinyi Zhang, Wei Wei, Shuang Qiu, Xujin Li, Yijun Wang, Huiguang He",nm000129,1
"Xiaolin Xiao, Lichao Xu, Yue Jin, Baizhou Pan, Minpeng Xu, Dong Ming",nm000129,1
"Pu Zeng, Liangwei Fan, You Xin Luo, Hui Shen, Dewen Hu",nm000129,1
"Qingguo Wei, Chang Li, Yijun Wang, Xiaorong Gao",nm000129,1
"Wenlong Ding, Aiping Liu, Chengjuan Xie, Kai Wang, Xun Chen",nm000129,1
"Weizhi Zhou, Aiping Liu, Le Wu, Xun Chen",nm000129,1
"Peiyuan Tian, Guanghua Xu, Chengcheng Han, Chenghang Du, Hui Li, Ruiquan Chen, Jieren Xie, Jiahuan Wang, Hanli Jiang, Xiaobing Guo, Sicong Zhang, Qingqiang Wu",nm000129,1
"Jinpeng Lyu, Yuankui Yang, Yuan Zong, Yue Leng, Wenming Zheng, Sheng Ge",nm000129,1
"Nazhao Yan, Hang Cheng, Ximeng Liu, Fei Chen, Meiqing Wang",nm000129,1
"Şuayb S. Arslan, Pawan Sinha",nm000129,1
"Paula Gonzalez-Navarro, Basak Celik, Mohammad Moghadamfalahi, Murat Akçakaya, Melanie Fried‐Oken, Deniz Erdoğmuş",nm000129,1
"Bingchuan Liu, Xinyi Yan, Xiaogang Chen, Yijun Wang, Xiaorong Gao",nm000129,1
"Zhihao Duan, Chong Liu, Zhiguo Lü, Jie Chen, Yungong Li, Hong Wang",nm000129,1
"Jing Jin, Xinjie He, Ren Xu, Ruiyu Zhao, Xin Long, Xingyu Wang, Andrzej Cichocki",nm000129,1
"Xinjie He, Brendan Z. Allison, Ke Qin, Wei Liang, Xingyu Wang, Andrzej Cichocki, Jing Jin",nm000129,1
"Shengwei Huang, Qingguo Wei",nm000129,1
"Bo Dai, Yijun Wang, Xinyu Mou, Xiaorong Gao",nm000129,1
"Jiaxuan Wu, Jingjing Wang",nm000129,1
"Zhen Lan, Zixing Li, Chao Yan, Xiaojia Xiang, Dengqing Tang, Min Wu, Zhenghua Chen",nm000129,1
"Dandan Li, Xuedong Wang, Mingliang Dou, Yao Zhao, Xiaohong Cui, Jie Xiang, Bin Wang",nm000129,1
"Jing Mu, David B. Grayden, Ying Tan, Denny Oetomo",nm000129,1
"Ze Wang, Lu Shen, Yi Yang, Yueqi Ma, Chi Man Wong, Zige Liu, Cuiyun Lin, Chi Tin Hon, Tao Qian, Feng Wan","nm000129,nm000130",2
"Sitao Zhang, Kainan Ma, Yibo Yin, Binbin Ren, Ming Liu",nm000129,1
"Yuankun Chen, Xiyu Shi, Varuna De Silva, Safak Dogan",nm000129,1
"Weizhi Zhou, Le Wu, Yikai Gao, Xun Chen",nm000129,1
"Mario Corral Bolaños, Sheyla Barrado Ballestero, Sadasivan Puthusserypady",nm000129,1
"Xiaogang Chen, Bingchuan Liu, Yijun Wang, Hongyan Cui, Jianwei Dong, Ruijuan Ma, Ning Li, Xiaorong Gao",nm000130,1
"Hossein Hamidi Shishavan, Mohammad Mahdi Behzadi, Danny J. Lohan, Ercan M. Dede, In-Soo Kim",nm000130,1
"Yuhang Zheng, Yongyue Sun, Hongji Li, Xiuwei Xuan, Penghai Li, Mingji Li",nm000130,1
"Hongyan Cui, Meng Li, Xiaodong Ma, Xiaogang Chen",nm000130,1
"Hui Li, Guanghua Xu, Zejin Li, Kai Zhang, Hanli Jiang, Xiaobing Guo, Yongzhen Zhu, Xuwei Yang, Yihua Zhao, Chengcheng Han",nm000130,1
"Yue Dong, Sen Tian",nm000130,1
"Wenlong Ding, Aiping Liu, Longlong Cheng, Xun Chen",nm000130,1
"Y. Zhu, Rui Yu, Shiqi Huang, Aijun He",nm000130,1
"Yixin Chen, Ren Xu, Andrew Lau, Xinjie He, Weijie Chen, Bei Wang, Andrzej Cichocki, Jing Jin",nm000130,1
"Zheng Li, Sen Tian, Yida Dong, Weihua Pei, Xiaorong Gao, Yijun Wang",nm000130,1
"Fan Wang, Yanxiao Chen, Peng Wang, Anmin Gong, Jiaping Xu, Yunfa Fu",nm000130,1
"Xinyi Jiang, Jinpeng Lyu, Sheng Ge",nm000130,1
"Xinjie He, Ren Xu, Andrew Ty Lau, Xiao Wu, Yixin Chen, Weijie Chen, Xingyu Wang, Andrzej Cichocki, Jing Jin",nm000130,1
"Xiaojie Li, Xinna Ji, Yao Wang, Xiaogang Chen",nm000130,1
"Sheng Ge, Hui Yang, Ruimin Wang, Yue Leng, Keiji Iramina, Pan Lin, Haixian Wang",nm000131,1
"Rui Li, D.-J. Bai, Zhijun Li, Shiqiang Yang, Weiping Liu, Yichi Zhang, Jincao Zhou, Jing Luo, Wen Wang",nm000131,1
Ziyu Ge,nm000131,1
"Ken Shirakawa, Yoshihiro Nagano, Misato Tanaka, Shuntaro Aoki, Y. Muraki, Kei Majima, Yukiyasu Kamitani",nm000133,1
"Hubert J. Banville, Yohann Benchetrit, Stéphane d’Ascoli, Jérémy Rapin, Jean-Rémi King",nm000133,1
"Shreya Shukla, Jose Torres, Abhijit Mishra, Jacek Gwizdka, Shounak Roychowdhury",nm000133,1
"Shuqi Zhu, Ziyi Ye, Qingyao Ai, Yiqun Liu",nm000133,1
"Xueye Zheng, Ling Wang, Kanghao Chen, Yuanhuiyi Lyu, Jiazhou Zhou, Lin Wang",nm000133,1
"Jonathan Xu, Si Kai Lee, Wangshu Jiang",nm000133,1
"Jonathan Xu, Ugo Bruzadin Nunes, Wangshu Jiang, Samuel Ryther, Jordan Pringle, Paul S. Scotti, Arnaud Delorme, Reese Kneeland",nm000134,1
"Kai Keng Ang, Zheng Yang Chin, Chuanchu Wang, Cuntai Guan, Haihong Zhang","nm000135,nm000139,nm000143",3
"Michael Tangermann, Klaus‐Robert Müller, Ad Aertsen, Niels Birbaumer, Christoph Braun, Clemens Brunner, Robert Leeb, Carsten Mehring, Kai J. Miller, Gernot Müller-Putz, Guido Nolte, Gert Pfurtscheller, Hubert Preißl, Gerwin Schalk, Alois Schlögl, Carmen Vidaurre, Stephan Waldert, Benjamin Blankertz","nm000135,nm000143",2
"Yousef R. Tabar, Uğur Halıcı",nm000135,1
José del R. Millán,nm000135,1
"Natasha Padfield, Jaime Zabalza, Huimin Zhao, Valentín Masero, Jinchang Ren","nm000135,nm000144,nm000172",3
"Na Lu, Tengfei Li, Xiaodong Ren, Hongyu Miao",nm000135,1
"Mahnaz Arvaneh, Cuntai Guan, Kai Keng Ang, Chai Quek","nm000135,nm000139,nm000143",3
"Anatole Lécuyer, Fabien Lotte, Richard B. Reilly, R. Leeb, Michitaka Hirose, Mel Slater",nm000135,1
Femke Nijboer,"nm000135,nm000189",2
"Kavitha P. Thomas, Cuntai Guan, Chiew Tong Lau, A. P. Vinod, Kai Keng Ang","nm000135,nm000143",2
"Minkyu Ahn, Sung Chan Jun","nm000135,nm000189",2
"Brendan Z. Allison, C. Brunner, V. Kaiser, Gernot Müller-Putz, Christa Neuper, G. Pfurtscheller","nm000135,nm000189",2
"Sonja C. Kleih, Femke Nijboer, Sebastian Halder, Andrea Kübler",nm000135,1
"Dandan Huang, Kai Qian, Ding-Yu Fei, Wenchuan Jia, Xuedong Chen, Ou Bai",nm000135,1
"Kai Keng Ang, Cuntai Guan, Karen Sui Geok Chua, Beng Ti Ang, Christopher KUAH, Chuanchu Wang, Kok Soon Phua, Zheng Yang Chin, Haihong Zhang",nm000135,1
"Bin He, Bryan Baxter, Bradley J. Edelman, Christopher C. Cline, Wenjing W. Ye",nm000135,1
"Mengxi Dai, Dezhi Zheng, Rui Na, Shuai Wang, Shuailei Zhang","nm000135,nm000172",2
"David Marshall, Damien Coyle, Shane Wilson, Michael Callaghan",nm000135,1
"Kai Keng Ang, Zheng Yang Chin, Haihong Zhang, Cuntai Guan","nm000135,nm000143",2
"Baoguo Xu, Zhang Li, Aiguo Song, Changcheng Wu, Wenlong Li, Dalin Zhang, Guozheng Xu, Huijun Li, Hong Zeng",nm000135,1
"Minkyu Ahn, Hohyun Cho, Sangtae Ahn, Sung Chan Jun","nm000135,nm000189",2
"Camille Jeunet, Emilie Jahanpour, Fabien Lotte","nm000135,nm000171",2
"Laurent Bonnet, Fabien Lotte, Anatole Lécuyer",nm000135,1
"Amardeep Singh, Ali Abdul Hussain, Sunil Pranit Lal, Hans W. Guesgen","nm000135,nm000140,nm000172",3
"Saba Moghimi, Azadeh Kushki, Anne Marie Guerguerian, Tom Chau","nm000135,nm000168,nm000189",3
"Gernot Müller-Putz, Robert Leeb, Michael Tangermann, Johannes Höhne, Andrea Kübler, Febo Cincotti, Donatella Mattia, Rüdiger Rupp, Klaus‐Robert Müller, José del R. Millán",nm000135,1
"Yu Zhang, Qibin Zhao, Jing Jin, Xingyu Wang, Andrzej Cichocki",nm000135,1
"Wei Zhao, Xiaolu Jiang, Baocan Zhang, Shixiao Xiao, Sujun Weng",nm000135,1
"Yu Zhang, Guoxu Zhou, Qibin Zhao, Jing Jin, Xingyu Wang, Andrzej Cichocki",nm000135,1
"Kwon-Woo Ha, Jin-Woo Jeong","nm000135,nm000172",2
"Nuocheng Ji, Liang Ma, Hui Dong, Xuejun Zhang",nm000135,1
"Fabien Lotte, Josef Faller, Christoph Guger, Yann Renard, Gert Pfurtscheller, Anatole Lécuyer, Robert Leeb","nm000135,nm000189",2
"Kosei Nakayashiki, Midori Saeki, Yohei Takata, Yoshikatsu Hayashi, Toshiyuki Kondo",nm000135,1
"Christian Paret, Noam Goldway, Catharina Zich, Jackob Nimrod Keynan, Talma Hendler, David E.J. Linden, Kathrin Cohen Kadosh",nm000135,1
"Hyeon Kyu Lee, Young-Seok Choi",nm000135,1
"Mehrnaz Kh. Hazrati, Abbas Erfanian",nm000135,1
"Eoin Thomas, Matthew Dyson, Maureen Clerc",nm000135,1
"Drishti Yadav, Shilpee Yadav, Karan Veer",nm000135,1
"Ricardo Ron-Angevín, Antonio Díaz Estrella",nm000135,1
"Trieu Phat Luu, Yongtian He, Samuel M. Brown, Sho Nakagome, José L. Contreras-Vidal",nm000135,1
"Piotr Wierzgała, Dariusz Zapała, Grzegorz M. Wójcik, Jolanta Masiak",nm000135,1
"Aleksandra Vučković, Bethel Osuagwu","nm000135,nm000189",2
"Lie Yang, Yonghao Song, Ke Ma, Longhan Xie",nm000135,1
"Aline Roc, Léa Pillette, Jelena Mladenović, Camille Benaroch, Bernard N’Kaoua, Camille Jeunet, Fabien Lotte","nm000135,nm000144",2
"Siyi Deng, Ramesh Srinivasan, Tom Lappas, Michael D’Zmura",nm000135,1
"Jing Jin, Brendan Z. Allison, Eric W. Sellers, Clemens Brunner, Petar Horki, Xingyu Wang, Christa Neuper","nm000135,nm000189",2
Wei‐Yen Hsu,nm000135,1
"Filip Škola, Simona Tinková, Fotis Liarokapis",nm000135,1
"Pasquale Arpaïa, Antonio Espósito, Angela Natalizio, Marco Parvis","nm000135,nm000139,nm000171,nm000173",4
"Robert Leeb, Claudia Keinrath, Doron Friedman, Christoph Guger, Reinhold Scherer, Christa Neuper, Maia Garau, Angus Antley, Anthony Steed, Mel Slater, Gert Pfurtscheller",nm000135,1
"Qingqing Zheng, Fengyuan Zhu, Pheng‐Ann Heng","nm000135,nm000143",2
"Minkyu Ahn, Sangtae Ahn, Jun Hee Hong, Hohyun Cho, Kiwoong Kim, Bong Soo Kim, Jin Woo Chang, Sung Chan Jun",nm000135,1
"Robert Leeb, Marcel Lancelle, Vera Kaiser, Dieter W. Fellner, Gert Pfurtscheller",nm000135,1
"Fabien Lotte, Laurent Bougrain, Maureen Clerc","nm000135,nm000169,nm000189",3
"Christa Neuper, Gert Pfurtscheller",nm000135,1
"Jing Luo, Zuren Feng, Jun Zhang, Na Lu","nm000135,nm000139",2
"Jing Luo, Xing Gao, Xiaobei Zhu, Bin Wang, Na Lu, Jie Wang","nm000135,nm000139",2
"Damien Coyle, Jhonatan Garcia, Abdul Satti, T.M. McGinnity",nm000135,1
"Xiaoguang Liu, Shicheng Xiong, Xiaodong Wang, Tie Liang, Hongrui Wang, Xiuling Liu",nm000135,1
"Josef Faller, Gernot Müller-Putz, Dieter Schmalstieg, Gert Pfurtscheller",nm000135,1
"Dandan Huang, Peter Lin, Ding-Yu Fei, Xuedong Chen, Ou Bai",nm000135,1
Fabien Lotte,"nm000135,nm000143",2
"Aurora Saibene, Mirko Caglioni, Silvia Corchs, Francesca Gasparini","nm000135,nm000137",2
"Maouia Bentlemsan, ET-Tahir Zemouri, Djamel Bouchaffra, Bahia Yahya-Zoubir, Karim Ferroudji",nm000135,1
"Vangelis P. Oikonomou, Kostas Georgiadis, George Liaros, Spiros Nikolopoulos, Ioannis Kompatsiaris",nm000135,1
Damien Coyle,nm000135,1
"Kai Zhang, Guanghua Xu, Xiaowei Zheng, Huanzhong Li, Sicong Zhang, Yunhui Yu, Renghao Liang","nm000135,nm000169",2
"Teodoro Solis‐Escalante, Gernot Müller-Putz, Clemens Brunner, Vera Kaiser, Gert Pfurtscheller",nm000135,1
"Yuexing Han, Bing Wang, Jie Luo, Long Li, Xiaolong Li",nm000135,1
"Yasunari Hashimoto, Junichi Ushiba, Akio Kimura, Meigen Liu, Yutaka Tomita",nm000135,1
"Fabien Lotte, Aurélien van Langhenhove, Fabrice Lamarche, Thomas Ernest, Yann Renard, Bruno Arnaldi, Anatole Lécuyer",nm000135,1
"Andrew Geronimo, Zachary Simmons, Steven J. Schiff","nm000135,nm000169",2
"Victoria Peterson, Dominik Wyser, Olivier Lambercy, Rubén D. Spies, Roger Gassert",nm000135,1
"Sandra Mara Torres Müller, Teodiano Bastos-Filho, Mário Sarcinelli-Filho",nm000135,1
"Emmanuele Tidoni, Mohammad Abu-Alqumsan, Daniele Leonardis, Christoph Kapeller, Gabriele Fusco, Cristoph Guger, Christoph Hintermüller, Angelika Peer, Antonio Frisoli, Franco Tecchia, Massimo Bergamasco, Salvatore Maria Aglioti",nm000135,1
"Jun Qu, Fei Wang, Zhenping Xia, Tianyou Yu, Jing Xiao, Zhuliang Yu, Zhenghui Gu, Yuanqing Li",nm000135,1
"Emmanuele Tidoni, Pierre Gergondet, Abderrahmane Kheddar, Salvatore Maria Aglioti",nm000135,1
"Eva Guttmann-Flury, Yanyan Wei, Shan Zhao",nm000136,1
"Eva Guttmann-Flury, Yanyan Wei, Shan Zhao, Jian Zhao, Mohamad Sawan",nm000136,1
"Nie Lin, Yansen Wang, Dongqi Han, Weibang Jiang, Jingyuan Li, Ryosuke Furuta, Yoichi Sato, Dongsheng Li","nm000136,nm000158",2
"Eva Guttmann-Flury, Shan Zhao, Jian Zhao, Mohamad Sawan",nm000136,1
"Eva Guttmann-Flury, Jian Zhao, Mohamad Sawan",nm000136,1
"E. Guttmann-Flury, Jian Zhao, Mohamad Sawan",nm000136,1
"Alison Rosnery Rodríguez Banegas, María José Gálvez Girón, C. Castellanos, Reyna Elizabeth Valle Ordoñez",nm000136,1
"Hamdi Altaheri, Ghulam Muhammad, Mansour Alsulaiman, Syed Umar Amin, Ghadir Ali Altuwaijri, Wadood Abdul, Mohamed A. Bencherif, Mohammed Faisal","nm000137,nm000144,nm000167,nm000171,nm000173",5
"Yazeed K. Musallam, Nasser I. AlFassam, Ghulam Muhammad, Syed Umar Amin, Mansour Alsulaiman, Wadood Abdul, Hamdi Altaheri, Mohamed A. Bencherif, Mohammed Algabri","nm000137,nm000172",2
"Nicolás Nieto, Victoria Peterson, Hugo Leonardo Rufiner, Juan E. Kamienkowski, Rubén D. Spies","nm000137,nm000139,nm000173,on006126",4
"Jun Ma, Banghua Yang, Wenzheng Qiu, Yunzhe Li, Shouwei Gao, Xinxing Xia","nm000137,on006126",2
"Sergio Pérez-Velasco, Eduardo Santamaría-Vázquez, Víctor Martínez-Cagigal, Diego Marcos-Martínez, Roberto Hornero",nm000137,1
"Ji-Hoon Jeong, Jeong-Hyun Cho, Kyung-Hwan Shim, Byoung-Hee Kwon, Byeong-Hoo Lee, Do-Yeun Lee, Dae-Hyeok Lee, Seong–Whan Lee","nm000137,nm000173,nm000311",3
"Mohammad Shahbakhti, Matin Beiramvand, Mojtaba Nazari, Anna Broniec, Piotr Augustyniak, Ana Santos Rodrigues, Michał Wierzchoń, Vaidotas Marozas",nm000137,1
"Haijie Liu, Penghu Wei, Haochong Wang, Xiaodong Lv, Wei Duan, Meijie Li, Yan Zhao, Qingmei Wang, Xinyuan Chen, Gaige Shi, Bo Han, Junwei Hao","nm000137,nm000158,nm000167,on006126",4
"K. Keerthi Krishnan, K. P. Soman",nm000137,1
"James Stieger, Stephen A. Engel, Daniel Suma, Bin He",nm000137,1
"James Stieger, Stephen A. Engel, Bin He",nm000137,1
"Yang An, Hak‐Keung Lam, Sai Ho Ling",nm000137,1
"Olawunmi George, Roger O. Smith, Praveen Madiraju, Nasim Yahyasoltani, Sheikh Iqbal Ahamed",nm000137,1
"Aurora Saibene, Hafez Ghaemi, Eda Dağdevır","nm000137,nm000173,nm000311",3
"Peiyin Chen, He Wang, Xinlin Sun, Haoyu Li, Celso Grebogi, Zhongke Gao",nm000137,1
"Tat’y Mwata-Velu, José Ruiz-Pinales, Horacio Rostro‐González, Mario-Alberto Ibarra-Manzano, Jorge M. Cruz‐Duarte, Juan Gabriel Avina‐Cervantes",nm000137,1
"Chun‐Ren Phang, Li‐Wei Ko",nm000137,1
"Emmanouil Lionakis, Konstantinos Κarampidis, Giorgos Papadourakis","nm000137,nm000144,nm000173",3
"Mürşide Değirmenci, Yılmaz Kemal Yüce, Matjaž Perc, Yalçın İşler",nm000137,1
"Francisco M. García-Moreno, María Bermúdez-Edo, José Luis García Garrido, María José Rodríguez‐Fórtiz",nm000137,1
"Zheng Zhou, Guangyao Dou, Xiaodong Qu",nm000137,1
"Tat’y Mwata-Velu, Juan Gabriel Avina‐Cervantes, Jorge M. Cruz‐Duarte, Horacio Rostro‐González, José Ruiz-Pinales",nm000137,1
"Thi Duyen Ngo, Hai-Dang Kieu, Minh Hoa Nguyễn, The Hoang-Anh Nguyen, Văn Mão Cấn, Nguyen Ba Hung, Le Thanh Ha",nm000137,1
"Rui Liu, Yuanyuan Chen, Anran Li, Yi Ding, Han Yu, Cuntai Guan",nm000137,1
"Tat’y Mwata-Velu, Juan Gabriel Avina‐Cervantes, José Ruiz-Pinales, Tomas Garcia-Calva, Erick-Alejandro González-Barbosa, Juan B. Hurtado‐Ramos, José‐Joel González‐Barbosa",nm000137,1
"YU Jian-li, Zhu Liang Yu",nm000137,1
"Juan Vazquez-Rodriguez, Grégoire Lefebvre, Julien Cumin, James L. Crowley",nm000137,1
"Krzysztof Kotowski, Katarzyna Stąpor, Jeremi K. Ochab",nm000137,1
"Youhao Wang, Jingjing Luo, Yuzhu Guo, Qiang Du, Qiying Cheng, Hongbo Wang",nm000137,1
"Kun Yang, Runan Li, Jing Xu, Li Zhu, Wanzeng Kong, Jianhai Zhang",nm000137,1
"Pasquale Arpaia, Matteo de Luca, Lucrezia Di Marino, D. Duran, L. Gargiulo, P. Lanteri, Nicola Moccaldi, Marco Nalin, Mauro Picciafuoco, R. Robbio, E. Visani",nm000137,1
"Seyyed Bahram Borgheai, Alyssa Hillary Zisk, John McLinden, James McIntyre, Reza Sadjadi, Yalda Shahriari",nm000137,1
"Masaki Kato, Suguru Kanoga, Takayuki Hoshino, Tadanori Fukami",nm000137,1
"Haoming Zhang, Mingqi Zhao, Wei Chen, Dante Mantini, Zherui Li, Quanying Liu",nm000137,1
"Khairul Anam, Mohammad Nuh, Adel Al-Jumaily",nm000137,1
"Olawunmi George, Sarthak Dabas, Abdur Sikder, Roger O. Smith, Praveen Madiraju, Nasim Yahyasoltani, Sheikh Iqbal Ahamed",nm000137,1
"Khairul Anam, Saiful Bukhori, Faruq Sandi Hanggara, Mahardhika Pratama",nm000137,1
"Stephanie Brandl, Benjamin Blankertz",nm000137,1
"Yucun Zhong, Lin Yao, Gang Pan, Yueming Wang",nm000137,1
"Qiang Sun, Eva Calvo Merino, Liuyin Yang, Marc M. Van Hulle","nm000137,nm000173",2
"Tomasz Kocejko, Nikodem Matuszkiewicz, Piotr Durawa, Aleksander Madajczak, Jakub Kwiatkowski",nm000137,1
"Xiaodong Qu, Timothy J. Hickey",nm000137,1
"Çağatay Murat Yılmaz, Bahar Hatipoğlu Yılmaz",nm000137,1
"Biplov Paneru, Biplov Paneru, Bipul Thapa, Bishwash Paneru, Bishwash Paneru, Sanjog Chhetri Sapkota",nm000137,1
"Yuri Gordienko, Nikita Gordienko, Vlad Taran, Anis Rojbi, Sergii Telenyk, Sergii Stirenko",nm000137,1
"Tat’y Mwata-Velu, Edson Niyonsaba-Sebigunda, Juan Gabriel Avina‐Cervantes, José Ruiz-Pinales, Narcisse Velu-A-Gulenga, Adán Antonio Alonso-Ramírez",nm000137,1
"Mario I. Chacón-Murguía, Eduardo Rivas-Posada",nm000137,1
"Hanina N Zahra, Hasballah Zakaria, Beni Rio Hermanto",nm000137,1
"Olivier Rosanne, Alcyr Alves de Oliveira, Tiago H. Falk",nm000137,1
"Haneen Alsuradi, Arshiya Khattak, Ali Fakhry, Mohamad Eid",nm000137,1
"Zhuozheng Wang, Yunlong Wang",nm000137,1
"Žofia Rohutná, Radoslav Vargic",nm000137,1
"Neil Joshua Limbaga, Kevin Luis T. Mallari, Nathan Richward O. Yeung, Jose Claro Monje",nm000137,1
"Ifrah Raoof, Manoj Gupta",nm000137,1
"Benjamin J Choi, G. Milsap, Clara A. Scholl, Francesco Tenore, Mattson Ogg",nm000137,1
"Guodong Chen, Hayden S. Helm, Kate Lytvynets, Weiwei Yang, Carey E. Priebe",nm000137,1
"Tat’y Mwata-Velu, José Ruiz-Pinales, Juan Gabriel Avina‐Cervantes, José‐Joel González‐Barbosa, Jose Luis Contreras-Hernandez",nm000137,1
"R N Azizah, Hasballah Zakaria, Beni Rio Hermanto",nm000137,1
"Rand K. Almajidy, Soheil Mottaghi, Asmaa A. Ajwad, Yacine Boudria, Kunal Mankodiya, Walter G. Besio, Ulrich Hofmann",nm000137,1
Benjamin J Choi,nm000137,1
"Mansi Saxena, Anubha Gupta",nm000137,1
"Barjinder Kaur, Dinesh Singh, Partha Pratim Roy",nm000137,1
"Rahmat Widadi, Dodi Zulherman, S. Rama Febriyan Ari","nm000137,nm000151",2
"Tamás Majoros, Stefan Oniga",nm000137,1
"Mürşide Değirmenci, Yılmaz Kemal Yüce, Yalçın İşler",nm000137,1
"Zhige Chen, Chengxuan Qin, Wenlong You, Rui Liu, Congying Chu, Rui Yang, Kay Chen Tan, Jibin Wu",nm000137,1
"Geeling Chau, Yujin An, A. Iqbal, Soon-Jo Chung, Yisong Yue, Sabera Talukder",nm000137,1
"Rahmat Widadi, Bongga Arif Widodo, Dodi Zulherman",nm000137,1
"Vernon J Lawhern, Amelia J Solon, Nicholas R Waytowich, Stephen M Gordon, Chou P Hung, Brent J Lance","nm000139,nm000172",2
"Robin Tibor Schirrmeister, Jost Tobias Springenberg, Lukas D. J. Fiederer, Martin Glasstetter, Katharina Eggensperger, Michael Tangermann, Frank Hutter, Wolfram Burgard, Tonio Ball",nm000139,1
"Alexander Craik, Yongtian He, José L. Contreras-Vidal","nm000139,nm000172",2
"Tijl Grootswagers, Susan G. Wardle, Thomas A. Carlson","ds000248,nm000139",2
"Siavash Sakhavi, Cuntai Guan, Shuicheng Yan",nm000139,1
"Yijun Wang, Xiaogang Chen, Xiaorong Gao, Shangkai Gao",nm000139,1
"Vinay Jayaram, Morteza Alamgir, Yasemin Altün, Bernhard Schölkopf, Moritz Grosse‐Wentrup",nm000139,1
"Ali Al-Saegh, Shefa A. Dawwd, Jassim M. Abdul-Jabbar","nm000139,nm000172",2
"Irene Winkler, Stephanie Brandl, Franziska Horn, Eric Waldburger, Carsten Allefeld, Michael Tangermann",nm000139,1
"Jing Jin, Yangyang Miao, Ian Daly, Cili Zuo, Dewen Hu, Andrzej Cichocki",nm000139,1
"Thorir Mar Ingolfsson, Michael Hersche, Xiaying Wang, Nobuaki Kobayashi, Lukas Cavigelli, Luca Benini","nm000139,nm000172",2
"Xinqiao Zhao, Hongmiao Zhang, Guilin Zhu, Fengxiang You, Shaolong Kuang, Lining Sun","nm000139,nm000172",2
"Kaishuo Zhang, Neethu Robinson, Seong‐Whan Lee, Cuntai Guan","nm000139,nm000172",2
"Dennis J. McFarland, Jonathan R. Wolpaw",nm000139,1
"Jaeyoung Shin, Alexander von Lühmann, Benjamin Blankertz, Do-Won Kim, Jichai Jeong, Han‐Jeong Hwang, Klaus‐Robert Müller",nm000139,1
"Seung-Hyeon Oh, Yu‐Ri Lee, Hyoung-Nam Kim",nm000139,1
"He Zhao, Qingqing Zheng, Kai Ma, Huiqi Li, Yefeng Zheng","nm000139,nm000172",2
"Wojciech Samek, Carmen Vidaurre, Klaus‐Robert Müller, Motoaki Kawanabe","nm000139,nm000143",2
"Jaeyoung Shin, Alexander von Lühmann, Do-Won Kim, Jan Mehnert, Han-Jeong Hwang, Klaus‐Robert Müller",nm000139,1
"Ce Zhang, Young‐Keun Kim, Azim Eskandarian",nm000139,1
"Ruilong Zhang, Qun Zong, Liqian Dou, Xinyi Zhao","nm000139,nm000172",2
"Zahra Khademi, Farideh Ebrahimi, Hussain Montazery Kordy","nm000139,nm000172",2
"Phairot Autthasan, Rattanaphon Chaisaen, Thapanun Sudhawiyangkul, Phurin Rangpong, Suktipol Kiatthaveephong, Nat Dilokthanakul, Gun Bhakdisongkhram, Huy Phan, Cuntai Guan, Theerawit Wilaiprasitporn","ds000248,nm000139,nm000171,nm000172",4
Arunabha M. Roy,"nm000139,nm000172",2
"Amirhossein S. Aghaei, Mohammad Shahin Mahanta, Konstantinos N. Plataniotis",nm000139,1
"Christian MÃ ⁄ hl, Camille Jeunet, Fabien Lotte",nm000139,1
"Yang Li, Lianghui Guo, Yu Liu, Jingyu Liu, Fangang Meng","nm000139,nm000172",2
"Yimin Hou, Shuyue Jia, Xiangmin Lun, Ziqian Hao, Yan Shi, Yang Li, Rui Zeng, Jinglei Lv","nm000139,nm000172",2
"Ji-Seon Bang, Min-Ho Lee, Siamac Fazli, Cuntai Guan, Seong–Whan Lee","nm000139,nm000172",2
"Tian-jian Luo, Changle Zhou, Fei Chao","nm000139,nm000172",2
"Lianghua He, Die Hu, Meng Wan, Ying Wen, Karen M. von Deneen, MengChu Zhou","nm000139,nm000143",2
"Kai Keng Ang, Cuntai Guan",nm000139,1
"Maarten De Vos, Markus Kroesen, Reiner Emkes, Stefan Debener",nm000139,1
"Sahar Selim, Manal Tantawi, Howida A. Shedeed, Amr Badr","nm000139,nm000172,nm000189",3
"Brenda Elizabeth Olivas-Padilla, Mario I. Chacón-Murguía",nm000139,1
"Davide Borra, Silvia Fantozzi, Elisa Magosso","nm000139,nm000172",2
"Jing Jin, Chang Liu, Ian Daly, Yangyang Miao, Shurui Li, Xingyu Wang, Andrzej Cichocki",nm000139,1
"Hesam Varsehi, Mohammad Firoozabadi",nm000139,1
"Nitesh Singh Malan, Shiru Sharma",nm000139,1
"Ravikiran Mane, Effie Chew, Karen Sui Geok Chua, Kai Keng Ang, Neethu Robinson, A. P. Vinod, Seong–Whan Lee, Cuntai Guan",nm000139,1
"Yangyang Miao, Jing Jin, Ian Daly, Cili Zuo, Xingyu Wang, Andrzej Cichocki, Tzyy‐Ping Jung",nm000139,1
"Ajay Kumar Maddirala, Rafi Ahamed Shaik",nm000139,1
"Haider Raza, Hubert Cecotti, Yuhua Li, Girijesh Prasad",nm000139,1
"Xiaying Wang, Michael Hersche, Batuhan Tömekçe, Burak Kaya, Michele Magno, Luca Benini",nm000139,1
"Ke Liu, Mingzhao Yang, Zhuliang Yu, Guoyin Wang, Wei Wu","nm000139,nm000311",2
"Xiao Zhang, Dongrui Wu",nm000139,1
"Jiaheng Wang, Lin Yao, Yueming Wang",nm000139,1
"Javier Andreu-Pérez, Fan Cao, Hani Hagras, Guang‐Zhong Yang","nm000139,nm000140",2
"Haider Raza, Dheeraj Rathee, Shang‐Ming Zhou, Hubert Cecotti, Girijesh Prasad",nm000139,1
"Xuyang Zhu, Peiyang Li, Cunbo Li, Dezhong Yao, Rui Zhang, Peng Xu",nm000139,1
"Ciaran Cooney, Attila Korik, Raffaella Folli, Damien Coyle",nm000139,1
"Emmanuel Kalunga, Sylvain Chevallier, Quentin Barthélemy, Karim Djouani, Éric Monacelli, Yskandar Hamam",nm000139,1
"Sanjay Kumar, H. Hannah Inbarani",nm000139,1
"Mouad Riyad, Mohammed Khalil, Abdellah Adib",nm000139,1
"Seung-Bo Lee, Hyun-Ji Kim, Hakseung Kim, Ji-Hoon Jeong, Seong‐Whan Lee, Dong‐Joo Kim",nm000139,1
"Wing-kin Tam, Tong Wu, Qi Zhao, Edward W. Keefer, Zhi Yang",nm000139,1
"Anirban Chowdhury, Yogesh Kumar Meena, Haider Raza, Braj Bhushan, Ashwani Kumar Uttam, Nirmal Pandey, Adnan Ariz Hashmi, Alok Bajpai, Ashish Dutta, Girijesh Prasad",nm000139,1
"Daniel Freer, Guang‐Zhong Yang",nm000139,1
"Ikhtiyor Majidov, Taeg Keun Whangbo",nm000139,1
"Xia Chen, Xiangbin Teng, Han Chen, Yafeng Pan, Philipp Geyer",nm000139,1
"Qingsong Ai, Anqi Chen, Kun Chen, Quan Liu, Tichao Zhou, Sijin Xin, Ze Ji",nm000139,1
"Demetres Kostas, Frank Rudzicz",nm000139,1
"Ce Ju, Cuntai Guan",nm000139,1
"Johannes Höhne, Elisa Mira Holz, Pit Staiger-Sälzer, Klaus‐Robert Müller, Andrea Kübler, Michael Tangermann","nm000139,nm000190",2
"Chang Liu, Jing Jin, Ian Daly, Shurui Li, Hao Sun, Yitao Huang, Xingyu Wang, Andrzej Cichocki",nm000139,1
"Phattarapong Sawangjai, Manatsanan Trakulruangroj, Chiraphat Boonnag, Maytus Piriyajitakonkij, Rajesh Kumar Tripathy, Thapanun Sudhawiyangkul, Theerawit Wilaiprasitporn","nm000139,nm000311",2
"Minmin Miao, Hong Zeng, Aimin Wang, Changsen Zhao, Feixiang Liu",nm000139,1
"Tian-jian Luo, Ya-chao Fan, Lifei Chen, Gongde Guo, Changle Zhou",nm000139,1
"Lee-Fan Tan, Zoltán Dienes, Ashok Jansari, Sing-Yau Goh",nm000139,1
"Jing Luo, Yaojie Wang, Shuxiang Xia, Na Lu, Xiaoyong Ren, Zhenghao Shi, Xinhong Hei",nm000139,1
"Luis F. Nicolás-Alonso, Rebeca Corralejo, Javier Gómez‐Pilar, Daniel Álvarez, Roberto Hornero",nm000139,1
"Rami Alazrai, Motaz Abuhijleh, Hisham Alwanni, Mohammad I. Daoud",nm000139,1
"Aiming Liu, Kun Chen, Quan Liu, Qingsong Ai, Yi Xie, Anqi Chen",nm000139,1
"Biao Sun, Xing Zhao, Han Zhang, Ruifeng Bai, Ting Li",nm000139,1
"Xiuling Liu, Yonglong Shen, Jing Liu, Jianli Yang, Peng Xiong, Feng Lin",nm000139,1
"Fabien Lotte, Laurent Bougrain, Andrzej Cichocki, Maureen Clerc, Marco Congedo, Alain Rakotomamonjy, Florian Yger","nm000140,nm000143,nm000172",3
"Fabien Lotte, Florian Larrue, Christian Mühl",nm000140,1
"Swati Aggarwal, Nupur Chugh","nm000140,nm000172",2
"Alexis Ortiz-Rosario, Hojjat Adeli",nm000140,1
"Ian Daly, Reinhold Scherer, Martin Billinger, Gernot Müller-Putz",nm000140,1
"Robert Leeb, Serafeim Perdikis, Luca Tonin, Andrea Biasiucci, Michele Tavella, Marco Creatura, Alberto García‐Molina, Abdul Al-Khodairy, Tom Carlson, José del R. Millán",nm000140,1
"Serafeim Perdikis, Luca Tonin, Sareh Saeedi, Christoph Schneider, José del R. Millán","nm000140,nm000189",2
Gernot Müller-Putz,"nm000140,nm000144,nm000173",3
"Andreas Schwarz, Patrick Ofner, Joana Pereira, Andreea Ioana Sburlea, Gernot Müller-Putz",nm000140,1
"Siuly Siuly, Hua Wang, Yanchun Zhang",nm000140,1
"Teng Ma, Hui Li, Lili Deng, Hao Yang, Xulin Lv, Peiyang Li, Fali Li, Rui Zhang, Tiejun Liu, Dezhong Yao, Peng Xu",nm000140,1
"David Steyrl, Reinhold Scherer, Josef Faller, Gernot Müller-Putz",nm000140,1
"Claudia Sannelli, Carmen Vidaurre, Klaus‐Robert Müller, Benjamin Blankertz","nm000140,nm000189",2
"Ian Daly, Martin Billinger, José Laparra-Hernández, Fabio Aloise, Mariano Lloria García, Josef Faller, Reinhold Scherer, Gernot Müller-Putz","nm000140,nm000171",2
"Reinmar J. Kobler, J. Hirayama, Qibin Zhao, M. Kawanabe",nm000140,1
"Serafeim Perdikis, José del R. Millán",nm000140,1
"Reinhold Scherer, Josef Faller, Elisabeth V. C. Friedrich, Eloy Opisso, Úrsula Costa, Andrea Kübler, Gernot Müller-Putz","nm000140,nm000171",2
"Gernot Müller-Putz, Andreas Schwarz, Joana Pereira, Patrick Ofner",nm000140,1
"Gernot Müller-Putz, Christoph Pokorny, Daniela Klobassa, Petar Horki",nm000140,1
"Ian Daly, Martin Billinger, Reinhold Scherer, Gernot Müller-Putz",nm000140,1
"Kun Xia, Lingfei Deng, Wlodzislaw Duch, Dongrui Wu",nm000140,1
"Andreas Schwarz, Maria Katharina Höller, Joana Pereira, Patrick Ofner, Gernot Müller-Putz","nm000140,nm000173",2
"Haijun Shan, Haojie Xu, Shanan Zhu, Bin He",nm000140,1
"Germán Rodríguez-Bermúdez, Pedro J. García-Laencina, Joaquín Roca‐Dorda",nm000140,1
"Andreas Schwarz, Joana Pereira, Reinmar J. Kobler, Gernot Müller-Putz","nm000140,nm000173",2
"Minsu Song, Jonghyun Kim",nm000140,1
"Xiaokang Shu, Shugeng Chen, Jianjun Meng, Lin Yao, Xinjun Sheng, Jie Jia, Dario Farina, Xiangyang Zhu",nm000140,1
"Andreas Pinegger, Josef Faller, Sebastian Halder, Selina C. Wriessnegger, Gernot Müller-Putz",nm000140,1
"Josef Faller, Reinhold Scherer, Úrsula Costa, Eloy Opisso, Josep R. Medina, Gernot Müller-Putz",nm000140,1
"Omneya Attallah, Jaidaa Abougharbia, Mohamed Tamazin, A.A.A. Nasser",nm000140,1
"Andreas Schwarz, Carlos Escolano, Luis Montesano, Gernot Müller-Putz","nm000140,nm000173",2
"Joyce Chelangat Bore, Peiyang Li, Lin Jiang, Walid M. A. Ayedh, Chunli Chen, Dennis Joe Harmah, Dezhong Yao, Zehong Cao, Peng Xu",nm000140,1
"Serafeim Perdikis, R. Leeb, José del R. Millán",nm000140,1
"Cili Zuo, Jing Jin, Erwei Yin, Rami Saab, Yangyang Miao, Xingyu Wang, Dewen Hu, Andrzej Cichocki",nm000140,1
"Reinhold Scherer, Martin Billinger, Johanna Wagner, Andreas Schwarz, Dirk Tassilo Hettich, Elaina Bolinger, Mariano Lloria García, Juan José Navarro, Gernot Müller-Putz","nm000140,nm000171",2
"Jane E. Huggins, Christoph Guger, Brendan Z. Allison, Charles W. Anderson, Aaron P. Batista, Anne-Marie Brouwer, Clemens Brunner, Ricardo Chavarriaga, Melanie Fried‐Oken, Aysegul Gunduz, Disha Gupta, Andrea Kübler, Robert Leeb, Fabien Lotte, Lee E. Miller, Gernot Müller-Putz, Tomasz M. Rutkowski, Michael Tangermann, David E. Thompson","nm000140,nm000190",2
"Carmen Vidaurre, A. Ramos Murguialday, Stefan Haufe, Marisol Gómez, K. Müller, Vadim V. Nikulin",nm000140,1
"Catharina Zich, Stefan Debener, Maarten De Vos, Stella Frerichs, Stefanie Maurer, Cornelia Kranczioch",nm000140,1
"Giulia Bressan, Giulia Cisotto, Gernot R. Müller-Putz, Selina Christin Wriessnegger","nm000140,nm000173",2
"Gert Pfurtscheller, Teodoro Solis‐Escalante, Robert J. Barry, Daniela Klobassa, Christa Neuper, Gernot Müller-Putz",nm000140,1
"Yong Liang, Yu Ma",nm000140,1
"Victoria Peterson, Nicolás Nieto, Dominik Wyser, Olivier Lambercy, Roger Gassert, Diego H. Milone, Rubén D. Spies",nm000140,1
"Reinhold Scherer, Gunter Moitzi, Ian Daly, Gernot Müller-Putz",nm000140,1
"Amjad Abu-Rmileh, Eyal Zakkay, Lior Shmuelof, Oren Shriki",nm000140,1
"Wen Zhang, Dongrui Wu",nm000140,1
"Xue Jiang, Lubin Meng, Xinru Chen, Yifan Xu, Dongrui Wu",nm000140,1
"Josef Faller, Reinhold Scherer, Elisabeth V. C. Friedrich, Úrsula Costa, Eloy Opisso, Josep R. Medina, Gernot R. MÃ¼ller-Putz","nm000140,nm000171",2
"Ian Daly, Josef Faller, Reinhold Scherer, Catherine M. Sweeney‐Reed, Slawomir J. Nasuto, Martin Billinger, Gernot R. MÃ¼ller-Putz",nm000140,1
"Andreas Schwarz, Reinhold Scherer, David Steyrl, Josef Faller, Gernot Müller-Putz","nm000140,nm000171",2
"Reinhold Scherer, Carmen Vidaurre","nm000140,nm000144,nm000171",3
"Chuong Hoang Nguyen, George K. Karavas, Panagiotis Artemiadis",nm000140,1
"Lincong Pan, Kun Wang, Lichao Xu, Xinwei Sun, Weibo Yi, Minpeng Xu, Dong Ming","nm000140,nm000144",2
"Denis Delisle-Rodríguez, Leticia Silva, Teodiano Bastos-Filho",nm000140,1
"Iñaki Iturrate, Jonathan Grizou, Jason Omedes, Pierre‐Yves Oudeyer, Manuel Lopes, Luis Montesano","nm000140,nm000168",2
"Nataliya Kosmyna, Franck Tarpin-Bernard, Bertrand Rivet",nm000140,1
"Xu Duan, Songyun Xie, Xinzhou Xie, Klaus Obermayer, Yujie Cui, Zhenzhen Wang",nm000140,1
"Phairot Autthasan, Rattanaphon Chaisaen, Huy Phan, Maarten De Vos, Theerawit Wilaiprasitporn",nm000140,1
"Valeria Mondini, Anna Lisa Mangia, Angelo Cappello",nm000140,1
"Chayanin Tangwiriyasakul, Victor Mocioiu, Michel J. A. M. van Putten, Wim Rutten",nm000140,1
"Shizhe Wu, Kinkini Bhadra, Anne‐Lise Giraud, Silvia Marchesotti",nm000140,1
"Karina Statthaler, Andreas Schwarz, David Steyrl, Reinmar J. Kobler, Maria Katharina Höller, Julia Brandstetter, Lea Hehenberger, Marvin Bigga, Gernot Müller-Putz","nm000140,nm000144,nm000173",3
"Stefano Tortora, Gloria Beraldo, Francesco Bettella, Emanuela Formaggio, Maria Rubega, Alessandra Del Felice, Stefano Masiero, Ruggero Carli, Nicola Petrone, Emanuele Menegatti, Luca Tonin",nm000140,1
"Reinmar J. Kobler, Reinhold Scherer","nm000140,nm000171",2
"Xingchen Li, Xianlun Tang, Sichao Qiu, Xin Deng, Huiming Wang, Yin Tian",nm000140,1
"Tianwang Jia, Lubin Meng, Siyang Li, Jiajing Liu, Dongrui Wu",nm000140,1
"Jose Diogo Cunha, Serafeim Perdikis, Sebastian Halder, Reinhold Scherer",nm000140,1
"Jonas C. Ditz, Andreas Schwarz, Gernot Müller-Putz",nm000140,1
"Maitreyee Wairagkar, Yoshikatsu Hayashi, Slawomir J. Nasuto","nm000140,nm000141",2
"Andreas Schwarz, Julia Brandstetter, Joana Pereira, Gernot Müller-Putz","nm000140,nm000171",2
"Reinhold Scherer, Andreas Schwarz, Gernot Müller-Putz, Viktoria Pammer‐Schindler, Mariano Lloria García","nm000140,nm000144",2
"David Steyrl, Reinhold Scherer, Gernot Müller-Putz","nm000140,nm000171",2
"Hesam Sagha, Serafeim Perdikis, José del R. Millán, Ricardo Chavarriaga",nm000140,1
"Xiaotong Lu, Peng Ding, Siyu Li, Anmin Gong, Lei Zhao, Qian Qian, Lei Su, Yunfa Fu",nm000140,1
"Juho Lee, Jin Woo Choi, Su-Cheol Jo",nm000140,1
"Andreas Schwarz, Joana Pereira, Lydia Lindner, Gernot Müller-Putz",nm000140,1
"Reinhold Scherer, Josef Faller, Paul Sajda, Carmen Vidaurre","nm000140,nm000144",2
"Praveen K. Parashiva, A. P. Vinod",nm000140,1
"H.W. Ng, Cuntai Guan",nm000140,1
"Nahal Shahini, Zeinab Bahrami, Sobhan Sheykhivand, Saba Marandi, Morad Danishvar, Sebelan Danishvar, Yousef Roosta",nm000141,1
"Jung‐Hyun Park, Ho-Sang Moon, Hyunggun Kim, Sung-Taek Chung",nm000141,1
Debanjan Borthakur,nm000141,1
"Arhant Jain, Krishna Gurugubelli, Anil Kumar Vuppala, Kavita Vemuri",nm000141,1
"Runlin Dong, Xiaodong Zhang, Zhengzheng Zhou, W. Zha, Aibin Zhu",nm000141,1
"Paula G. Rodrigues, A. Fim-Neto, João Ricardo Sato, Diogo C. Soriano, Slawomir J. Nasuto",nm000141,1
"P. G. Rodrigues, D. Soriano, Arnaldo Fim Neto, S. Nasuto, A. K. Takahata, Santo André, Brazil",nm000141,1
"Jingfeng Bi, Ming Chu, Gang Wang, Xiao-Shan Gao",nm000142,1
"Dávid Gulyás, Mads Jochumsen",nm000142,1
"Zhibo Fu, Kam Pang So, Xiaoli Wu, Arthit Khotsaenlee, S. Wong, Chung Tin, R.H.M. Chan",nm000142,1
"Danilo Avola, Giancarlo Crocetti, Gian Luca Foresti, Daniele Pannone, Claudio Piciarelli, Amedeo Ranaldi, Davide Vittucci",nm000142,1
"Aoi Yoshida, Hikaru Sato, Siu Kang, Bunnoshin Ishikawa, Tadanori Fukami",nm000142,1
"Junkai Huang, Weixuan Huang, Tsz Ching Rachel Lin, Pengpai Wang, Chuanliang Han, Chi Man Wong, Paul Heinrich Bethge, Jeffrey Shaw, Rosa H. M. Chan",nm000142,1
"Tanuja Jayas, Adarsh A, Vivek Bs, Shivam Gupta, Kartik Muralidharan, Arpan Pal, Jayvardhana Gubbi",nm000142,1
"Benjamin Blankertz, Ryota Tomioka, Steven Lemm, Motoaki Kawanabe, Klaus‐Robert Müller",nm000143,1
"Benjamin Blankertz, Steven Lemm, Matthias S. Treder, Stefan Haufe, Klaus‐Robert Müller","nm000143,nm000189",2
"Benjamin Blankertz, Guido Dornhege, Matthias Krauledat, Klaus‐Robert Müller, Gabriel Curio",nm000143,1
"Benjamin Blankertz, K. Müller, Dean J. Krusienski, Gerwin Schalk, Jonathan R. Wolpaw, Alois Schlögl, G. Pfurtscheller, José del R. Millán, Michael Schröder, Niels Birbaumer",nm000143,1
"Ali Bashashati, Mehrdad Fatourechi, Rabab Ward, Gary E. Birch",nm000143,1
"Benjamin Blankertz, Claudia Sannelli, Sebastian Halder, Eva Maria Hammer, Andrea Kübler, Klaus‐Robert Müller, Gabriel Curio, Thorsten Dickhaus",nm000143,1
"S. Lemm, Benjamin Blankertz, Gabriel Curio, K. Müller",nm000143,1
"Steven Lemm, Benjamin Blankertz, Thorsten Dickhaus, Klaus‐Robert Müller",nm000143,1
"Mehrdad Fatourechi, Ali Bashashati, Rabab Ward, Gary E. Birch",nm000143,1
"Siamac Fazli, Jan Mehnert, Jens Steinbrink, Gabriel Curio, Arno Villringer, Klaus‐Robert Müller, Benjamin Blankertz",nm000143,1
"Carmen Vidaurre, Benjamin Blankertz",nm000143,1
"Klaus‐Robert Müller, Michael Tangermann, Guido Dornhege, Matthias Krauledat, Gabriel Curio, Benjamin Blankertz",nm000143,1
"Turky N. Alotaiby, Fathi E. Abd El‐Samie, Saleh A. Alshebeili, Ishtiaq Ahmad",nm000143,1
"Shangkai Gao, Yijun Wang, Xiaorong Gao, Bo Hong","nm000143,nm000190",2
"Pradeep Shenoy, Matthias Krauledat, Benjamin Blankertz, Rajesh P. N. Rao, Klaus‐Robert Müller",nm000143,1
"Christian Kothe, Scott Makeig",nm000143,1
"Stephan Waldert, Hubert Preißl, Évariste Demandt, Christoph Braun, Niels Birbaumer, Ad Aertsen, Carsten Mehring",nm000143,1
"Guido Dornhege, Benjamin Blankertz, Matthias Krauledat, Florian Losch, Gabriel Curio, K. Müller",nm000143,1
"Moritz Grosse‐Wentrup, Martin Buss",nm000143,1
"Yijun Wang, Shangkai Gao, Xiaorong Gao",nm000143,1
"Benjamin Blankertz, Guido Dornhege, Matthias Krauledat, K. Müller, Volker Kunzmann, Florian Losch, Gabriel Curio",nm000143,1
"Haiping Lu, How‐Lung Eng, Cuntai Guan, Konstantinos N. Plataniotis, A.N. Venetsanopoulos",nm000143,1
"Muhammad Naeem, C. Brunner, R. Leeb, B. Graimann, G. Pfurtscheller",nm000143,1
"Jinyi Long, Yuanqing Li, Hongtao Wang, Tianyou Yu, Jiahui Pan, Feng Li",nm000143,1
"S.G. Mason, Ali Bashashati, Mehrdad Fatourechi, Karla Félix Navarro, Gary E. Birch",nm000143,1
"Jing Jin, Ruocheng Xiao, Ian Daly, Yangyang Miao, Xingyu Wang, Andrzej Cichocki",nm000143,1
"Heung‐Il Suk, Seong–Whan Lee",nm000143,1
"Mahyar Hamedi, Sh-Hussain Salleh, Alias Mohd Noor",nm000143,1
"Shalu Chaudhary, Sachin Taran, Varun Bajaj, Abdulkadir Şengür",nm000143,1
"Fatemeh Fahimi, Strahinja Došen, Kai Keng Ang, Natalie Mrachacz‐Kersting, Cuntai Guan","nm000143,nm000172",2
"Wojciech Samek, Frank C. Meinecke, Klaus‐Robert Müller",nm000143,1
"Benjamin Blankertz, Motoaki Kawanabe, Ryota Tomioka, Friederike U. Hohlefeld, Klaus‐Robert Müller, Vadim V. Nikulin",nm000143,1
"Carmen Vidaurre, Claudia Sannelli, Klaus‐Robert Müller, Benjamin Blankertz","nm000143,nm000189",2
"Clemens Brunner, Muhammad Naeem, Robert Leeb, Bernhard Graimann, Gert Pfurtscheller",nm000143,1
"Weibo Yi, Shuang Qiu, Hongzhi Qi, Lixin Zhang, Baikun Wan, Dong Ming",nm000143,1
"Ahmed M. Azab, Lyudmila Mihaylova, Kai Keng Ang, Mahnaz Arvaneh",nm000143,1
"Ryota Tomioka, Klaus‐Robert Müller",nm000143,1
"Muhammad Zeeshan Baig, Nauman Aslam, Hubert P. H. Shum, Li Zhang",nm000143,1
"Muhammad Zeeshan Baig, Nauman Aslam, Hubert P. H. Shum",nm000143,1
"Ahmad Hassanpour, Majid Moradikia, Hojjat Adeli, Seyed Raouf Khayami, Pirooz Shamsinejadbabaki","nm000143,nm000172",2
"Hiroshi Higashi, Toshihisa Tanaka",nm000143,1
"Xiang Liao, Dezhong Yao, Dan Wu, Chaoyi Li",nm000143,1
"Jiankui Feng, Erwei Yin, Jing Jin, Rami Saab, Ian Daly, Xingyu Wang, Dewen Hu, Andrzej Cichocki","nm000143,nm000144",2
"Yijun Wang, Tzyy‐Ping Jung",nm000143,1
"Xinyang Yu, Pharino Chum, Kwee-Bo Sim",nm000143,1
"Yang Yu, Zongtan Zhou, Yadong Liu, Jun Jiang, Erwei Yin, Nannan Zhang, Zhihua Wang, Yaru Liu, Xingjie Wu, Dewen Hu",nm000143,1
"Shiu Kumar, Alok Sharma, Tatsuhiko Tsunoda",nm000143,1
"Eduardo López‐Larraz, Luis Montesano, Ãngel Gil-Agudo, Javier Mínguez",nm000143,1
"Hongtao Wang, Yuanqing Li, Jinyi Long, Tianyou Yu, Zhenghui Gu",nm000143,1
"Justin K. Rice, Chris Rorden, Jessica S. Little, Lucas C. Parra",nm000143,1
"Arkadiusz Stopczynski, Carsten Stahlhut, Jakob Eg Larsen, Michael Kai Petersen, Lars Kai Hansen",nm000143,1
"Min-Ho Lee, Siamac Fazli, Jan Mehnert, Seong‐Whan Lee",nm000143,1
"Gilles Blanchard, Benjamin Blankertz",nm000143,1
"Shiu Kumar, Alok Sharma, K. A. Mamun, Tatsuhiko Tsunoda",nm000143,1
"Temel Kayıkçıoğlu, Önder Aydemir",nm000143,1
"Sangtae Ahn, Sung Chan Jun",nm000143,1
"Dongrui Wu, Jung‐Tai King, Chun‐Hsiang Chuang, Chin‐Teng Lin, Tzyy‐Ping Jung",nm000143,1
"Cédric Gouy‐Pailler, Marco Congedo, Clemens Brunner, Christian Jutten, G. Pfurtscheller",nm000143,1
"Haiping Lu, Konstantinos N. Plataniotis, A.N. Venetsanopoulos",nm000143,1
"Enzeng Dong, Changhai Li, Liting Li, Shengzhi Du, Abdelkader Nasreddine Belkacem, Chao Chen",nm000143,1
"Shiliang Sun, Changshui Zhang",nm000143,1
"Dieter Devlaminck, Bart Wyns, Moritz Grosse‐Wentrup, Georges Otte, Patrick Santens",nm000143,1
"Paul S. Hammon, Scott Makeig, Howard Poizner, Emanuel Todorov, Virginia R. de",nm000143,1
"Zheng Yang Chin, Kai Keng Ang, Chuanchu Wang, Cuntai Guan, Haihong Zhang",nm000143,1
"Qingguo Wei, Yijun Wang, Xiaorong Gao, Shangkai Gao",nm000143,1
"Benjamin Blankertz, Guido Dornhege, Matthias Krauledat, Volker Kunzmann, Florian Losch, Gabriel Curio, Klaus-Robert Müller",nm000143,1
"George Townsend, B. Graimann, G. Pfurtscheller",nm000143,1
"Sachin Taran, Varun Bajaj",nm000143,1
"Haixian Wang, Wenming Zheng",nm000143,1
"Janne M. Hahne, B. Graimann, Klaus‐Robert Müller",nm000143,1
"Jaeyoung Shin, Jinuk Kwon, Chang‐Hwan Im",nm000143,1
"Wenlong Hang, Wei Feng, Ruoyu Du, Shuang Liang, Yan Chen, Qiong Wang, Xuejun Liu",nm000143,1
"Eunho Noh, Grit Herzmann, Tim Curran, Virginia R. de",nm000143,1
"Feifei Qi, Yuanqing Li, Wei Wu",nm000143,1
"Sébastien Mateo, Franck Di Rienzo, Vance Bergeron, Aymeric Guillot, Christian Collet, Gilles Rode",nm000144,1
"Dheeraj Rathee, Hubert Cecotti, Girijesh Prasad",nm000144,1
"Fanny Grosselin, Xavier Navarro‐Sune, Alessia Vozzi, Katerina Pandremmenou, Fabrizio De Vico Fallani, Yohan Attal, Mario Chávez",nm000144,1
"Salim Al‐Wasity, Stefan Vogt, Aleksandra Vučković, Frank Pollick",nm000144,1
"Fotis P. Kalaganis, Nikos A. Laskaris, Elisavet Chatzilari, Spiros Nikolopoulos, Ioannis Kompatsiaris",nm000144,1
J. Mladenović,nm000144,1
"Raechelle M. Gibson, Adrian M. Owen, Damian Cruse",nm000144,1
"Abdelkader Dairi, Nabil Zerrouki, Fouzi Harrou, Ying Sun",nm000144,1
"Johannes Y. Lee, SangJoon Lee, Abhishek Mishra, Yan Xu, Brandon McMahan, Brent Gaisford, Charles Kobashigawa, Mike Qu, Chang Xie, Jonathan C. Kao",nm000144,1
"Ömer Türk, Mesut Şeker, Veysi Akpolat, Mehmet Siraç Özerdem",nm000144,1
"Lezhi Chen, Zhuliang Yu, Jian Yang",nm000144,1
"Alex J. Horowitz, Christoph Guger, Milena Korostenskaja",nm000144,1
"Yulin Li, Liangwei Fan, Hui Shen, Dewen Hu",nm000144,1
"Yvonne Höller, Aljoscha Thomschewski, Andreas Uhl, Arne C. Bathke, Raffaele Nardone, Stefan Leis, Eugen Trinka, Peter Höller",nm000144,1
"Timon Klein, Piotr Minakowski, Sebastian Säger",nm000144,1
"Matthias R. Hohmann, Tatiana Fomina, Vinay Jayaram, Natalie Widmann, Christian Förster, Jennifer Just, Matthis Synofzik, Bernhard Schölkopf, Lüdger Schöls, Moritz Grosse‐Wentrup","nm000144,nm000188",2
"Navneet Tibrewal, Nikki Leeuwis, Maryam Alimardani",nm000144,1
"Sanaz Rezvani, SeyedHooman Hosseini-Zahraei, Amirreza Tootchi, Christoph Guger, Yasmin Chaibakhsh, Alia Saberi, Ali Chaibakhsh",nm000144,1
"Rozhin Yousefi, Alborz Rezazadeh Sereshkeh, Tom Chau","nm000144,nm000168",2
"Yuxuan Wei, Jie Li, Hongfei Ji, Lingjing Jin, Lingyu Liu, Zhongfei Bai, Chen Ye",nm000144,1
"Niloufar Samiee, Sepideh Hajipour Sardouie, Mohammad-Nadi, Foroughmand-Aarabi",nm000144,1
"P. Horki, G. Bauernfeind, G. Bauernfeind, W. Schippinger, G. Pichler, G. R. Müller-Putz",nm000144,1
"Niloufar Samiee, Sepideh Hajipour Sardouie, Mohammad-Hadi Foroughmand-Aarabi",nm000144,1
"Reinhold Scherer, Josef Faller, Eloy Opisso, Úrsula Costa, David Steyrl, Gernot Müller-Putz","nm000144,nm000171",2
"Catur Atmaji, Agfianto Eko Putra, Irvan Albab Tontowi",nm000144,1
Hanif Heidari,nm000144,1
"Lukas Großberger, Matthias Hohmann, J. Peters, M. Grosse-Wentrup",nm000144,1
"E. Bobrova, A. A. Frolov, A. A. Frolov, A. A. Frolov, V. Reshetnikova",nm000144,1
"Muhammad Wasim, Muhammad Sajjad, Farheen Ramzan, Usman Ghani, Waqar Mahmood",nm000144,1
"Duc Thien Pham, Maryam Khoshkhooy Titkanlou, Roman Mouček",nm000144,1
"Malik Muhammad Naeem Mannan, Dinesh Palipana, Kyle Mulholland, Evan Jurd, E. L. Lloyd, Alastair R. J. Quinn, Claire Crossley, Mohammad Fazle Rabbi, David G. Lloyd, Yang D. Teng, Claudio Pizzolato",nm000144,1
Oana-Diana Hrișcă-Eva,nm000144,1
"Ian Daly, Milan Rybář",nm000144,1
"Soheil Khooyooz, Sepideh Hajipour Sardouie",nm000144,1
Ezequiel Simeoni,nm000144,1
Salim Al‐Wasity,nm000144,1
"Esra Kaya, Ismail Sarıtas",nm000144,1
"Fortuna Galdieri, Mario R. Ortiz, Antonio Esposito, Iáñez Eduardo, José María Azorín, Pasquale Arpaïa",nm000144,1
"Reshma Kar, Anshul Kaushal, Sricheta Parui, Gulhan Bizel",nm000144,1
Rozhin Yousefi,nm000144,1
"Alba Amato, Vittorio Belardo, Domenico Di Sivo, Pietro Fusco, Salvatore Venticinque",nm000144,1
Nicolas Ivanov,nm000144,1
"Elisabeth V. C. Friedrich, Christa Neuper, Reinhold Scherer","nm000144,nm000171",2
"Amirali Rezaei, Sajjad Mohammadi Tappeh, Zahra Aqajanizadeh",nm000144,1
"Fateme Dehrouye-Semnani, N. M. Charkari, Seyed Mohammad Mehdi Mirbagheri",nm000144,1
"Xuelin Ma, Shuang Qiu, Wei Wei, Shengpei Wang, Huiguang He",nm000151,1
"Xuelin Ma, Shuang Qiu, Huiguang He","nm000151,nm000167,nm000173,on006126",4
"Ang Li, Zhenyu Wang, Xi Zhao, Tianheng Xu, Ting Zhou, Honglin Hu",nm000151,1
"David Achanccaray, Mitsuhiro Hayashibe",nm000151,1
"David Achanccaray, Shin‐Ichi Izumi, Mitsuhiro Hayashibe",nm000151,1
"Rui Zhang, Yadi Chen, Zongxin Xu, Lipeng Zhang, Yuxia Hu, Mingming Chen","nm000151,nm000173,nm000311",3
"Luis Hernández, Omar Mendoza-Montoya, Javier M. Antelis","nm000151,nm000173",2
"Eric James McDermott, Johanna Metsomaa, Paolo Belardinelli, Moritz Grosse‐Wentrup, Ulf Ziemann, Christoph Zrenner","nm000151,nm000173",2
"Andrej M. Savić, Susan Aliakbaryhosseinabadi, Jakob Udby Blicher, Dario Farina, Natalie Mrachacz‐Kersting, Strahinja Došen",nm000151,1
"Rami Alazrai, Amal Al-Saqqaf, Feras Al‐Hawari, Hisham Alwanni, Mohammad I. Daoud",nm000151,1
"Ernest Mihelj, Marc Bächinger, Sanne Kikkert, Kathy Ruddy, Nicole Wenderoth",nm000151,1
"Jonatan Tidare, Miguel León, Elaine Ästrand",nm000151,1
"Heba Aly, Sherin M. Youssef, Cherine Fathy",nm000151,1
"Yanjun Qin, Wenqi Zhang, Xiaoming Tao",nm000151,1
"Hengyang Wang, Dongcheng Lu, Li Liu, Han Gao, Rumeng Wu, Yueling Zhou, Qing Ai, You Wang, Guang Li",nm000151,1
"Luka Batistić, Diego Sušanj, Domagoj Pinčić, Sandi Ljubić","nm000151,nm000171",2
"Shan Guan, Jixian Li, Fuwang Wang, Zhen Yuan, Xiaogang Kang, Bin Lü, K Ang, Z Chin, H Zhang, C Guan, M Aljalal, R Djemal, Ibrahim, B Blankertz, C Sannelli, S Haider, E Hammer, A Kubler, K Muller, G Curio, T Dickhaus, S Bashar, A Hassan, Mih Bhuiyan, L Dilip, R Bhesdadiya, I Trivedi, P Jangir, Jmc Delgado, D Achanccaray, E Villota, S Chevallier, B Edelman, B Baxter, B He, T Hinterberger, S Schmidt, N Neumann, J Mellinger, B Blankertz, G Curio, N Birbaumer, Khemchandani Jayadeva, S Chandra, S Kumar, A Sharma, S Kumar, R Sharma, A Sharma, C Liu",nm000151,1
"Yaqi Chu, Xingang Zhao, Yijun Zou, He Zhang, Wei Xu, Yiwen Zhao",nm000151,1
"Teodiano Bastos-Filho, Ana Cecilia Villa-Parra, Cristian David Guerrero-Méndez, Aura Ximena González-Cely, Cristian Felipe Blanco-Díaz, Denis Delisle-Rodríguez, Tomohiko Igasaki",nm000151,1
"Shan Guan, Zhen Yuan, Fuwang Wang, Jixian Li, Xiaogang Kang, Bin Lü",nm000151,1
"Shams Al Ajrawi, Ramesh R. Rao, Mahasweta Sarkar",nm000151,1
"Hamidreza Abbaspour, Nasser Mehrshad, Seyyed Mohammad Razavi",nm000151,1
"Himanshu Rishikesh Giri, Pranshu Chandra Bhusan Singh Negi, Shiru Sharma, Neeraj Sharma","nm000151,nm000167",2
"Ali Abdul Ameer Abbas, Herminio Martínez García",nm000151,1
"Lei Zhu, Jie Yuan, Aiai Huang, Jianhai Zhang","nm000151,nm000167",2
"Aura Ximena González-Cely, Cristian Felipe Blanco-Díaz, Cristian David Guerrero-Méndez, Teodiano Bastos-Filho",nm000151,1
"Qing Cai, Chuan Liu, Anqi Chen",nm000151,1
"Germán Campos-Arteaga, Andrea Araneda, Sergio Ruíz, Eugenio Rodríguez, Ranganatha Sitaram",nm000151,1
"Cristian Felipe Blanco-Díaz, Aura Ximena González-Cely, Cristian David Guerrero-Méndez, Fernanda Souza, Diego César Terra de Andrade, Teodiano Bastos-Filho",nm000151,1
"T. V. Ahangama, I. A. Yalpathwala, T. Dassanayake, Kwangtaek Kim, G.M.K.G.G.B. Gurunayake, J. Wijayakulasooriya, Sri Lanka, N. Harischandra, R. Ranaweera","nm000151,nm000311",2
"Michael Pritchard, Felipe Campelo, Harry Goldingay","nm000151,nm000311",2
"E Saito, A. S. Pereira, Ana Paula Fontana, Antonio Mauricio Ferreira Leite Miranda de Sá, Juliana G. M. Soares, Carlos Júlio Tierra-Criollo",nm000151,1
"K Krishnamoorthy, L. Ashok Kumar","nm000151,nm000167",2
"E Saito, Gustavo F. M. da Silveira, Paulo José Guimarães Da-Silva, Antonio Mauricio Ferreira Leite Miranda de Sá, Carlos Júlio Tierra-Criollo",nm000151,1
"Yinghui Meng, Jiaoshuai Song, Wen Feng, Duan Li, Jiaofen Nan, Fubao Zhu, Changxiang Yuan","nm000151,nm000311",2
"Jun Zhi, Qichen Zhang, Yimin Li, Juqin Zhang, Peisen Liu, Jiaofen Nan, Yanting Li, Duan Li","nm000151,nm000311",2
"Cristian Felipe Blanco-Díaz, Aura Ximena González-Cely, Cristian David Guerrero-Méndez, Ana Cecilia Villa-Parra, Teodiano Bastos-Filho",nm000151,1
"Maged S. Al-Quraishi, Hira Tahir, Sami El-Ferik, Syed Saad Azhar Ali",nm000151,1
"Yuan Liu, Zhuolan Gui, Yan De, Zhuang Wang, Rui Gao, Na Han, Junying Chen, Jialing Wu, Dong Ming",nm000158,1
"Xin Zhang, Lin He, Qiang Gao, Ning Jiang",nm000158,1
"Yuyi Lu, Wenbo Wang, Baosheng Lian, Chencheng He",nm000158,1
"Renjie Lv, Wenwen Chang, Guanghui Yan, Wenchao Nie, Lei Zheng, Bin Guo, Muhammad Tariq Sadiq",nm000158,1
"Óscar Wladimir Gómez Morales, Diego Fabián Collazos-Huertas, Andrés Marino Álvarez-Meza, G. Castellanos-Domínguez",nm000158,1
"Shiyang Lv, Xiangying Ran, Mengsheng Xia, Yehong Zhang, Ting Pang, Xuezhi Zhou, Zongya Zhao, Yi Yu, Zhixian Gao",nm000158,1
"Xiaoyu Liao, Yu‐Er Jiang, Renjie Xu, Tingting Qian, Shi-Lu Liu, Yi Che",nm000158,1
"Sina Makhdoomi Kaviri, Ramana Vinjamuri",nm000158,1
"M. J. Darvishi, Bayazi Mila, Hena Ghonia, Roland Riachi, B. Aristimunha, Arian Khorasani, Amin Darabi, Guillaume Dumas, Irina Rish",nm000158,1
"Danyang Chen, Jian Shi, Bo Tao, Xingwei Zhao, Zhixian Zhao, Shengjie Li, Yeguang Xu, Tao Ding, Peng Zhang, Qing Ye, Kuiyou Chen, Zhuojin Wu, Yingxin Tang, Wei Jiang, Kai Shu, Li Huang, Zheng You, Ping Zhang, Zhouping Tang",nm000158,1
"Chayut Bunterngchit, Laith H. Baniata, Mohammad H. Baniata, Ashraf Aldabbas, Mohannad A. Khair, Thanaphon Chearanai, Sangwoo Kang",nm000158,1
"Chayut Bunterngchit, Jiaxing Wang, Jianqiang Su, Yihan Wang, Shi-Qi Liu, Zeng‐Guang Hou",nm000158,1
"Qiulei Han, Yan Sun, Hua Ye, Ze Song, Jian Zhao, Lijuan Shi, Zhejun Kuang",nm000158,1
"Bin Jiang, Xiangkai Wang, Dongyi He, Siyu Cheng, Maoyu Liao, Duoqian Miao, Qingling Xia, Yun Zhao, Gen Li",nm000158,1
"Donia Metwalli, Antony E. Kiroles, Yousef A. Radwan, Eslam Ahmed Mohamed, M. N. Barakat, Anas Ahmed, Amr Salah Omar, Sahar Selim",nm000158,1
"Jian Shi, Danyang Chen, Xingwei Zhao, Zhixian Zhao, Shengjie Li, Yeguang Xu, Tao Ding, Zheng Zhu, Peng Zhang, Qing Ye, Yingxin Tang, Ping Zhang, Bo Tao, Zhouping Tang, Bo Tao, Zhouping Tang",nm000158,1
"Jun Ma, Jingjing Zhang, Yanling Yang, Banghua Yang, Chunlei Shan","nm000158,nm000167",2
"Junfu Chen, Dechang Pi, Feng Gao, Cheng Ma, Yang Chen",nm000158,1
"Tao Liu, Ziwei Wang, Sadia Shakil, Raymond Kai‐Yu Tong","nm000158,nm000167",2
"Wanlin Yang, Chenyang Li, Xinxiu Xu, Xindong Wang, Yongcheng Guo, Xiaoke Chai, Tianqin Cao, Jiuxiang Song, Nan Wang, Xueming Zhang, Yi Yang, Cong Zheng, H. Cui",nm000158,1
"Bhoj Raj Thapa, John F. Boggess, Jihye Bae","nm000158,nm000167,nm000311",3
"Chongwen Zuo, Yi Yin, Haochong Wang, Zhiyang Zheng, Xiaoyan Ma, Yuan Yang, Jue Wang, Shan Wang, Zi‐Gang Huang, Chaoqun Ye",nm000158,1
"Ping Liu, Qianqian Ge, Linghui Dong, Jiao Li, Shuai Han, Xiaoyang Kang, Haochong Wang, Jianghong He, Hao Zhang",nm000158,1
"Dong-Jin Sung, Ji-Hyeok Jeong, Keun-Tae Kim, J. H. Lee, Song Joo Lee, Hyungmin Kim",nm000158,1
"Junlin Wang, Xiaodong Li, Xingyu Lu, Ningbo Fei, Wei Huang, Yong Hu",nm000158,1
"Virendra Kumar Tiwari, Priyanka Singh",nm000158,1
Chayut Bunterngchit,nm000158,1
"Wenwen Chang, Weixuan Kong, Guanghui Yan, Renjie Lv, Kaiyue Du, Muhammad Tariq Sadiq, Bin Guo, Rong Yin, Xuan Liu","nm000158,nm000167",2
"Vaishali Shirodkar, Damodar Reddy Edla, Annu Kumari, Melina Maria Afonso",nm000158,1
"Yun-Jeong Jang, Joohye Jeong, Yun Kwan Kim, Da‐Hye Kim, Wanjoo Park, Laehyun Kim, Yun‐Hee Kim, Minji Lee",nm000158,1
"Vaishali Shirodkar, Damodar Reddy Edla, Annu Kumari, Dharavath Ramesh",nm000158,1
"Zi Wang, DU Yi-min, Debin Guo, Hao Jiang, Zheng Li, Jianmin Wu, Jinghong Yang, Hongliang Li, Li Lei, Jun Fei, Zhong Li",nm000158,1
"Yamin Thwe, Dechrit Maneetham, Padma Nyoman Crisnapati",nm000158,1
"Jiahui Hong, Siqing Li, Muqing Jian, Luming Yang",nm000158,1
"Xiang Wang, Yun Zhao, Dongyi He, Qingling Xia, Gen Li, Xin Xing, Yu Pan, Bin Jiang",nm000158,1
"Xiangkai Wang, Yun Zhao, Dongyi He, Qingling Xia, Gen Li, Nizhuan Wang, Ningxiao Peng, Bin Jiang",nm000158,1
"Zhenxi Zhao, Yingyu Cao, Hongbin Yu, Huixian Yu, Junfen Huang",nm000158,1
"Abdelkader Nasreddine Belkacem, Abdelhadi Hireche",nm000158,1
"Chau Ma Thi, Hoang-Anh Nguyen The, Kien Nguyen Minh, Long Vu Thanh, Hieu Nguyen Dinh, Nhu-Y Huynh Thi, Thanh-Huong Ha Thi, Trong-Nghia Hoang Tien, Doan-Truc Au Dao, Kim-Long Nguyen Hoang, Vy Huynh Kha, T. Hoang",nm000158,1
"Yue Yang, Taohong Jia, Shiliang Liu, Zhonglong Luo, Mingxing Yang",nm000158,1
"Edgard J. Barazorda, D.S.V. BANDARA, Jumpei Arata",nm000158,1
"Songling Tian, Meirun Gao, Zhuoke Cai, Xiaoqian Qi, Feng He",nm000158,1
"Aditi Bose, Pragati Gupta, Kavita Vemuri, Dhiman Das, Dibakar Ghosh, Syamal Kumar Dana, Suman Saha, Chittaranjan Hens",nm000158,1
"Amit Kumar, Abhijit Bhattacharyya",nm000158,1
"Junhui Wang, Mingai Li",nm000158,1
"Leticia Silva, Jéssica Milanez Tosin Lima, Denis Delisle-Rodríguez, Teodiano Bastos-Filho",nm000158,1
"Zheng Dong, Xueliang Bao, Yabing Yang, Jibin Wu",nm000158,1
"Chengsi Hu, Qing Liu, C. F. Xu, Guanglin Li, Yongcheng Li",nm000158,1
"Shuaishi Liu, Wenkai Ji, Qiye Zhou, Xiaoqin Duan, Yi Jiang, Changxian Xu, Zaixiang Pang, Zhongbo Sun",nm000158,1
"L Zhang, Hanwen Zhang, Xiaomeng Fan, Qi Li",nm000158,1
"Zheng Dong, Yabing Yang, Xueliang Bao, Jiao Wu","nm000158,nm000167,nm000311",3
"Maged S. Al-Quraishi, Gamil Ahmed, Mahmoud S. AbouOmar, Fethi Ouerdane, Ahmed Eltayeb, Nezar M. Alyazidi, Syed Saad Azhar Ali","nm000158,nm000311",2
"Yi Yang, Ling He, Donghua Zheng, Di Wang, Yinhong An, Zhijun Yue",nm000158,1
"Lufeng Feng, Baomin Xu, Haoran Zhang, Bihai Lin, Zuxuan Deng, Sidi Tao, Chenyu Liu, Shifan Jia, Li Duan, Ziyu Jia",nm000158,1
"Aniana Cruz, Marko Kuzmanoski, Gabriel Pires",nm000158,1
"，赵志伟, ，单春雷",nm000158,1
"Haijie Liu, 卫鹏 胡, Haochong Wang, Xiaodong Lv, Wei Duan, Meijie Li, Yan Zhao, Qingmei Wang, Xinyuan Chen, Gaige Shi, Bo Han, Junwei Hao",nm000158,1
"Jarod L'evy, Mingfang Zhang, S. Pinet, Jérémy Rapin, Hubert J. Banville, Stéphane d’Ascoli, Jean-Rémi King",nm000161,1
"XU Guang-xiang, Zebin Wang, Kedi Xu, Junming Zhu, Jianmin Zhang, Yueming Wang, Yaoyao Hao",nm000161,1
"Seong-Hyun Yu, Hyeong-Yeong Park, Euijong Lee, Tae‐Eui Kam, Ji-Hoon Jeong",nm000161,1
"Markus R. Crell, Kyriaki Kostoglou, Patrick Suwandjieff, Janir Ramos Da Cruz, Gernot R. Müller-Putz","nm000161,nm000162",2
"Jagannath Mohan, L. Sriram, G. Sreenath, S. Sukhi Sudharshan, K. Adalarasu, Saravana Kumar Jaganathan",nm000161,1
"Zebin Wang, Guangxiang Xu, Bowen Yu, Kedi Xu, Junming Zhu, Gang Pan, Jianmin Zhang, Yueming Wang, Yaoyao Hao",nm000161,1
"Srinivas Ravishankar, Ishayu Ghosh, N. Zajzon, Teng Fei, V. D. Sa",nm000161,1
"Anant Jain, Ayush Tripathi",nm000161,1
"Srinivas Ravishankar, N. Zajzon, Virginia R. de Sa",nm000161,1
"Maxim Karrenbach, Hanwen Wang, Zachary Johnson, Yidan Ding, Bin He",nm000162,1
"Frédéric Dehais, Kalou Cabrera Castillos, Simon Ladouce, Pierre Clisson",nm000163,1
"Simon Ladouce, J J Torre Tresols, Kévin Le Goff, Frédéric Dehais",nm000163,1
"Sara Ahmadi, Peter Desain, Jordy Thielen",nm000163,1
"Milán András Fodor, Atilla Cantürk, Gernot Heisenberg, Ivan Volosyak",nm000163,1
"Selene Moreno-Calderón, Víctor Martínez-Cagigal, Ana Martín-Fernández, Eduardo Santamaría-Vázquez, Roberto Hornero",nm000163,1
"Ana Martín-Fernández, Víctor Martínez-Cagigal, Selene Moreno-Calderón, Eduardo Santamaría-Vázquez, Roberto Hornero",nm000163,1
"Ruxue Li, Zhenyu Wang, Xi Zhao, Guiying Xu, Honglin Hu, Ting Zhou, Tianheng Xu",nm000163,1
"Michael Tangermann, Sylvain Chevallier, Matthias Dold, Pierre Guetschel, Reinmar J. Kobler, Théodore Papadopoulo, Jordy Thielen",nm000163,1
"Hossein Hamidi Shishavan, Raheli Roy, Kia Golzari, Abhishek Singla, David Zalozhin, Danny J. Lohan, Muhamed Farooq, Ercan M. Dede, In-Soo Kim",nm000163,1
"Pietro Cimarosto, Sébastien Velut, Castillos-Cabrera Kalou, Torre Tresols Juan, Raphaëlle N. Roy, Frédéric Dehais",nm000163,1
"Mohammadreza Behboodi, Eli Kinney‐Lang, Ali Etemad, A. Kirton, Hatem Abou-Zeid",nm000163,1
"Kalou Cabrera Castillos, Simon Ladouce, Ludovic Darmet, Frédéric Dehais",nm000163,1
"Alix Gouret, Victor Woelffel, Alexandre Delaux, Solène Le Bars, Hazar Zilelioglu",nm000163,1
"J Gomel, Marie‐Constance Corsi, Frédéric Dehais",nm000163,1
"Gan Huang, Zhiheng Zhao, Shaorong Zhang, Zhenxing Hu, Jiaming Fan, Meisong Fu, Jiale Chen, Yaqiong Xiao, Jun Wang, Dan Guo",nm000166,1
"Csaba Márton Köllőd, András Adolf, Kristóf Iván, Gergely Márton, István Ulbert",nm000166,1
"Shihao Zhang, Wenting Yang, Haonan Mou, Zhaodi Pei, Fangyi Li, Xia Wu","ds000247,nm000166",2
"Himanshu Vadher, Pal Patel, Anuja Nair, Tarjni Vyas, Shivani Desai, Lata Gohil, Sudeep Tanwar, Deepak Garg, Anupam Singh",nm000166,1
"Pierre Guetschel, Sara Ahmadi, Michael Tangermann",nm000166,1
"Ali Derakhshesh, Zahra Dehghanian, Reza Ebrahimpour, Hamid R. Rabiee",nm000166,1
"Miguel A. Becerra, C. Duque-Mejía, Andrés Eduardo Castro-Ospina, Leonardo Serna-Guarín, Cristian Mejía, Eduardo Alexander Duque Grisales",nm000166,1
"Junjie Liu, Jun Xie, Qing Tao, Huanqing Zhang, Hu Wang, Bo Hu",nm000166,1
"Lijie Wang, Linqing Feng, Tao Tang, Dongping Yang, Yina Wei",nm000166,1
"Eden Shkury, Shani Danziger-Schragenheim, Zoya Katzir, Yael Ezra, Nir Giladi, Anat Mirelman, Inbal Maidan",nm000166,1
"Avinash Kumar Chaurasia, Matin Fallahi, Thorsten Strufe, Philipp Terhörst, Patricia Arias-Cabarcos",nm000166,1
"Hao Sun, Runyi Wang, Lei Xue, Li Zhang, Zhen Liang, Gan Huang",nm000166,1
"Or Oxenberg, Michael Fire, Galit Fuhrmann Alpert",nm000166,1
"Aashish Khilnani, Jyoti Singh Kirar, Ganga Ram Gautam",nm000166,1
"Yijing Gong, Min Wang, Yu Zhang, Wenjie Zhang, Shuchao Pang",nm000166,1
"Soudabeh Bolouri, Diksha Shukla",nm000166,1
"Cristina Andronache, Simona Juvină, Ana Neacșu",nm000166,1
"Xudong Guo, L. C. Liu, Sha Lu, Jiuyong Li, Thuc duy Le, Jixue Liu",nm000166,1
"Marissa de Ataide, Krishna Patel, Narayan Vetrekar, R. S. Gad",nm000166,1
"Marius-Alin Dragu, Irina-Emilia Nicolae, Mădălin-Corneliu Frunzete",nm000166,1
"Y.-T. Tu, S. L. Li, Xiaoqing Chen, Dongrui Wu",nm000166,1
"Min Wang, Gan Huang, Lei Yang",nm000166,1
"Ziyu Liu, Azadeh Alavi, Minyi Li, Xiang Zhang",nm000167,1
"Chi Sang Choy, Shaun L. Cloherty, Elena Pirogova, Qiang Fang",nm000167,1
"Yanbin He, Zhiyang Lu, Jun Wang, Shihui Ying, Jun Shi",nm000167,1
"Yuan Liu, Zhuang Wang, Shuaifei Huang, Wenjie Wang, Dong Ming",nm000167,1
"Chi Sang Choy, Qiang Fang, Katrina Neville, Bingrui Ding, Akshay Kumar, Seedahmed S. Mahmoud, Xudong Gu, Jianming Fu, Beth Jelfs",nm000167,1
"Jing Mang, Zhuo Xu, YingBin Qi, Ting Zhang",nm000167,1
"Soham Chattopadhyay, Laila Zary, Chai Quek, Dilip K. Prasad",nm000167,1
"Yanbin He, Zhiyang Lu, Jun Wang, Jun Shi",nm000167,1
"Yukun Zhang, Shuang Qiu, Wei Wei, Xuelin Ma, Huiguang He",nm000167,1
"Fenqi Rong, Banghua Yang, Cuntai Guan","nm000167,nm000311",2
"Ke Liu, Zhen Wang, Zhuliang Yu, Bin Xiao, Hong Yu, Wei Wu",nm000167,1
"Zhuang Wang, Yuan Liu, Shuaifei Huang, Shiyin Qiu, Yujian Zhang, Huimin Huang, Xingwei An, Dong Ming",nm000167,1
"Shuaishuai Ma, Jidong Lv, Wenjie Li, Yan Liu, Ling Zou, Yakang Dai",nm000167,1
"Qihong Yang, Mingzhao Yang, Ke Liu, Xin Deng",nm000167,1
"Ádám Gyula Nemes, György Eigner, Peng Shi",nm000167,1
"Weibo Yi, Jiaming Chen, Dan Wang, Xiaoling Hu, Meng Xu, Fangda Li, Shuhan Wu, Jin Qian",nm000167,1
"Yuan Liu, Zhuang Wang, Shuaifei Huang, Jinze Wei, Xiaoqi Li, Dong Ming",nm000167,1
"T.V. Ahangama, G.M.K.G.G.B. Gurunayake, I.A. Yalpathwala, Janaka Wijayakulasooriya, Tharaka L. Dassanayake, Nalin Harischandra, Kwangtaek Kim, Ruwan Ranaweera",nm000167,1
Ihab A. Satam,nm000167,1
"Zaineb Ajra, Binbin Xu, Gérard Dray, Jacky Montmain, Stéphane Perrey",nm000167,1
"Yinghui Meng, Nuo Zhu, Duan Li, Jiaofen Nan, Yongquan Xia, Yao Ni, Chuang Han","nm000167,nm000311",2
"Wen-Long Hu, Bowen Ji, Kunpeng Gao","nm000167,on004745",2
"Tianwei Lou, Xinting Zhang, Lei Jiang, Lei Chen, Licai Gao, Zhixiao Lun, Jincheng Li, Yang Zhang, Fangzhou Xu, Tzyy‐Ping Jung",nm000167,1
"Justin Sonntag, Lin Yu, Xilu Wang, Thomas Schack",nm000167,1
"Madoka MURAKAMI, Hisakazu Nakamura",nm000167,1
"Jiazhang Huang, Ke Liu, Xin Deng",nm000167,1
"Liang Chang, Banghua Yang, Jiayang Zhang, Tie Li, Juntao Feng, Wendong Xu",nm000167,1
"Minindu Liyanage, P.G.H.H. Gunasekara, Ramith Laksara, Ruwan Ranaweera, Janaka Wijayakulasooriya, Nalin Harischandra, Tharaka L. Dassanayake","nm000167,nm000311",2
"Ihab A. Satam, Róbert Szabolcsi",nm000167,1
"Madoka Murakami, Hisakazu Nakamura",nm000167,1
"Tianxing Wang, Jiaming Chen",nm000167,1
"wei jianqiu, Banghua Yang, Xiang Chen, Junhua Chen, Shuai Kuang","nm000167,nm000311",2
"Zhen Wang, Feifei Qi, Changchuan Chen, Zheyi Zhang, Ke Liu",nm000167,1
"Biao Wang, Lei Wang, Wenchang Xu, Hanbin Ren, Wenbo Cheng",nm000167,1
"Dang-Khoa Tran, Thanh-Hai Nguyen, Ba-Viet Ngo, Minh-Ly Lai, Thi-My-Kieu Ong, Thi-Minh Vu, Van-Minh Nguyen",nm000167,1
"Li Li, Yibi Jiang, Peng Zan, Jingwei Yue, Chunyong Li","ds002158,nm000167",2
"Xuelin Ma, Shuang Qiu, Changde Du, Junfeng Xing, Huiguang He",nm000167,1
"Ricardo Chavarriaga, A. Sobolewski, JosÃ© del R. MillÃ¡n",nm000168,1
"Han-Jeong Hwang, Soyoun Kim, Soobeom Choi, Chang‐Hwan Im",nm000168,1
"Minpeng Xu, Xiaolin Xiao, Yijun Wang, Hongzhi Qi, Tzyy‐Ping Jung, Dong Ming",nm000168,1
"Andrés F. Salazar-Gómez, Joseph DelPreto, Stephanie Gil, Frank H. Guenther, Daniela Rus",nm000168,1
"Abbas Rahimi, Pentti Kanerva, Luca Benini, Jan M. Rabaey",nm000168,1
"Laura Acqualagna, Benjamin Blankertz","nm000168,nm000190",2
"Iñaki Iturrate, Ricardo Chavarriaga, Luis Montesano, Javier Mínguez, José del R. Millán",nm000168,1
"Su Kyoung Kim, Elsa Andrea Kirchner, Arne Stefes, Frank Kirchner",nm000168,1
"Kyuhwa Lee, Dong Liu, Laetitia Perroud, Ricardo Chavarriaga, José del R. Millán","ds000248,nm000168",2
"H Zhang, Ricardo Chavarriaga, Zahra Khaliliardali, Liliana Gheorghe, Iñaki Iturrate, José del R. Millán",nm000168,1
"Saugat Bhattacharyya, Amit Konar, D. N. Tibarewala",nm000168,1
"Stefan K. Ehrlich, Gordon Cheng",nm000168,1
"Catarina Lopes-Dias, Andreea Ioana Sburlea, Gernot Müller-Putz",nm000168,1
"Ewart J. de Visser, Paul J. Beatty, Justin R. Estepp, Spencer Kohn, Abdulaziz Abubshait, John R. Fedota, Craig G. McDonald",nm000168,1
"Zhengwu Liu, Jie Mei, Jianshi Tang, Minpeng Xu, Bin Gao, Kun Wang, Sanchuang Ding, Qi Liu, Qi Qin, Weize Chen, Yue Xi, Yijun Li, Peng Yao, Han Zhao, Ngai Wong, He Qian, Bo Hong, Tzyy‐Ping Jung, Dong Ming, Huaqiang Wu",nm000168,1
"Abbas Rahimi, Artiom Tchouprina, Pentti Kanerva, José del R. Millán, Jan M. Rabaey",nm000168,1
"Adrien Martel, Sven Dähne, Benjamin Blankertz",nm000168,1
"Iñaki Iturrate, Luis Montesano, Javier Mínguez",nm000168,1
"Jérémy Frey, Christian Mühl, Fabien Lotte, Martin Hachet",nm000168,1
"Athina Tzovara, Micah M. Murray, Gijs Plomp, Michael H. Herzog, Christoph M. Michel, Marzia De Lucia",nm000168,1
"Akshay Kumar, Lin Gao, Elena Pirogova, Qiang Fang",nm000168,1
"Iñaki Iturrate, Ricardo Chavarriaga, Luis Montesano, Javier Mínguez, JdR Millán",nm000168,1
"Marcel F. Hinss, Emilie Jahanpour, Bertille Somon, Lou Pluchon, Frédéric Dehais, Raphaëlle N. Roy",nm000168,1
"Do-Yeun Lee, Ji-Hoon Jeong, Byeong-Hoo Lee, Seong–Whan Lee","nm000168,nm000173,nm000311",3
"Su Kyoung Kim, Elsa Andrea Kirchner",nm000168,1
"Sareh Saeedi, Ricardo Chavarriaga, José del R. Millán",nm000168,1
"Duo Xu, Mohit Agarwal, Ekansh Gupta, Faramarz Fekri, Raghupathy Sivakumar",nm000168,1
"Xavier Artusi, Imran Khan Niazi, Marie-Françoise Lucas, Dario Farina",nm000168,1
"Yang Li, Yuzhe Gu, Junchen Teng, Shuwen Zheng, Yuncong Pang, Xiao-Min Lu, Baoguang Liu, Shujuan Liu, Qiang Zhao",nm000168,1
"Timothy Zeyl, Erwei Yin, Michelle Keightley, Tom Chau",nm000168,1
"Alejandro Ojeda, Kenneth Kreutz-Delgado, Jyoti Mishra",nm000168,1
"Jason Omedes, Andreas Schwarz, Gernot Müller-Putz, Luis Montesano","nm000168,nm000173",2
"Jason Omedes, Iñaki Iturrate, Javier Mínguez, Luis Montesano",nm000168,1
"Rahul Ajmeria, Mayukh Mondal, Reya Banerjee, Tamesh Halder, Pallav Kumar Deb, Debasish Mishra, Pravanjan Nayak, Sudip Misra, Surjya K. Pal, Debashish Chakravarty",nm000168,1
"Jason Omedes, Iñaki Iturrate, Luis Montesano, Javier Mínguez",nm000168,1
"Mine Yasemin, Aniana Cruz, Urbano Nunes, Gabriel Pires",nm000168,1
"Alberto Llera, Vicenç Gómez, Hilbert J. Kappen",nm000168,1
"Aline Xavier Fidêncio, Christian Klaes, Ioannis Iossifidis",nm000168,1
"Sareh Saeedi, Ricardo Chavarriaga, Robert Leeb, José del R. Millán",nm000168,1
"Ricardo Chavarriaga, Xavier Perrin, Roland Siegwart, José del R. Millán",nm000168,1
"Bertille Somon, Aurélie Campagne, Arnaud Delorme, Bruno Berberian",nm000168,1
"Jonathan Grizou, Iñaki Iturrate, Luis Montesano, Pierre‐Yves Oudeyer, Manuel Lopes",nm000168,1
"Tian-jian Luo, Ya-chao Fan, Jitu Lv, Changle Zhou",nm000168,1
"Francesco Ferracuti, Valentina Casadei, Ilaria Marcantoni, Sabrina Iarlori, Laura Burattini, Andrea Monteriù, Camillo Porcaro",nm000168,1
"Errikos-Chaim Ventouras, Pantelis A. Asvestas, Irene S. Karanasiou, George K. Matsopoulos",nm000168,1
"Mahta Mousavi, Laurens R. Krol, Virginia R. de",nm000168,1
"Zifan Xue, Yunfan Zhang, Hui Li, Hongbin Chen, Shengnan Shen, Hejun Du",nm000168,1
"Huaijian Zhang, Ricardo Chavarriaga, José del R. Millán",nm000168,1
"Francesco Ferracuti, Alessandro Freddi, Sabrina Iarlori, Sauro Longhi, Andrea Monteriù, Camillo Porcaro",nm000168,1
"Huaijian Zhang, Ricardo Chavarriaga, Mansi Goel, Liliana Gheorghe, José del R. Millán",nm000168,1
"Fumiaki Iwane, A. Sobolewski, Ricardo Chavarriaga, José del R. Millán","ds002158,nm000168",2
"Tangfei Tao, Yaguang Jia, Guanghua Xu, Renghao Liang, Qiuxiang Zhang, Longting Chen, Yuxiang Gao, Ruiquan Chen, Xiaowei Zheng, Yunhui Yu",nm000168,1
"Fumiaki Iwane, Iñaki Iturrate, Ricardo Chavarriaga, José del R. Millán",nm000168,1
"Aniana Cruz, Gabriel Pires, Urbano Nunes",nm000168,1
"Vincent Rouanne, Thomas Costecalde, Alim Louis Benabid, Tetiana Aksenova",nm000168,1
"Sunny Arokia Swamy Bellary, James Conrad",nm000168,1
"Iñaki Iturrate, Ricardo Chavarriaga, José del R. Millán",nm000168,1
"Juan Manuel Mayor Torres, Tessa Clarkson, Evgeny A. Stepanov, Christian C. Luhmann, Matthew D. Lerner, Giuseppe Riccardi",nm000168,1
"Ricardo Chavarriaga, Andrea Biasiucci, Killian Förster, Daniel Roggen, Gerhard Tröster, José del R. Millán",nm000168,1
"Lucia Schiatti, Jacopo Tessadori, Nikhil Deshpande, Giacinto Barresi, Louis C. King, Leonardo S. Mattos",nm000168,1
"Fumiaki Iwane, Ricardo Chavarriaga, Iñaki Iturrate, José del R. Millán",nm000168,1
"Jason Omedes, Iñaki Iturrate, Ricardo Chavarriaga, Luis Montesano",nm000168,1
"Nile Rebecca Wilson, Devapratim Sarma, Jeremiah Wander, Kurt E. Weaver, Jeffrey G. Ojemann, Rajesh P. N. Rao",nm000168,1
"Akshay Kumar, Elena Pirogova, John Q. Fang",nm000168,1
"Franck Vidal, Borı́s Burle, Thierry Hasbroucq",nm000168,1
"Nayab Usama, Kasper Leerskov, Imran Khan Niazi, Kim Dremstrup, Mads Jochumsen",nm000168,1
"Akshay Kumar, Qiang Fang, Jianming Fu, Elena Pirogova, Xudong Gu",nm000168,1
"Akshay Kumar, Elena Pirogova, Seedahmed S. Mahmoud, Qiang Fang",nm000168,1
"Paula Soriano-Segura, Mario Ortíz, Eduardo Iáñez, José M. Azorín",nm000168,1
"Rytis Maskeliūnas, Robertas Damaševičius, Ignas Martišius, Mindaugas Vasiljevas",nm000169,1
"Laura Carelli, Federica Solca, Andrea Faini, P. Meriggi, Davide Sangalli, Pietro Cipresso, Giuseppe Riva, Nicola Ticozzi, Andrea Ciammola, Vincenzo Silani, Barbara Poletti",nm000169,1
"Jonathan S. Brumberg, Kevin M. Pitt, Alana Mantie-Kozlowski, Jeremy D. Burnison",nm000169,1
"Daniel Hölle, Joost Meekes, Martin G. Bleichner",nm000169,1
"Kun Xia, Włodzisław Duch, Yu Sun, Kedi Xu, Weili Fang, Hanbin Luo, Yi Zhang, Dong Sang, Xiaodong Xu, Fei–Yue Wang, Dongrui Wu",nm000169,1
"Boyla O. Mainsah, Leslie M. Collins, Kenneth A. Colwell, Eric W. Sellers, David B. Ryan, Kevin Caves, C S Throckmorton",nm000169,1
"Francesca Schettini, Angela Riccio, Luca Simione, Giulia Liberati, Mario Caruso, Vittorio Frasca, Barbara Calabrese, Massimo Mecella, Alessia Pizzimenti, Maurizio Inghilleri, Donatella Mattia, Febo Cincotti",nm000169,1
"Giulia Liberati, Alessia Pizzimenti, Luca Simione, Angela Riccio, Francesca Schettini, Maurizio Inghilleri, Donatella Mattia, Febo Cincotti",nm000169,1
"Berdakh Abibullaev, Amin Zollanvari",nm000169,1
"Felix Gembler, Piotr Stawicki, Ivan Volosyak",nm000169,1
"Giovanni Vecchiato, Gianluca Borghini, Pietro Aricò, Ilenia Graziani, Anton Giulio Maglione, Patrizia Cherubino, Fabio Babiloni",nm000169,1
"Sonja C. Kleih, Lea Gottschalt, Eva Teichlein, F. X. Weilbach",nm000169,1
"Jobin T. Philip, S. Thomas George",nm000169,1
"Yalda Shahriari, Theresa M. Vaughan, Lynn M. McCane, Brendan Z. Allison, Jonathan R. Wolpaw, Dean J. Krusienski",nm000169,1
"Xin Huang, Yilu Xu, Jing Hua, Wenlong Yi, Hua Yin, Rong‐Hua Hu, Shiyi Wang",nm000169,1
"Sonja C. Kleih, Andrea Kübler",nm000169,1
"Kevin M. Pitt, Jonathan S. Brumberg",nm000169,1
"Qiang Gao, Xuewen Zhao, Xiao Yu, Yu Song, Zhe Wang",nm000169,1
"Xianghao Kong, Wanzeng Kong, Qiaonan Fan, Qibin Zhao, Andrzej Cichocki",nm000169,1
"Montserrat Alvarado-González, Gibrán Fuentes-Pineda, Jorge Cervantes‐Ojeda",nm000169,1
"Kyungho Won, Moonyoung Kwon, Sehyeon Jang, Minkyu Ahn, Sung Chan Jun",nm000169,1
"Yangyang Miao, Erwei Yin, Brendan Z. Allison, Yu Zhang, Yan Chen, Yi Dong, Xingyu Wang, Dewen Hu, Andrzej Chchocki, Jing Jin",nm000169,1
"Philipp Kellmeyer, Moritz Grosse‐Wentrup, Andreas Schulze‐Bonhage, Ulf Ziemann, Tonio Ball","nm000169,nm000190",2
"Rodrigo Ramele, Ana Julia Villar, Juan Miguel Santos",nm000169,1
"Andrea Kübler, Donatella Mattia",nm000169,1
"Ricardo Ron-Angevín, Sergio Varona-Moya, Leandro da Silva‐Sauer","nm000169,nm000190",2
"Sonja C. Kleih, Andreas Herweg, Tobias Kaufmann, Pit Staiger-Sälzer, Natascha Gerstner, Andrea Kübler","nm000169,nm000190",2
"Qi Li, Zhaohua Lu, Ning Gao, Jingjing Yang",nm000169,1
"Angela Riccio, Francesca Schettini, Luca Simione, Alessia Pizzimenti, Maurizio Inghilleri, Marta Olivetti-Belardinelli, Donatella Mattia, Febo Cincotti","nm000169,nm000188",2
"Barbara Poletti, Laura Carelli, Federica Solca, Annalisa Lafronza, Elisa Pedroli, Andrea Faini, Stefano Zago, Nicola Ticozzi, Andrea Ciammola, Claudia Morelli, P. Meriggi, Pietro Cipresso, Dorothée Lulé, Albert C. Ludolph, Giuseppe Riva, Vincenzo Silani",nm000169,1
"Seyyed Bahram Borgheai, Roohollah Jafari Deligani, John McLinden, Alyssa Hillary Zisk, Sarah Ismail Hosni, Mohammadreza Abtahi, Kunal Mankodiya, Yalda Shahriari",nm000169,1
"Sourav Kundu, Samit Ari",nm000169,1
"Shurui Li, Jing Jin, Ian Daly, Chang Liu, Andrzej Cichocki",nm000169,1
"Alyssa Hillary Zisk, Seyyed Bahram Borgheai, John McLinden, Sarah Ismail Hosni, Roohollah Jafari Deligani, Yalda Shahriari","nm000169,nm000188",2
"Yingying Wu, Man Li, Jing Wang",nm000169,1
"Hongtao Wang, Zehui Wang, Yu Sun, Zhen Yuan, Tao Xu, Junhua Li","nm000169,on004018",2
"Yiyuan Han, Philipp Ziebell, Angela Riccio, Sebastian Halder",nm000169,1
"Jinendra Ekanayake, Chloe Hutton, Gerard R. Ridgway, Frank Scharnowski, Nikolaus Weiskopf, Geraint Rees",nm000169,1
"Angela Riccio, Francesca Schettini, Valentina Galiotta, Enrico Giraldi, Maria Grazia Grasso, Febo Cincotti, Donatella Mattia",nm000169,1
"Mahnoosh Tajmirriahi, Zahra Amini, Hossein Rabbani, Rahele Kafieh",nm000169,1
"Jiaqi Wang, Shuoyan Xu, Yanning Dai, Shuo Gao",nm000169,1
"Berdakh Abibullaev, Kassymzhomart Kunanbayev, Amin Zollanvari","nm000169,nm000188",2
"Matheus G. Mussi, Kim Adams",nm000169,1
"Jonathan S. Brumberg, Anh Tuan Nguyen, Kevin M. Pitt, Sean Lorenz",nm000169,1
"Zhen Zhang, Xiaoyan Yu, Xianwei Rong, Makoto Iwata",nm000169,1
"Luigi Bianchi, Chiara Liti, Veronica Piccialli","nm000169,nm000188",2
"Jane E. Huggins, Dean J. Krusienski, Mariska J. Vansteensel, Davide Valeriani, Antonia Thelen, Sergey D. Stavisky, James J. S. Norton, Anton Nijholt, Gernot Müller-Putz, Nataliya Kosmyna, Louis Korczowski, Christoph Kapeller, Christian Herff, Sebastian Halder, Christoph Guger, Moritz Grosse‐Wentrup, Robert A. Gaunt, Aliceson Nicole Dusang, Pierre Clisson, Ricardo Chavarriaga, Charles W. Anderson, Brendan Z. Allison, Tetiana Aksenova, Erik J. Aarnoutse",nm000169,1
"Yang Chang, Congying He, Bo-Yu Tsai, Li‐Wei Ko",nm000169,1
"Luigi Bianchi, Chiara Liti, Giampaolo Liuzzi, Veronica Piccialli, Cecilia Salvatore","nm000169,nm000188",2
"Seyyed Bahram Borgheai, Roohollah Jafari Deligani, John McLinden, Mohammadreza Abtahi, Sarah Ostadabbas, Kunal Mankodiya, Yalda Shahriari",nm000169,1
"Vibha Bhandari, Narendra D. Londhe, Ghanahshyam B. Kshirsagar",nm000169,1
"Yuxuan Zhu, Yong Peng, Yang Song, Kenji Ozawa, Wanzeng Kong",nm000169,1
"Angela Renton, David R. Painter, Jason B. Mattingley",nm000169,1
"Mohammad Norizadeh Cherloo, Amir Mohammad Mijani, Liang Zhan, Mohammad Reza Daliri",nm000169,1
"Jan Sosulski, Jan-Philipp Kemmer, Michael Tangermann","nm000169,nm000188",2
"Ayana Mussabayeva, Prashant K. Jamwal, Muhammad Tahir Akhtar",nm000169,1
"Mohammad Amini, Vahid Shalchyan",nm000169,1
"Andrew Geronimo, Zachary Simmons",nm000169,1
"Jiayun Hou, Yali Li, Hongma Liu, Shengjin Wang",nm000169,1
"Hossein Ahmadi, Ali Kuhestani, Luca Mesin","nm000169,nm000188",2
"Fatıh Altindış, Antara Banerjee, Ronald Phlypo, Bülent Yılmaz, Marco Congedo",nm000169,1
"Ana Rita Teixeira, Ana Maria Tomé, Luís Roseiro, Anabela Gomes",nm000169,1
Jean Daly,nm000169,1
"Amanda Sargent, Terry Heiman‐Patterson, Sara Feldman, Patricia A. Shewokis, Hasan Ayaz",nm000169,1
"Roohollah Jafari Deligani, Sarah Ismail Hosni, Theresa M. Vaughan, Lynn M. McCane, Debra Zeitlin, Dennis J. McFarland, Dean J. Krusienski, Yalda Shahriari",nm000169,1
"Quentin Barthélemy, Sylvain Chevallier, Raphaëlle Bertrand-Lalo, Pierre Clisson",nm000169,1
"Kyungho Won, Moonyoung Kwon, Sunghan Lee, Sehyeon Jang, Jongmin Lee, Minkyu Ahn, Sung Chan Jun",nm000169,1
"Hossein Ahmadi, L. Mesin",nm000169,1
"Manuel Eder, Jiachen Xu, Moritz Grosse-Wentrup",nm000169,1
"Steven Mortier, Renata Turkeš, Jorg De Winne, Wannes Van Ransbeeck, Dick Botteldooren, Paul Devos, Steven Latré, Marc Leman, Tim Verdonck",nm000169,1
"Fırat Orhanbulucu, Fatma Lati̇foğlu","nm000169,nm000188",2
"Yidan Ding, Chalisa Udompanyawit, Yisha Zhang, Bin He","nm000170,nm000173",2
"Joshua Kosnoff, Kai Yu, Chang Liu, Bin He",nm000170,1
"Jiarong Wang, Luzheng Bi, Weijie Fei","nm000170,nm000173",2
"Shangen Zhang, Xiaorong Gao, Xiaogang Chen",nm000170,1
"Valeria Mondini, Andreea Ioana Sburlea, Gernot Müller-Putz","nm000170,nm000173",2
"Xiong Xiong, Ying Wang, Tianyuan Song, Jinguo Huang, Guixia Kang",nm000170,1
"Markus R. Crell, Gernot Müller-Putz",nm000170,1
"Hannah Pulferer, Kyriaki Kostoglou, Gernot Müller-Putz",nm000170,1
"Hannah Pulferer, Gernot Müller-Putz",nm000170,1
"Sutirtha Ghosh, Rohit Yadav, Sunaina Soni, Shivangi Giri, Suriya Prakash Muthukrishnan, Lalan Kumar, Shubhendu Bhasin, Sitikantha Roy",nm000170,1
"Nitikorn Srisrisawang, Gernot Müller-Putz","nm000170,nm000173",2
"P Cimarosto, Kyriaki Kostoglou, Luca Tonin, Gernot Müller-Putz",nm000170,1
"Markus R. Crell, Markus R. Crell, Gernot Müller-Putz",nm000170,1
"Hannah Pulferer, Cuntai Guan, Gernot Müller-Putz",nm000170,1
"Kyriaki Kostoglou, Gernot R. Müller-Putz",nm000170,1
"Zhijun Li, Suna Zhao, Jiding Duan, Chun‐Yi Su, Chenguang Yang, Xingang Zhao",nm000171,1
"René J. Huster, Zacharais N. Mokom, Stefanie Enriquez‐Geppert, Christoph S. Herrmann",nm000171,1
"Jack Zhang, Zeanna Jadavji, Ephrem Zewdie, Adam Kirton",nm000171,1
"Elisabeth V. C. Friedrich, Reinhold Scherer, Christa Neuper",nm000171,1
"Silvia Orlandi, Sarah Catherine House, Petra Karlsson, Rami Saab, Tom Chau",nm000171,1
"Stefanie Enriquez‐Geppert, René J. Huster, Robert Scharfenort, Zacharais N. Mokom, Johannes Vosskuhl, Christian Figge, Jörg Zimmermann, Christoph S. Herrmann",nm000171,1
"Hubert Banville, Tiago H. Falk",nm000171,1
"Hitesh Yadav, Surita Maini",nm000171,1
"Farajollah Tahernezhad-Javazm, Vahid Azimirad, Maryam Shoaran","nm000171,nm000188",2
"Ting Li, Jun Hong, Jinhua Zhang, Feng Guo",nm000171,1
"Zeanna Jadavji, Jack Zhang, Brett Paffrath, Ephrem Zewdie, Adam Kirton",nm000171,1
"Hubert Banville, Rishabh Gupta, Tiago H. Falk",nm000171,1
"Yuxia Yuan, Wenbin Su, Zhijun Li, Guangming Shi",nm000171,1
"Pedro Ponce, Arturo Molina, C. David, Dimitra Grammatikou",nm000171,1
"Élise Labonté-LeMoyne, François Courtemanche, Victoire Louis, Marc Frédette, Sylvain Sénécal, Pierre‐Majorique Léger",nm000171,1
"Andreas Schwarz, David Steyrl, Gernot Müller-Putz",nm000171,1
"Zeanna Jadavji, Adam Kirton, Megan J. Metzler, Ephrem Zewdie",nm000171,1
"Brendan Z. Allison, Woosang Cho, Rupert Ortner, Alexander Heilinger, Guenter Edlinger, Christoph Guger",nm000171,1
"Chongli Gao, Mingyue Xia, Zhehao Zhang, Yongpeng Han, Yaxin Gu",nm000171,1
"David Balderas, Arturo Molina, Pedro Ponce",nm000171,1
"Cristian-Cezar Postelnicu, Florin Gîrbacia, Gheorghe-Daniel Voinea, Răzvan Gabriel Boboc",nm000171,1
"Christoph Kapeller, Rupert Ortner, Gunther Krausz, Markus Brückner, Brendan Z. Allison, Christoph Guger, Günter Edlinger",nm000171,1
"Christoph Guger, Brendan Z. Allison, Günter Edlinger",nm000171,1
"David Balderas Silva, P. Ponce, Diego Lopez-Bernal, A. Molina",nm000171,1
C. Jeunet,nm000171,1
"Zheng Li, Chenguang Yang, Suna Zhao, Ning Wang, Chiu-Hun Su",nm000171,1
"Hyonyoung Shin, Daniel Suma, Bin He",nm000171,1
"Tae‐Ju Lee, Seung Min Park, Kwee-Bo Sim",nm000171,1
"Harishchander Anandaram, Kawerinder Singh Sidhu, R. Kiruthigha, Nitish Pathak, Abhijeet Sudhakar, Neelam Sharma, Kapil Joshi",nm000171,1
"Hadi Mohammadpour, Sarah Power",nm000171,1
Kijpokin Kasemsap,nm000171,1
"Neda pourghanbarkaleibar, Peyman Jabraelzade, A. Andalib",nm000171,1
E. Forney,nm000171,1
Hubert J. Banville,nm000171,1
"Dongrui Wu, Xue Jiang, Ruimin Peng",nm000171,1
"Junjian Chen, Zhuliang Yu, Zhenghui Gu, Yuanqing Li",nm000171,1
"Xiaoqian Mao, Mengfan Li, Wei Li, Linwei Niu, Bin Xian, M. Zeng, Genshe Chen",nm000171,1
"Lubin Meng, Jian Huang, Zhigang Zeng, Xue Jiang, Shan Yu, Tzyy‐Ping Jung, Chin‐Teng Lin, Ricardo Chavarriaga, Dongrui Wu",nm000171,1
"Samrudhi Mohdiwale, Mridu Sahu, G. R. Sinha, Vikrant Bhateja",nm000171,1
"Phairot Autthasan, Rattanaphon Chaisaen, Huy Phan, M. D. Vos, Theerawit Wilaiprasitporn",nm000171,1
"Ruoqi Zhao, Yuwen Wang, Xiangxin Cheng, Wanlin Zhu, Xia Meng, Haijun Niu, Jian Cheng, Tao Liu",nm000171,1
"Yuxuan Huang, Jianxu Zheng, Binxing Xu, Xuhang Li, Yu Liu, Zijian Wang, Hua Feng, Shiqi Cao",nm000171,1
"Juan M. Chau, David Achanccaray, Elizabeth Villota, Sylvain Chevallier",nm000171,1
"Yanqing Dong, Xin Wen, Fang Gao, Chengxin Gao, Ruochen Cao, Ruochen Cao, Jie Xiang, Rui Cao, Rui Cao",nm000171,1
"Md Ferdous Wahid, Reza Tafreshi",nm000171,1
"Samrudhi Mohdiwale, Mridu Sahu, G. R. Sinha, Humaira Nisar",nm000171,1
"Olawunmi George, Sarthak Dabas, A. Sikder, Sheikh Iqbal Ahamed, Roger K W Smith, P. Madiraju, Nasim Yahyasoltani",nm000171,1
"Mridu Sahu, Sneha Shukla",nm000171,1
"Weihai Huang, Xinyue Liu, Weize Yang, Yihua Li, Qiyan Sun, Xiangzeng Kong",nm000171,1
"César J. Ortiz‐Echeverri, Omar Paredes, Sebastián Salazar-Colores, Juvenal Rodríguez‐Reséndiz, Rebeca Romo‐Vázquez",nm000171,1
"Sepehr Asgarian, Z. Wang, Feng Wan, C. Wong, Feng Liu, Yalda Mohsenzadeh, Boyu Wang, Charles X. Ling",nm000171,1
"Mridu Sahu, Yash Sharma, Divya Sharma, Suyash Bajpai",nm000171,1
"Humaira Nisar, Tang Chee Hoe, Rab Nawaz",nm000171,1
"Sijia Zhao, Ke Liu, Xin Deng",nm000171,1
"Young-Tak Kim, Seung-Bo Lee, Hakseung Kim, Ji-Hoon Jeong, Seong–Whan Lee, Dong‐Joo Kim",nm000171,1
"Yizhen Li, Enze Chen, Xiaolin Xiao, Minpeng Xu, Ming Dong","nm000171,on004018",2
"Rahul Kumar, Mridu Sahu, Samrudhi Mohdiwale",nm000171,1
"Shweta Thakur, Samriti Thakur, Aryan Rana, Pankaj Kumar, Kranti Kumar, Chien‐Ming Chen",nm000171,1
"S R Niveditha, D. Shobana, S. Visudha, P.M. Yazhini",nm000171,1
"Sami Dalhoumi, Gérard Dray, Jacky Montmain, Stéphane Perrey",nm000171,1
"Claudia Ivette Ledesma‐Ramírez, Erik Bojorges-Valdez, Óscar Yáñez-Suárez, Omar Piña-Ramírez",nm000171,1
Er. Shrawan Thakur,nm000171,1
"David Steyrl, Reinhold Scherer, Oswin Förstner, Gernot R. Müller-Putz",nm000171,1
"Pratyay Das, Amit Kumar Shankar, Ahona Ghosh, Sriparna Saha",nm000171,1
Chee Hoe Tang,nm000171,1
"L. Batistić, Sandi Ljubić, Karlo Griparic, Diego Sušanj",nm000171,1
"Zuguang Rao, Zilin Lu, Jing Xiao, Kendi Li, Mengnan Zhu, Zijing Guan, Yantao Chen, Hui Cao, Yuanqing Li",nm000171,1
Hyun Seok Kim,nm000171,1
Brighty Licy Pious,nm000171,1
"Yonghao Song, Qingqing Zheng, Bingchuan Liu, Xiaorong Gao",nm000172,1
"Syed Umar Amin, Mansour Alsulaiman, Ghulam Muhammad, Mohamed Amine Mekhtiche, M. Shamim Hossain",nm000172,1
"Hamdi Altaheri, Ghulam Muhammad, Mansour Alsulaiman",nm000172,1
"Dongrui Wu, Yifan Xu, Bao‐Liang Lu",nm000172,1
"Xiaotong Gu, Zehong Cao, Alireza Jolfaei, Peng Xu, Dongrui Wu, Jung, T-P, Lin, C-T",nm000172,1
"Hauke Dose, Jakob S. Møller, Helle K. Iversen, Sadasivan Puthusserypady",nm000172,1
"Dalin Zhang, Lina Yao, Kaixuan Chen, Sen Wang, Xiaojun Chang, Yunhao Liu",nm000172,1
"Oyeon Kwon, Min-Ho Lee, Cuntai Guan, Seong–Whan Lee",nm000172,1
"Yi Ding, Neethu Robinson, Su Zhang, Qiuhao Zeng, Cuntai Guan",nm000172,1
"Guanghai Dai, Jun Zhou, Jiahui Huang, Ning Wang",nm000172,1
"Ji-Hoon Jeong, Kyung-Hwan Shim, Dong‐Joo Kim, Seong–Whan Lee","nm000172,nm000173",2
"Fatemeh Fahimi, Zhuo Zhang, Wooi Boon Goh, Tih-Shi Lee, Kai Keng Ang, Cuntai Guan",nm000172,1
"Pengbo Zhang, Xue Wang, Weihang Zhang, Junfeng Chen",nm000172,1
"Hubert Banville, Omar Chehab, Aapo Hyvärinen, Denis A. Engemann, Alexandre Gramfort",nm000172,1
"Yang Li, Xian-Rui Zhang, Bin Zhang, Meng-Ying Lei, Weigang Cui, Yuzhu Guo",nm000172,1
"Lukas Gemein, Robin Tibor Schirrmeister, Patryk Chrabąszcz, Daniel Wilson, Joschka Boedecker, Andreas Schulze‐Bonhage, Frank Hutter, Tonio Ball",nm000172,1
"Octave Etard, Tobias Reichenbach",nm000172,1
"Miguel Angrick, Christian Herff, Emily M. Mugler, Matthew C. Tate, Marc W. Slutzky, Dean J. Krusienski, Tanja Schultz",nm000172,1
"Paul Dominick E. Baniqued, Emily C. Stanyer, Muhammad Awais, Ali Alazmani, Andrew Jackson, Mark Mon‐Williams, Faisal Mushtaq, Raymond Holt",nm000172,1
"Dalin Zhang, Lina Yao, Kaixuan Chen, Jessica J. M. Monaghan",nm000172,1
"Zhongke Gao, Weidong Dang, Xinmin Wang, Xiaolin Hong, Linhua Hou, Kai Ma, Matjaž Perc",nm000172,1
"Hong Zeng, Yang Chen, Guojun Dai, Feiwei Qin, Jianhai Zhang, Wanzeng Kong",nm000172,1
"Alexandre Défossez, Charlotte Caucheteux, Jérémy Rapin, Ori Kabeli, Jean-Rémi King","ds000248,nm000172",2
"Debashis Das Chakladar, Shubhashis Dey, Partha Pratim Roy, Debi Prosad Dogra",nm000172,1
"Eduardo Santamaría-Vázquez, Víctor Martínez-Cagigal, Fernando Vaquerizo-Villar, Roberto Hornero",nm000172,1
"Dalin Zhang, Kaixuan Chen, Jian Debao, Lina Yao",nm000172,1
"Yang Li, J.J. Chen, Fu Li, Boxun Fu, Hao Wu, Youshuo Ji, Yijin Zhou, Yi Niu, Guangming Shi, Wenming Zheng",nm000172,1
"Hongli Li, Man Ding, Ronghua Zhang, Chunbo Xiu",nm000172,1
"Yang Li, Yu Liu, Yuzhu Guo, Xiaofeng Liao, Bin Hu, Tao Yu",nm000172,1
"Mohammad-Parsa Hosseini, Dario Pompili, Kost Elisevich, Hamid Soltanian‐Zadeh",nm000172,1
"Hao Wu, Yi Niu, Fu Li, Yuchen Li, Boxun Fu, Guangming Shi, Minghao Dong",nm000172,1
"Theerawit Wilaiprasitporn, Apiwat Ditthapron, Karis Matchaparn, Tanaboon Tongbuasirilai, Nannapas Banluesombatkul, Ekapol Chuangsuwanich",nm000172,1
"Amir Jalaly Bidgoly, Hamed Jalaly Bidgoly, Zeynab Arezoumand",nm000172,1
"Zhongke Gao, Xinmin Wang, Yuxuan Yang, Yanli Li, Kai Ma, Guanrong Chen",nm000172,1
"Xianlun Tang, Wei Li, Xingchen Li, Weichang Ma, Xiaoyuan Dang",nm000172,1
"Yi Ding, Neethu Robinson, Chengxuan Tong, Qiuhao Zeng, Cuntai Guan",nm000172,1
"Nadia Mammone, Cosimo Ieracitano, Francesco Carlo Morabito","nm000172,nm000173",2
"Zhengqing Miao, Meirong Zhao, Xin Zhang, Dong Ming","ds000248,nm000172",2
"Yimin Hou, Lu Zhou, Shuyue Jia, Xiangmin Lun","ds000246,nm000172",2
"Jerrin Thomas Panachakel, Angarai Ganesan Ramakrishnan",nm000172,1
"Ghulam Muhammad, M. Shamim Hossain, Neeraj Kumar",nm000172,1
"Yaqing Zhang, Jinling Chen, Jen Hong Tan, Yuxuan Chen, Yunyi Chen, Dihan Li, Lei Yang, Jian Su, Xin Huang, Wenliang Che",nm000172,1
"Abbas Salami, Javier Andreu-Pérez, Helge Gillmeister",nm000172,1
"F. Mattioli, Camillo Porcaro, Gianluca Baldassarre",nm000172,1
"Donglin Li, Jiacan Xu, Jianhui Wang, Xiaoke Fang, Ying Ji",nm000172,1
"Patrick Ofner, Andreas Schwarz, Joana Pereira, Daniela Wyss, Renate Wildburger, Gernot Müller-Putz",nm000173,1
"Eduardo López‐Larraz, Andrea Sarasola-Sanz, Nerea Irastorza-Landa, Niels Birbaumer, Ander Ramos‐Murguialday",nm000173,1
"Dongye Zhao, Fengzhen Tang, Bailu Si, Xisheng Feng",nm000173,1
"Ji-Hoon Jeong, No-Sang Kwak, Cuntai Guan, Seong–Whan Lee",nm000173,1
"Cosimo Ieracitano, Nadia Mammone, Amir Hussain, Francesco Carlo Morabito",nm000173,1
"Jeong-Hyun Cho, Ji-Hoon Jeong, Seong-Whan Lee","nm000173,nm000311",2
"Valeria Mondini, Reinmar J. Kobler, Andreea Ioana Sburlea, Gernot Müller-Putz",nm000173,1
"Richard Krauth, Johanna Schwertner, Susanne Vogt, Sabine Lindquist, Michael Sailer, Almut Sickert, Juliane Lamprecht, Serafeim Perdikis, Tiffany Corbet, José del R. Millán, Hermann Hinrichs, Hans‐Jochen Heinze, Catherine M. Sweeney‐Reed",nm000173,1
"Hyemin S. Lee, Leonhard Schreiner, Seong-Hyeon Jo, Sebastian Sieghartsleitner, Michael I. Jordan, Harald Pretl, Christoph Guger, Hyung‐Soon Park",nm000173,1
"Ajay Kumar Maddirala, Kalyana C. Veluvolu",nm000173,1
"Iñaki Iturrate, Ricardo Chavarriaga, Michael Pereira, Huaijian Zhang, Tiffany Corbet, Robert Leeb, José del R. Millán",nm000173,1
"Mahdieh Mohseni, Vahid Shalchyan, Mads Jochumsen, Imran Khan Niazi",nm000173,1
"Cosimo Ieracitano, Francesco Carlo Morabito, Amir Hussain, Nadia Mammone",nm000173,1
"Hamidreza Namazi, Tirdad Seifi, Vladimír Kulish",nm000173,1
"Jeong-Hyun Cho, Ji-Hoon Jeong, Kyung-Hwan Shim, Dong‐Joo Kim, Seong–Whan Lee",nm000173,1
"Reinmar J. Kobler, Andreea Ioana Sburlea, Gernot Müller-Putz",nm000173,1
"Reinmar J. Kobler, Elizaveta Kolesnichenko, Andreea Ioana Sburlea, Gernot Müller-Putz",nm000173,1
"Joana Pereira, Andreea Ioana Sburlea, Gernot Müller-Putz",nm000173,1
"Andreea Ioana Sburlea, Gernot Müller-Putz",nm000173,1
"Ji-Hoon Jeong, Byeong-Hoo Lee, Dae-Hyeok Lee, Yong-Deok Yun, Seong–Whan Lee",nm000173,1
"Shailesh Vitthalrao Bhalerao, Ram Bilas Pachori",nm000173,1
"Minji Lee, Ji-Hoon Jeong, Yun‐Hee Kim, Seong–Whan Lee",nm000173,1
"Mads Jochumsen, Imran Khan Niazi",nm000173,1
"Baoguo Xu, Yong Wang, Leying Deng, Changcheng Wu, Wenbin Zhang, Huijun Li, Aiguo Song",nm000173,1
"Emma Colamarino, Valeria de Seta, Marcella Masciullo, Febo Cincotti, Donatella Mattia, Floriana Pichiorri, Jlenia Toppi",nm000173,1
"Baoguo Xu, Zhiwei Wei, Aiguo Song, Changcheng Wu, Dalin Zhang, Wenlong Li, Guozheng Xu, Huijun Li, Hong Zeng",nm000173,1
"Neethu Robinson, Wei Jie Chester, Smitha KG",nm000173,1
"Mads Jochumsen, Sylvain Crémoux, Lucien Robinault, Jimmy Lauber, Juan Carlos Arceo, Muhammad Samran Navid, Rasmus Wiberg Nedergaard, Usman Rashid, Heidi Haavik, Imran Khan Niazi",nm000173,1
"Gernot Müller-Putz, Rüdiger Rupp, Patrick Ofner, Joana Pereira, Andreas Pinegger, Andreas Schwarz, Marcel Zube, Ute Eck, Björn Hessing, Matthias Schneiders",nm000173,1
"Anant Jain, Lalan Kumar",nm000173,1
"Zhijie Fang, Weiqun Wang, Shixin Ren, Jiaxing Wang, Weiguo Shi, Xu Liang, Chen-Chen Fan, Zeng‐Guang Hou",nm000173,1
"Giovanni M. Di Liberto, Michele Barsotti, Giovanni Vecchiato, Jonas Ambeck-Madsen, Maria Del Vecchio, Pietro Avanzini, Luca Ascari",nm000173,1
"Baoguo Xu, Dalin Zhang, Yong Wang, Leying Deng, Xin Wang, Changcheng Wu, Aiguo Song",nm000173,1
"Gernot Müller-Putz, Reinmar J. Kobler, Joana Pereira, Catarina Lopes-Dias, Lea Hehenberger, Valeria Mondini, Víctor Martínez-Cagigal, Nitikorn Srisrisawang, Hannah Pulferer, Luka Batistić, Andreea Ioana Sburlea",nm000173,1
"Sachin Kansal, Dhruv Garg, Aditya Upadhyay, Snehil Mittal, Guneet Singh Talwar","nm000173,nm000311",2
"Joana Pereira, Reinmar J. Kobler, Patrick Ofner, Andreas Schwarz, Gernot Müller-Putz",nm000173,1
"Xiaobo Zhou, Renling Zou, Xiayang Huang",nm000173,1
"Pengpai Wang, Mingliang Wang, Yueying Zhou, Ziming Xu, Daoqiang Zhang",nm000173,1
"Eduardo López‐Larraz, Jaime Ibáñez, Fernando Trincado-Alonso, Esther Monge‐Pereira, José L. Pons, Luis Montesano",nm000173,1
"Fuwang Wang, Xiaolei Zhang, Rongrong Fu, Guangbin Sun",nm000173,1
"H. Y. Wang, Jiuchuan Jiang, John Q. Gan, Haixian Wang",nm000173,1
"Mohammed Z. Al-Faiz, Ammar A. Al-Hamadani",nm000173,1
"Feng Duan, Hao Jia, Zhe Sun, Kai Zhang, Yangyang Dai, Yu Zhang",nm000173,1
"Jiansheng Niu, Ning Jiang",nm000173,1
"Jeong-Hyun Cho, Ji-Roon Jeong, Dong‐Joo Kim, Seong–Whan Lee",nm000173,1
"Jingfeng Bi, Ming Chu",nm000173,1
"Hongyan Cui, Xinyi Chi, Lei Wang, Xiaogang Chen",nm000173,1
"Lea Hehenberger, Luka Batistić, Andreea Ioana Sburlea, Gernot Müller-Putz",nm000173,1
"Mario G. Gualsaquí, Alejandro S. Delgado, Lady L. González, Giovana F. Vaca, Diego Almeida-Galárraga, Graciela Marisa Salum, Carolina Cadena-Morejón, Andrés Tirado-Espín, Fernando Villalba-Meneses",nm000173,1
"Nadia Mammone, Cosimo Ieracitano, Rossella Spataro, Christoph Guger, Woosang Cho, Francesco Carlo Morabito",nm000173,1
"Andrea Valenti, Michele Barsotti, Davide Bacciu, Luca Ascari",nm000173,1
"Ping Shi, Anan Li, Hongliu Yu",nm000173,1
"Xingliang Xiong, Zhenhua Yu, Tian Ma, Ning Luo, Haixian Wang, Xuesong Lu, Hui Fan",nm000173,1
"Baoguo Xu, Leying Deng, Dalin Zhang, Muhui Xue, Huijun Li, Hong Zeng, Aiguo Song",nm000173,1
"Lea Hehenberger, Andreea Ioana Sburlea, Gernot Müller-Putz",nm000173,1
"Feng Duan, Hao Jia, Zhang Zhiwen, Fan Feng, Ying Tan, Yangyang Dai, Andrzej Cichocki, Zhenglu Yang, César F. Caiafa, Zhe Sun, Jordi Solé‐Casals",nm000173,1
"Alberto Averna, Mattia Arlotti, Manuela Rosa, Stéphan Chabardès, Éric Seigneuret, Alberto Priori, Elena Moro, Sara Meoni",nm000173,1
"Xingliang Xiong, Zhenhua Yu, Tian Ma, Haixian Wang, Xuesong Lu, Hui Fan",nm000173,1
"Carlos Bibián, Nerea Irastorza-Landa, Monika Schönauer, Niels Birbaumer, Eduardo López‐Larraz, Ander Ramos‐Murguialday",nm000173,1
"Ozan Özdenizci, Sezen Yağmur Günay, Fernando Quivira, Deniz Erdoğmuş",nm000173,1
"Michael Wimmer, Nicole Weidinger, Eduardo Veas, Gernot Müller-Putz",nm000173,1
"Marta Sánchez Borràs, Sergio Romero, Joan Francesc Alonso, Alejandro Bachiller, Leidy Y. Serna, Carolina Migliorelli, Miguel Ángel Mañanas",nm000173,1
"Robert Finnis, Adeel Mehmood, Henning Holle, Jamshed Iqbal",nm000173,1
"Aya Rezeika, Mihaly Benda, Piotr Stawicki, Felix Gembler, Abdul Saboor, Ivan Volosyak","nm000188,nm000190",2
"Pietro Aricò, Gianluca Borghini, Gianluca Di Flumeri, Nicolina Sciaraffa, Fabio Babiloni",nm000188,1
"Pietro Aricò, Gianluca Borghini, Gianluca Di Flumeri, Nicolina Sciaraffa, Alfredo Colosimo, Fabio Babiloni",nm000188,1
"Ahmed G. Habashi, Ahmed M. Azab, Seif Eldawlatly, Gamal M. Aly",nm000188,1
"Matthias S. Treder, Anne K. Porbadnigk, Forooz Shahbazi Avarvand, Klaus‐Robert Müller, Benjamin Blankertz",nm000188,1
"Gianluca Borghini, Pietro Aricò, Gianluca Di Flumeri, Nicolina Sciaraffa, Alfredo Colosimo, María Trinidad Herrero, Anastasios Bezerianos, Nitish V. Thakor, Fabio Babiloni",nm000188,1
"Nicolina Sciaraffa, Pietro Aricò, Gianluca Borghini, Gianluca Di Flumeri, Antonio Di Florio, Fabio Babiloni",nm000188,1
"Xiaoqing Chen, Ziwei Wang, Dongrui Wu",nm000188,1
"J. Sosulski, M. Tangermann",nm000188,1
"Hirokazu Tanaka, Makoto Miyakoshi",nm000188,1
"Giulia Cartocci, Enrica Modica, Dario Rossi, Bianca Maria Serena Inguscio, Pietro Aricò, Ana C. Martinez Levy, Marco Mancini, Patrizia Cherubino, Fabio Babiloni",nm000188,1
"Md Rakibul Mowla, Jesus D. Gonzalez-Morales, Jacob Rico-Martinez, Daniel A. Ulichnie, David E. Thompson",nm000188,1
"Francesca Schettini, Monica Risetti, Pietro Aricò, Rita Formisano, Fabio Babiloni, Donatella Mattia, Febo Cincotti",nm000188,1
"Kassymzhomart Kunanbayev, Berdakh Abibullaev, Amin Zollanvari",nm000188,1
"Yi Xiao, Jintao Wu, Weicai Tang, Chenhui Sun, Feng Ma, Lingling Guo",nm000188,1
"Omar Piña-Ramírez, Raquel Valdés-Cristerna, Óscar Yáñez-Suárez",nm000188,1
"Christoph Guger, Damien Coyle, Donatella Mattia, Marzia De Lucia, Leigh R. Hochberg, Brian L. Edlow, Betts Peters, Brandon Eddy, Chang S. Nam, Quentin Noirhomme, Brendan Z. Allison, Jitka Annen",nm000188,1
"Md Wasiur Rahman, Marina L. Gavrilova",nm000188,1
"Shuge Yuan, Mengsi Xu, Jia Zhao, Yue Zhu, Dong Yang",nm000188,1
"Kyung-Soo Kim, Sung-Ho Lim, Jaeseok Lee, Won‐Seok Kang, Cheil Moon, Ji‐Woong Choi",nm000188,1
"Ali Mobaien, Reza Boostani, Saeid Sanei",nm000188,1
"Xiaoqing Chen, Tianwang Jia, Dongrui Wu",nm000188,1
"Alyssa Hillary Zisk, Seyyed Bahram Borgheai, John McLinden, Roohollah Jafari Deligani, Yalda Shahriari",nm000188,1
"И.П. Ганин, Alexander Kaplan",nm000188,1
"Shaohua Tang, Chuancai Liu, Qiankun Zhang, Heng Gu, Xiaoli Li, Zheng Li",nm000188,1
"Jonathan R. McDaniel, Stephen M. Gordon, Vernon J. Lawhern",nm000188,1
"Tanja Krumpe, Carina Walter, Wolfgang Rosenstiel, Martin Spüler",nm000188,1
"Fırat Orhanbulucu, Fatma Lati̇foğlu, Abdullah Baş",nm000188,1
"Irina Dolzhikova, Berdakh Abibullaev, Amin Zollanvari",nm000188,1
"Arne Van Den Kerchove, Hakim Si-Mohammed, Marc M. Van Hulle, F Cabestaing",nm000188,1
"И.П. Ганин, Anatoly N. Vasilyev, TD Glazova, Alexander Kaplan",nm000188,1
"Minju Kim, Jongsu Kim, Sung-Phil Kim",nm000188,1
Francesca Schettini,nm000188,1
"Ilaria Quattrociocchi, Valentina Caracci, Angela Riccio, Valentina Galiotta, Mariagrazia D’Ippolito, Febo Cincotti, Jlenia Toppi, Laura Astolfi",nm000188,1
"Luigi Bianchi, Raffaele Ferrante, Yaoping Hu, Guillermo Sahonero-Alvarez, Nusrat Zerin Zenia",nm000188,1
"Tianwang Jia, Xiaoqing Chen, Dongrui Wu",nm000188,1
"J. Huggins, D. Thompson",nm000188,1
"Jun Ma, Tuukka Ruotsalo",nm000188,1
"Arne Van Den Kerchove, Juliette Meunier, Márcio das Chagas Moura, Alixe Willemssens, Dorien Geeurickx, Edward Schiettecatte, Philip Van Damme, Hakim Si-Mohammed, François Cabestaing, E. Allart, Marc M. Van Hulle",nm000188,1
"И. П. Ганин, А. Я. Каплан",nm000188,1
Alyssa Hillary Zisk,nm000188,1
"И. П. Ганин, А. Н. Васильев, Т. Д. Глазова, А. Я. Каплан",nm000188,1
"Sandra-Carina Noble, Tomás Ward, John V. Ringwood",nm000188,1
"Kassymzhomart Kunanbayev, Dias Azhigulov, Berdakh Abibullaev, Amin Zollanvari",nm000188,1
"Megan C. Lee, S. Hwang, Inhyeok Choi, Shreyas Darade, Mengchun Zhang, Kateryna Shapovalenko",nm000188,1
Parsa Parsafar,nm000188,1
J. R. Cardoso,nm000188,1
"P. Aricó, F. Aloise, F. Schettini, S. Salinari, D. Mattia, F. Cincotti",nm000188,1
"George Townsend, Brandon K. LaPallo, Chadwick Boulay, Dean J. Krusienski, G. E. Frye, Christopher K. Hauser, N.E. Schwartz, Theresa M. Vaughan, Jonathan R. Wolpaw, Eric W. Sellers",nm000189,1
"Gerwin Schalk, Eric C. Leuthardt",nm000189,1
"Yuanqing Li, Jiahui Pan, Fei Wang, Zhuliang Yu",nm000189,1
"Brice Rebsamen, Cuntai Guan, Haihong Zhang, Chuanchu Wang, Chee-Leong Teo, Marcelo H. Ang, Etienne Burdet",nm000189,1
"Reza Fazel-Rezai, Brendan Z. Allison, Christoph Guger, Eric W. Sellers, Sonja C. Kleih, Andrea Kübler",nm000189,1
"Benjamin Blankertz, Michael Tangermann, Carmen Vidaurre, Siamac Fazli, Claudia Sannelli, Stefan Haufe, Cecilia L. Maeder, Lenny Ramsey, Irene Sturm, Gabriel Curio, Klaus‐Robert Müller",nm000189,1
"Brendan Z. Allison, Thorsten Lüth, Diana Valbuena, Amir Teymourian, Ivan Volosyak, Axel Gräser",nm000189,1
"Kaido Värbu, Naveed Muhammad, Yar Muhammad",nm000189,1
"Tobias Kaufmann, Stefan M. Schulz, C Grünzinger, Andrea Kübler",nm000189,1
"Bernhard Graimann, Brendan Z. Allison, Gert Pfurtscheller",nm000189,1
"Carmen Vidaurre, Motoaki Kawanabe, Paul von Bünau, Benjamin Blankertz, K. Müller",nm000189,1
"Peter Brunner, Sonja Joshi, S Briskin, Jonathan R. Wolpaw, Horst Bischof, Gerwin Schalk",nm000189,1
"Jesús Minguillón, M. A. López-Gordo, Francisco Pelayo",nm000189,1
"Rajesh C. Panicker, Sadasivan Puthusserypady, Ying Sun",nm000189,1
"Joseph N. Mak, Yael Arbel, James W. Minett, Lynn M. McCane, Beste F. Yuksel, David B. Ryan, David E. Thompson, Luigi Bianchi, Deniz Erdoğmuş",nm000189,1
"Dorothée Lulé, Quentin Noirhomme, Sonja C. Kleih, Camille Chatelle, Sebastian Halder, Athéna Demertzi, Marie‐Aurélie Bruno, Olivia Gosseries, Audrey Vanhaudenhuyse, Caroline Schnakers, Marie Thonnard, Andrea Soddu, Andrea Kübler, Steven Laureys",nm000189,1
"Wei Lun Lim, Olga Sourina, Lipo Wang",nm000189,1
"Christoph Guger, Gunther Krausz, Brendan Z. Allison, Guenter Edlinger",nm000189,1
"Bojan Kerouš, Filip Škola, Fotis Liarokapis",nm000189,1
"Christoph Guger, Brendan Z. Allison, Bernhard Großwindhager, Robert Prückl, Christoph Hintermüller, Christoph Kapeller, Markus Brückner, Gunther Krausz, Günter Edlinger",nm000189,1
"Murat Kaya, Mustafa Kemal Binli, Erkan Özbay, Hilmi Yanar, Yuriy Mishchenko",nm000189,1
"Jana Münßinger, Sebastian Halder, Sonja C. Kleih, Adrian Furdea, Valerio Raco, Adi Hösle, Andrea Kübler",nm000189,1
Johannes Höhne,nm000189,1
"Tobias Kaufmann, Andreas Herweg, Andrea Kübler",nm000189,1
"Martijn Schreuder, Thomas Rost, Michael Tangermann","nm000189,nm000190",2
"Jiahui Pan, Qiuyou Xie, Pengmin Qin, Yan Chen, Yanbin He, Haiyun Huang, Fei Wang, Xiaoxiao Ni, Andrzej Cichocki, Ronghao Yu, Yuanqing Li",nm000189,1
"Brendan Z. Allison, Clemens Brunner, Christof Altstätter, Isabella C. Wagner, Sebastian Grissmann, Christa Neuper",nm000189,1
"Minjue Wang, Ian Daly, Brendan Z. Allison, Jing Jin, Yu Zhang, Lanlan Chen, Xingyu Wang",nm000189,1
"David B. Ryan, G. E. Frye, George Townsend, Daniel R. Berry, S. Mesa-G, Nathan A. Gates, Eric W. Sellers",nm000189,1
"Athanasios Vourvopoulos, Sergi Bermúdez i Badia",nm000189,1
"Jing Jin, Eric W. Sellers, Sijie Zhou, Yu Zhang, Xingyu Wang, Andrzej Cichocki",nm000189,1
"Peter Brunner, Anthony L. Ritaccio, Joseph F. Emrich, Horst Bischof, Gerwin Schalk",nm000189,1
"Daniel Bacher, Beata Jarosiewicz, Nicolas Y. Masse, Sergey D. Stavisky, John D. Simeral, K. David Newell, Erin M. Oakley, Sydney S. Cash, Gerhard M. Friehs, Leigh R. Hochberg",nm000189,1
"Erwei Yin, Timothy Zeyl, Rami Saab, Tom Chau, Dewen Hu, Zongtan Zhou",nm000189,1
"Yuanqing Li, Jiahui Pan, Jinyi Long, Tianyou Yu, Fei Wang, Zhuliang Yu, Wei Wu",nm000189,1
"Leopoldo Angrisani, Pasquale Arpaïa, Antonio Espósito, Nicola Moccaldi",nm000189,1
"Christoph Guger, Rossella Spataro, Brendan Z. Allison, Alexander Heilinger, Rupert Ortner, Woosang Cho, Vincenzo La Bella",nm000189,1
"Jing Jin, Brendan Z. Allison, Yu Zhang, Xingyu Wang, Andrzej Cichocki",nm000189,1
"Seul-Ki Yeom, Siamac Fazli, Klaus‐Robert Müller, Seong–Whan Lee",nm000189,1
"Jiahui Pan, Qiuyou Xie, Yanbin He, Fei Wang, Haibo Di, Steven Laureys, Ronghao Yu, Yuanqing Li",nm000189,1
"Sebastian Halder, Bálint Várkuti, Martin Bogdan, Andrea Kübler, Wolfgang Rosenstiel, Ranganatha Sitaram, Niels Birbaumer",nm000189,1
"Hubert Cecotti, Bertrand Rivet, Marco Congedo, Christian Jutten, Olivier Bertrand, E Maby, Jérémie Mattout",nm000189,1
"Fabio Aloise, Francesca Schettini, Pietro Aricò, Francesco Leotta, S. Salinari, Donatella Mattia, Fabio Babiloni, Febo Cincotti",nm000189,1
"Marjolein van der Waal, Marianne Severens, Jeroen Geuze, Peter Desain",nm000189,1
"Chih‐Chien Wang, Ming-Chang Hsu",nm000189,1
"Gabriel Pires, Urbano Nunes, Miguel Castelo‐Branco",nm000189,1
"Ivo Käthner, Carolin A. Ruf, Emanuele Pasqualotto, Christoph Braun, Niels Birbaumer, Sebastian Halder","nm000189,nm000190",2
"Zhimin Lin, Chi Zhang, Ying Zeng, Tong Li, Bin Yan",nm000189,1
"Joseph N. Mak, Dennis J. McFarland, Theresa M. Vaughan, Lynn M. McCane, Phillippa Z Tsui, Debra Zeitlin, Eric W. Sellers, Jonathan R. Wolpaw",nm000189,1
"Troy Lau, Joseph T. Gwin, Kaleb McDowell, Daniel P. Ferris",nm000189,1
"Alexander Kaplan, Sergei L. Shishkin, И.П. Ганин, I. A. Basyul, Alexander Zhigalov",nm000189,1
"Lin Yao, Jianjun Meng, Dingguo Zhang, Xinjun Sheng, Xiangyang Zhu",nm000189,1
"Tobias Kaufmann, Stefan Völker, Laura Gunesch, Andrea Kübler",nm000189,1
"Teng Teng, Luzheng Bi, Yili Liu",nm000189,1
"Sonja C. Kleih, Tobias Kaufmann, Claudia Zickler, Sebastian Halder, Francesco Leotta, Febo Cincotti, Fabio Aloise, Angela Riccio, Cornelia Herbert, Donatella Mattia, Andrea Kübler",nm000189,1
"Jing Jin, Ian Daly, Yu Zhang, Xingyu Wang, Andrzej Cichocki",nm000189,1
"Chad E. Lakey, Daniel R. Berry, Eric W. Sellers",nm000189,1
"Eric A. Pohlmeyer, Jun Wang, David C. Jangraw, Bin Lou, Shih‐Fu Chang, Paul Sajda",nm000189,1
"Serafeim Perdikis, R. Leeb, John Williamson, Andrew Ramsay, Michele Tavella, Lorenzo Desideri, E-J Hoogerwerf, Abdul Al-Khodairy, Roderick Murray‐Smith, José del R. Millán",nm000189,1
"L. Ko, Oleksii Komarov, Wei-Kai Lai, Wei-Gang Liang, T. Jung",nm000189,1
"Nadine Simon, Ivo Käthner, Carolin A. Ruf, Emanuele Pasqualotto, Andrea KÃ ⁄ bler, Sebastian Halder",nm000190,1
"Maarten De Vos, Katharina Gandras, Stefan Debener",nm000190,1
"Angela Riccio, Donatella Mattia, Luca Simione, M Olivetti, Febo Cincotti",nm000190,1
"Tobias Kaufmann, Elisa Mira Holz, Andrea Kübler",nm000190,1
"Dong-Ok Won, Han-Jeong Hwang, Dongmin Kim, Klaus‐Robert Müller, Seong–Whan Lee",nm000190,1
"Pieter-Jan Kindermans, Michael Tangermann, Klaus‐Robert Müller, Benjamin Schrauwen",nm000190,1
"N. Jeremy Hill, Bernhard Schölkopf",nm000190,1
"Faraz Akram, Hee‐Sok Han, Hyun Jae Jeon, Kyungmo Park, Seung-Hun Park, Jinsung Cho, Tae‐Seong Kim",nm000190,1
"Pieter-Jan Kindermans, Martijn Schreuder, Benjamin Schrauwen, Klaus‐Robert Müller, Michael Tangermann",nm000190,1
"David E Thompson, Lucia Rita Quitadamo, Luca Mainardi, Khalil ur Rehman Laghari, Shangkai Gao, Pieter-Jan Kindermans, John D. Simeral, Reza Fazel-Rezai, Matteo Matteucci, Tiago H. Falk, Luigi Bianchi, Cynthia A. Chestek, Jane E. Huggins",nm000190,1
"Ebru Baykara, Carolin A. Ruf, Chiara Fioravanti, Ivo Käthner, Nolwenn Simon, Sonja C. Kleih, Andrea Kübler, Sebastian Halder",nm000190,1
"N. Jeremy Hill, Erin Ricci, Sameah Haider, Lynn M. McCane, Susan M. Heckman, Jonathan R. Wolpaw, Theresa M. Vaughan",nm000190,1
"Ivo Käthner, Andrea Kübler, Sebastian Halder",nm000190,1
"M. Treder, Hendrik Purwins, Hendrik Purwins, D. Miklody, I. Sturm, B. Blankertz",nm000190,1
"Sebastian Halder, Eva Maria Hammer, Sonja C. Kleih, Martin Bogdan, Wolfgang Rosenstiel, Niels Birbaumer, Andrea Kübler",nm000190,1
"Johannes Höhne, Konrad Krenzlin, Sven Dähne, Michael Tangermann",nm000190,1
"Johannes Höhne, Michael Tangermann",nm000190,1
"Mariacristina Musso, David Hübner, Sarah Schwarzkopf, Maria Laura Bernodusson, Pierre LeVan, Cornelius Weiller, Michael Tangermann",nm000190,1
"Jiahui Pan, Xuening Chen, Nianming Ban, Jiashao He, Jiayi Chen, Haiyun Huang",nm000190,1
"Ivo Käthner, Sebastian Halder, Christoph Hintermüller, Arnau Espinosa, Christoph Guger, Felip Miralles, Eloisa Vargiu, Stefan Dauwalder, Xavier Rafael-Palou, Marc Solà, Jean M. Daly, Elaine Armstrong, Suzanne Martin, Andrea Kübler",nm000190,1
"Karl McCreadie, Damien Coyle, Girijesh Prasad",nm000190,1
"Marieke E. Thurlings, Anne-Marie Brouwer, Jan B. F. van Erp, Benjamin Blankertz, Peter Werkhoven",nm000190,1
"Sulamith Schaeff, Matthias S. Treder, Bastian Venthur, Benjamin Blankertz",nm000190,1
"Mokhles M. Abdulghani, Wilbur L. Walters, Khalid H. Abed",nm000190,1
"Xingwei An, Johannes Höhne, Dong Ming, Benjamin Blankertz",nm000190,1
"Martijn Schreuder, Johannes Höhne, Maximilian Treder, Benjamin Blankertz, Michael Tangermann",nm000190,1
"Isao Nambu, Masashi Ebisawa, Masumi Kogure, Shohei Yano, Haruhide Hokari, Yasuhiro Wada",nm000190,1
"Angela Renton, Jason B. Mattingley, David R. Painter",nm000190,1
"Matt Higger, Fernando Quivira, Murat Akçakaya, Mohammad Moghadamfalahi, Hooman Nezamfar, Müjdat Çetin, Deniz Erdoğmuş",nm000190,1
"Marios Hadjiaros, Kleanthis Neokleous, Andria Shimi, Marios N. Avraamides, Constantinos S. Pattichis",nm000190,1
"Marzieh Haghighi, Mohammad Moghadamfalahi, Murat Akçakaya, Deniz Erdoğmuş",nm000190,1
"Akinari Onishi, Kouji Takano, Toshihiro Kawase, Hiroki Ora, Kenji Kansaku",nm000190,1
"Eva Maria Hammer, Sebastian Halder, Sonja C. Kleih, Andrea Kübler",nm000190,1
"Alex Brandmeyer, Jason Farquhar, James M. McQueen, Peter Desain",nm000190,1
"Do-Won Kim, Jun-Chang Lee, Young-Min Park, In Young Kim, Chang‐Hwan Im",nm000190,1
"Sijie Zhou, Brendan Z. Allison, Andrea Kübler, Andrzej Cichocki, Xingyu Wang, Jing Jin",nm000190,1
"N. Jeremy Hill, Aisha A. Moinuddin, Ann-Katrin Häuser, Stephan Kienzle, Gerwin Schalk",nm000190,1
"Honglai Xu, Dan Zhang, Minhui Ouyang, Bo Hong",nm000190,1
"Sara Maria Barbosa, Gabriel Pires, Urbano Nunes",nm000190,1
"James J. S. Norton, Jessica Mullins, Birgit E Alitz, Timothy Bretl",nm000190,1
"Gabriel Pires, Sara Maria Barbosa, Urbano Nunes, Edna Gonçalves",nm000190,1
"Carolin A. Ruf, Daniele De Massari, Adrian Furdea, Tamara Matuz, Chiara Fioravanti, Linda van der Heiden, Sebastian Halder, Niels Birbaumer",nm000190,1
"Nannan Zhang, Zongtan Zhou, Yadong Liu, Erwei Yin, Jun Jiang, Dewen Hu",nm000190,1
"Minqiang Huang, Ian Daly, Jing Jin, Yu Zhang, Xingyu Wang, Andrzej Cichocki",nm000190,1
"Yina Guo, Ting Liu, Xiaofei Zhang, Anhong Wang, Wenwu Wang",nm000190,1
"Ivan Markovinović, Miroslav Vrankić, Saša Vlahinić, Zoran Šverko",nm000190,1
"Arvind Tolambiya, Enrico Chiovetto, Thierry Pozzo, Elizabeth Thomas",nm000190,1
"Mikito Ogino, Suguru Kanoga, Shin-ichi Ito, Yasue Mitsukura",nm000190,1
Umut Orhan,nm000190,1
"Zhenyu Cai, Shoji Makino, Tomasz M. Rutkowski",nm000190,1
"Yaming Xu, Yoshikazu Nakajima",nm000190,1
"Melissa Quek, Johannes Höhne, Roderick Murray‐Smith, Michael Tangermann",nm000190,1
"Marieke E. Thurlings, Anne-Marie Brouwer, Jan B. F. van Erp, Peter Werkhoven",nm000190,1
"Mahbod Nouri, Faraz Moradi, Hafez Ghaemi, A. Nasrabadi",nm000190,1
"Chantri Polprasert, Pratana Kukieattikool, Tanee Demeechai, James A. Ritcey, Siwaruk Siwamogsatham",nm000190,1
"Minghui Shi, Changle Zhou, Jun Xie, Shaozi Li, Qingyang Hong, Min Jiang, Fei Chao, Weifeng Ren, Xiangqian Liu, Dajun Zhou, Tianyu Yang",nm000190,1
"David Hübner, Albrecht Schall, Natalie Prange, Michael Tangermann",nm000190,1
"Yun-Joo Choi, Oh-Sang Kwon, Sung-Phil Kim",nm000190,1
"Guijun Chen, Xueying Zhang, Jing Zhang, Fenglian Li, Shufei Duan",nm000190,1
"Francisco Velasco-Álvarez, Álvaro Fernández-Rodríguez, María Teresa Medina-Juliá, Ricardo Ron-Angevín",nm000190,1
"Johannes Höhne, Daniel Bartz, Martin N. Hebart, Klaus‐Robert Müller, Benjamin Blankertz",nm000190,1
"Petar Horki, Daniela Klobassa, Christoph Pokorny, Gernot Müller-Putz",nm000190,1
"Michael Tangermann, Johannes Höhne, Heiko I. Stecher, Martijn Schreuder",nm000190,1
"Helena Erlbeck, Ursula Mochty, Andrea Kübler, Ruben Real",nm000190,1
"Mindaugas Vasiljevas, Rūtenis Turčinas, Robertas Damaševičius",nm000190,1
"S. Le Bars, S. Chokron, Rodrigo Balp, Khalida Douibi, Florian Waszak",nm000190,1
"A. Mijani, M. Shamsollahi, M. S. Hassani, Shayan Jalilpour",nm000190,1
"M. Spüler, Simone Kurek",nm000190,1
"Ji-Hoon Jeong, Jeong-Hyun Cho, Byeong-Hoo Lee, Seong–Whan Lee",nm000311,1
"Dae-Hyeok Lee, Ji-Hoon Jeong, Hyung-Ju Ahn, Seong–Whan Lee",nm000311,1
"Jian Shen, Jinwen Wu, Huajian Liang, Zeguang Zhao, Kunlin Li, Kexin Zhu, Kai Wang, Yu Ma, Wenbo Hu, Chenxu Guo, Yanan Zhang, B. B. Hu",nm000311,1
"Minji Lee, Hyeong-Yeong Park, Wanjoo Park, Keun-Tae Kim, Yun‐Hee Kim, Ji-Hoon Jeong",nm000311,1
"Naveen Kumar Karnam, Anish C. Turlapaty, Shiv Ram Dubey, Balakrishna Gokaraju",nm000311,1
"Yan Pei, Jiahui Xu, Qianhao Chen, Chenhao Wang, Feng Yu, Lisan Zhang, Wei Luo",nm000311,1
"Ke Liu, Mingzhao Yang, Xin Xing, Zhuliang Yu, Wei Wu",nm000311,1
"M. M. Abdelhamid, Amr Wael Abdelmawgod, Mohamed Tharwat Al-Metwally, Abdelrahman Mohamed Hossien, Howida A. Shedeed, Eslam Saeed Fouly, Aya Naser",nm000311,1
"Zhao He, Minghong Cai, Letian Li, Siyuan Tian, Ren-Jie Dai",nm000311,1
"Zihao Wang, Ravi Suppiah",nm000311,1
"Jun Ma, Banghua Yang, Wenzheng Qiu, Jian Zhang, Lin‐Feng Yan, Wen Wang",nm000311,1
"Feifei Zhu, Yurong Li, Zhengyi Shi, Wuxiang Shi",nm000311,1
"Sang‐Joon Kim, Byoung-Hee Kwon, Ji-Hoon Jeong",nm000311,1
"Myoung-Ki Kim, Jeong-Hyun Cho, Ji-Hoon Jeong",nm000311,1
"Banghua Yang, Jun Ma, Wenzheng Qiu, Yan Zhu, Xia Meng",nm000311,1
"Yifan Zhang, Yang Yu, Hao Li, Anqi Wu, Xin Chen, Jinfang Liu, Ling‐Li Zeng, Dewen Hu",nm000311,1
"A. Marinoni, Saloua Chlaily, Eduard Khachatrian, T. Eltoft, Sivasakthy Selvakumaran, M. Girolami, C. Jutten",nm000311,1
"Ravi Suppiah, Anurag Sharma, Noori Kim, Khalid Abidi",nm000311,1
"Ravi Suppiah, Noori Kim, Khalid Abidi, Anurag Sharma",nm000311,1
"Yanru Bai, Qi Tang, Ran Zhao, Hongxing Liu, Shuming Zhang, Mingkun Guo, Minghan Guo, Junjie Wang, Changjian Wang, Mu Xing, Guangjian Ni, Dong Ming",nm000311,1
"Shihan Ma, Bo Hu, Tianyu Jia, A. Clarke, B. Zicher, Arnault H. Caillet, Dario Farina, J. C. Príncipe",nm000311,1
"Feifei Zhu, Yurong Li, Zhengyi Shi, Heng Lin",nm000311,1
"Marta Sánchez Borràs, Sergio Romero, Leidy Y. Serna, Joan Francesc Alonso, Alejandro Bachiller, Miguel Ángel Mañanas, Mónica Rojas-Martínez",nm000311,1
"Roger Pallarès-López, Duarte Folgado, Uriel Magana-Salgado, Jessica Rosendorf, Enya Ryu, Micha Feigin-Almon, H. Gamboa, Luca Daniel, Brian W. Anthony, Praneeth Namburi",nm000311,1
"Tianyuan Liu, Bao Li, Chi Zhang, Panpan Chen, Weichen Zhao, Bin Yan",nm000311,1
"Byeong-Hoo Lee, Jeong-Hyun Cho, Byoung-Hee Kwon",nm000311,1
"Sumeyra U. Demir Kanik, Wenjie Yin, Arzu Güneysu Özgür, Ali Ghadirzadeh, Mårten Björkman, Danica Kragić",nm000311,1
"Weiming Zhang, Xiaodong Zhang, Cheng Xu, Guchuan Zhou, Teng Zhang, Yu Wang",nm000311,1
"Bhagyasree Kanuparthi, Anish C. Turlapaty, Balakrishna Gokaraju",nm000311,1
"Andrew Paek, Shikha Prashad",nm000311,1
"Hang Sun, Changsheng Li, He Zhang",nm000311,1
"H.W. Ng, Kavitha P. Thomas, Neethu Robinson, Aung Aung Phyo Wai, Leran Jenny Liang, Nishka Khendry, Aarthy Nagarajan, Cuntai Guan",nm000311,1
"Andrés F. Ruíz-Olaya, Cristian Felipe Blanco-Díaz, Cristian David Guerrero-Méndez, Teodiano Bastos-Filho, Sebastián Jaramillo-Isaza",nm000311,1
"Claudio Giovannoni, Carlo Metta, Anna Monreale, Salvatore Rinzivillo",nm000311,1
"Mariam Alkandari, Fajer Almanaye, Sarah Alhashan, Dana Alenezi, Alaa Eleyan",nm000311,1
"Luzhou Zheng, Changchen Zhao, Chao Zhang, Shichao Cheng, Jianhai Zhang",nm000311,1
"Sriram V.C. Nallani, Gautham Ramachandran",nm000311,1
"Isabel Bandes, Yasuharu Koike",nm000311,1
"Mensah Sitti, Prince James Adeti",nm000311,1
"Ravi Suppiah, Noori Kim",nm000311,1
"Albandari Alotaibi, Muhammad Hussain, Hatim Aboalsamh",nm000311,1
"Jiyu Tan, Yurong Li, Jixiang Li, Nan Zheng",nm000311,1
"Byeong-Hoo Lee, Kang Yin",nm000311,1
"Jinlin Yan, Yu Chen",nm000311,1
"Jorge G. Perez-Blanco, Joel C. Huegel, Luis G. Hernández-Rojas, Amanda Valdez-Calderon, Héctor Lizárraga-Torreblanca, David Cruz-Ortiz, Mariana Ballesteros, Manuela Gómez-Correa, Javier M. Antelis",nm000311,1
"Myoung-Ki Kim, Hye-Bin Shin, Jeong-Hyun Cho, Seong–Whan Lee",nm000311,1
"Hye-Bin Shin, Kang Yin, Seong–Whan Lee",nm000311,1
"Wei Xiong, Jiangtong Li, Kun Zhu, Jie Li","nm000311,on005505,on005506,on005507,on005508,on005509,on005510,on005511,on005512,on005514,on005515,on005516",12
"Zheng Dong, Jiao Wu, Yabing Yang, Xueliang Bao",nm000311,1
"A. Duggento, M. Lorenzo, S. Bargione, A. Conti, Vincenzo Catrambone, G. Valenza, N. Toschi",nm000311,1
"Yihan Wang, Jiaxing Wang, Weiqun Wang, Jianqiang Su, Bin Hu, Yuze Feng, Shuai Han, Hao Li, Jianghong He, Z. Hou",nm000311,1
"Karl Friston, Katrin H. Preller, Christoph Mathys, Hayriye Cagnan, Jakob Heinzle, Adeel Razi, Peter Zeidman","on002718,on003645",2
"Roman Kessler, Kristin M. Rusch, Kim C. Wende, Verena Schuster, Andreas Jansen","on002718,on003645",2
"Mohammed J. Abdulaal, Alexander J. Casson, Patrick Gaydecki",on002718,1
"Yusuke Takeda, T. Gomi, Ryu Umebayashi, Sadamu Tomita, Keita Suzuki, Nobuo Hiroe, J. Saikawa, Tatsuya Munaka, Okito Yamashita",on003645,1
"Alessandro T. Gifford, Kshitij Dwivedi, Gemma Roig, Radoslaw Martin Cichy","ds000248,on004018",2
"Dongyang Li, Chen Wei, Shiying Li, Jiachen Zou, Quanying Liu",on004018,1
"Yohann Benchetrit, Hubert J. Banville, Jean-Rémi King",on004018,1
"Amanda K. Robinson, Tijl Grootswagers, Thomas A. Carlson",on004018,1
"Alexander Tscshantz, Beren Millidge, Anil K. Seth, Christopher L. Buckley",on004018,1
"Amanda K. Robinson, Genevieve L. Quek, Thomas A. Carlson",on004018,1
"Jasper H. Fabius, Alessio Fracasso, David Acunzo, Stefan Van der Stigchel, David Melcher",on004018,1
"Lina Teichmann, Genevieve L. Quek, Amanda K. Robinson, Tijl Grootswagers, Thomas A. Carlson, Anina N. Rich",on004018,1
"Gal Vishne, Edden M. Gerber, Robert T. Knight, Leon Y. Deouell",on004018,1
"Michoel L Moshel, Amanda K. Robinson, Thomas A. Carlson, Tijl Grootswagers",on004018,1
"Jie Luo, Weigang Cui, Song Xu, Lina Wang, Xiao Li, Xiaofeng Liao, Yang Li",on004018,1
"Susan G. Wardle, Chris I. Baker",on004018,1
"Ruosi Wang, Daniel Janini, Talia Konkle",on004018,1
"Elio Balestrieri, Luca Ronconi, David Melcher",on004018,1
"Haitao Wu, Qing Li, Changqing Zhang, Zhen He, Xiaomin Ying",on004018,1
"David A. Tovar, Micah M. Murray, Mark T. Wallace",on004018,1
"Sophia M. Shatek, Tijl Grootswagers, Amanda K. Robinson, Thomas A. Carlson",on004018,1
"Yonghao Song, Yijun Wang, Huiguang He, Xiaorong Gao",on004018,1
"Lynn K. A. Sörensen, Sander M. Bohté, Dorina de Jong, Heleen A. Slagter, H. Steven Scholte",on004018,1
"Lina Teichmann, Denise Moerel, Anina N. Rich, Chris I. Baker",on004018,1
"Gennadiy Gurariy, Ryan E. B. Mruczek, Jacqueline C. Snow, Gideon P. Caplovitz",on004018,1
"Hamid Karimi-Rouzbahani, Mozhgan Shahmohammadi, Ehsan Vahab, Saeed Setayeshi, Thomas A. Carlson",on004018,1
"Josipa Alilović, Dirk van Moorselaar, Marcel Graetz, Simon van Gaal, Heleen A. Slagter",on004018,1
"Trupti Taori, Shankar S. Gupta, Suhas Gajre, Ramchandra Manthalkar",on004018,1
"Tijl Grootswagers, Harriet McKay, Manuel Varlet",on004018,1
"Manuel Varlet, Tijl Grootswagers",on004018,1
"Roger Koenig‐Robert, Genevieve L. Quek, Tijl Grootswagers, Manuel Varlet",on004018,1
"Shuning Xue, Bu Jin, Jie Jiang, Longteng Guo, Jing Liu",on004018,1
"Eric Lützow Holm, Diego Fernández Slezak, Enzo Tagliazucchi",on004018,1
"Tomas Lenc, Cédric Lenoir, Peter E. Keller, Rainer Polak, Dounia Mulders, Sylvie Nozaradan",on004018,1
"Xuanyi Lin, Danni Chen, Jing Liu, Ziqing Yao, Hui Xie, Michael C. Anderson, Xiaoqing Hu",on004018,1
"Marco Morik, Ali Hashemi, Klaus-Robert Müller, Stefan Haufe, Shinichi Nakajima",on004018,1
"Wenjiang Zhang, Sifeng Wang, Yuwei Su, Xinyu Li, Chen Zhang, Suyu Zhong",on004018,1
"Margaret Jane Moore, Amanda K. Robinson, Jason B. Mattingley",on004018,1
"Rachel M. Skocypec, Mary A. Peterson",on004018,1
"Jessica Loke, Noor Seijdel, Lukas Snoek, Lynn K. A. Sörensen, Ron van de Klundert, Matthew van der Meer, Eva Quispel, Natalie Cappaert, H. Steven Scholte",on004018,1
"Amanda K. Robinson, Tijl Grootswagers, Sophia M. Shatek, Jack Gerboni, Alex O. Holcombe, Thomas A. Carlson",on004018,1
"Lyam M. Bailey, Timothy Bardouille",on004018,1
"Jonathan Xu, B. Aristimunha, Max Emanuel Feucht, Emma Qian, Charles Liu, Tazik Shahjahan, Martyna Spyra, S. Zhang, Nicholas Short, Jioh Kim, Paula Perdomo, Ricky Renfeng Mao, Yashvir Sabharwal, Michael Ahedor Moaz Shoura, Adrian Nestor",on004018,1
"Tijl Grootswagers, Genevieve L. Quek, Zhen Zeng, Manuel Varlet",on004018,1
"Jun-Mo Kim, Woohyeok Choi, Sang-Jun Park, Keun-Soo Heo, Young-Han Son, Ji-Hye Oh, Dong-Hee Shin, Tae- Eui Kam",on004018,1
"Masoumeh Mokari-Mahallati, Reza Ebrahimpour, Nasour Bagheri, Hamid Karimi-Rouzbahani",on004018,1
"Anna Madison, Chloe Callahan-Flintoft, Steven M. Thurman, Russell A. Cohen Hoffing, Jonathan Touryan, Anthony J. Ries",on004018,1
"Benjamin G. Lowe, Jonathan Robinson, Naohide Yamamoto, Hinze Hogendoorn, Patrick Johnston",on004018,1
"Sophie Smit, Almudena Ramírez-Haro, Genevieve L. Quek, Manuel Varlet, Denise Moerel, Tijl Grootswagers",on004018,1
"Leonardo Bonetti, Gemma Fernández‐Rubio, Mattia Rosso, F. Carlomagno, Antonio Malvaso, Antonino Greco, Morten L. Kringelbach, Peter Vuust",on004018,1
"Ai-Su Li, Jan Theeuwes, Dirk van Moorselaar",on004018,1
"Lyam M. Bailey, Heath E. Matheson, Jonathon M. Fawcett, Glen E. Bodner, Aaron J. Newman",on004018,1
"Esmaeil Farhang, Ramin Toosi, Behnam Karami, Roxana Koushki, Ehsan Rezayat, Farideh Shakerian, Jalaledin Noroozi, Mohammad‐Reza A. Dehaqani",on004018,1
"Esmaeil Farhang, Ramin Toosi, Behnam Karami, Roxana Koushki, Narges Kheirkhah, Farideh Shakerian, Jalaledin Noroozi, Ehsan Rezayat, Abdol‐Hossein Vahabie, Mohammad‐Reza A. Dehaqani",on004018,1
"Carmel R. Auerbach-Asch, Vishne Gal, Wertheimer Oded, Deouell Leon Y.",on004018,1
"Ariel H. Kim, Genevieve L. Quek, Denise Moerel, Olivia K. Gorton, Thomas A. Carlson",on004018,1
William Turner,on004018,1
"Shuning Xue, Bu Jin, Jie Jiang, Longteng Guo, Jin Zhou, Changyong Wang, Jing Liu",on004018,1
"Niklas Müller, H. Scholte, I. Groen",on004018,1
"Talia L. Retter, Christine Schiltz",on004018,1
"D.R. Qin, Yang Long, Xun Zhang, Zhibin Zhou, Yuting Jin, Pan Wang",on004018,1
"Diego Quattrone, Francesco Santambrogio, Andrea Scarpellini, Francesco Sgherzi, Isabella Poles, Letizia Clementi, Marco D. Santambrogio",on004018,1
"Juan Chen, Ye Zhang",on004018,1
"Christopher J. Whyte, Amanda K. Robinson, Tijl Grootswagers, Hinze Hogendoorn, Thomas A. Carlson",on004018,1
"Pablo Oyarzo, Johannes Singer, Kohitij Kar, Diego Vidaurre, Radoslaw Martin Cichy",on004018,1
"Yang Du, Siyuan Dai, Yonghao Song, Paul M. Thompson, Haoteng Tang, Liang Zhan",on004018,1
"Kailas Dayanandan, Nikhil Kumar, Anand Sinha, B. Lall",on004018,1
"Eric Lützow Holm, D. Slezak, Enzo Tagliazucchi",on004018,1
"Roman Kessler, Johanna J. Finnemann, M. Skeide",on004018,1
"Jiahe Meng, Weiming Zeng, Yueyang Li, Bo Chai, Hongjie Yan, Zhiguo Zhang, W. Siok, Nizhuan Wang",on004018,1
"M. J. Moore, P. Dang, XJ Ong, Jason B. Mattingley",on004018,1
"Jingtao Liu, Peiliang Gong, Chuhang Zheng, Yiheng Liu, Qingtian Zhu",on004018,1
"L. Bailey, SC Coleman, N. Rhodes, J. Crosbie, R. Schachar, R. Nicolson, E. Kelley, J. Jones, J. Frei, J.P. Lerch, E. Anagnostou, M. Taylor",on004018,1
"Feixue Shao, Guangze Shi, Xueyu Liu, Yongfei Wu, Mingqiang Wei, Jianan Zhang, Jian-Ming Lu, Guiying Yan, Weihua Yang",on004018,1
"Xin Xiao, Yang Lei, Haoyang Zeng, Xiao Sun, Xinyi Jiang, Yu Tian, Hao Wu, Kaiwen Wei, Jiang Zhong",on004018,1
"Xiaotian Wang, Doudou Zhang, Qimin Xu, Xinyu Cui, Rongkai Zhang, Yiming Jiang, Fu Li, Yang Li, Guangming Shi",on004018,1
"Velu Prabhakar Kumaravel, Elisabetta Farella, Eugenio Parise, M. Buiatti",on004745,1
"Andrea Cataldo, Sabatina Criscuolo, Egidio De Benedetto, Antonio Masciullo, Marisa Pesola, Raissa Schiavoni, Sara Invitto",on004745,1
"Velu Prabhakar Kumaravel, M. Buiatti, Eugenio Parise, Elisabetta Farella","ds002034,on004745",2
"Vincenzo Ronca, Gianluca Di Flumeri, Andrea Giorgi, Alessia Vozzi, Rossella Capotorto, Daniele Germano, Nicolina Sciaraffa, Gianluca Borghini, Fabio Babiloni, Pietro Aricò",on004745,1
"Małgorzata Plechawska–Wójcik, Paweł Augustynowicz, Monika Kaczorowska, Emilia Zabielska‐Mendyk, Dariusz Zapała",on004745,1
"Vincenzo Ronca, Rossella Capotorto, Gianluca Di Flumeri, Andrea Giorgi, Alessia Vozzi, Daniele Germano, Valerio Di Virgilio, Gianluca Borghini, Giulia Cartocci, D. Rossi, Bianca Maria Serena Inguscio, Fabio Babiloni, Pietro Aricò",on004745,1
"Hyeonseok Kim, Chi-Yuan Chang, Christian Kothe, J. R. Iversen, Makoto Miyakoshi",on004745,1
"Damián Jan, Manuel de Vega, Joana López-Pigüi, Iván Padrón",on004745,1
"Velu Prabhakar Kumaravel, M. Buiatti, Elisabetta Farella",on004745,1
"Evangelos Niforatos, Tianhao He, Athanasios Vourvopoulos, Michail N. Giannakos",on004745,1
"Victor Kartsch, Velu Prabhakar Kumaravel, Simone Benatti, Giorgio Vallortígara, Luca Benini, Elisabetta Farella, M. Buiatti",on004745,1
"Pasquale Arpaïa, Antonio Espósito, Angela Natalizio, Marco Parvis, Marisa Pesola",on004745,1
"Jin Xu, Eoin Whelan, Ann O’Brien, Denis O’Hora",on004745,1
"Simon Marchant, Marianne van der Vaart, Kirubin Pillay, Luke Baxter, Aomesh Bhatt, Sean P. Fitzgibbon, Caroline Hartley, Rebeccah Slater",on004745,1
"Edward C Brown, Devin M. Casenhiser, Andrew Bowers, M. Rafferty, Kevin J Reilly, A. Harkrider, T. Saltuklaroglu",on004745,1
"Javier Imaz-Higuera, Javier Garcia‐Casado, Yiyao Ye-Lin, J.L. Martínez-de-Juan, Marta Gutierrez-Delgado, Jennifer Prieto-House, Gemma Más Sesé, Araceli Belda-Calabuig, Gema Prats-Boluda",on004745,1
"Netiwit Kaongoen, Sungho Jo",on004745,1
"Hulin Jin, Zhiran Jin, Yong-Guk Kim, Kun Li",on004745,1
"Velu Prabhakar Kumaravel, Victor Kartsch, Simone Benatti, Giorgio Vallortigara, Elisabetta Farella, Marco Buiatti",on004745,1
"Pasquale Arpaïa, Egidio De Benedetto, Antonio Espósito, Angela Natalizic, Marco Parvis, Marisa Pesola, Michele Sansone",on004745,1
"Seongwon Jin, Hanseul Choi, Sunggu Yang, Sung-Hong Park, Jibum Kim",on004745,1
"Chao-Jen Huang, Chia-Tai Wang, Te-Min Lee, Po-Lei Lee",on004745,1
"Jinkwon Lee, Seohyeon Hong, Hayoung Oh","on005505,on005506,on005507,on005508,on005509,on005510,on005511,on005512,on005514,on005515,on005516",11
"Zilin Lu, Zongsheng Li, Xinke Shen, Kexin Lou, Ying Xin, Xiaoqing Chen, Shinan Wang, Xiangyu Chen, Jiahao Fan, Chenyu Huang, Xin Xu, Zhoujie Hou, Chen Wei, Quanying Liu","on005505,on005506,on005507,on005508,on005509,on005510,on005511,on005512,on005514,on005515,on005516",11
"Simon Little, James Bonaiuto, Gareth R. Barnes, Sven Bestmann",on006126,1
"Hanshu Cai, Zhenqin Yuan, Yiwen Gao, Shuting Sun, Na Li, Fuze Tian, Han Xiao, Jianxiu Li, Zhengwu Yang, Xiaowei Li, Qinglin Zhao, Zhenyu Liu, Zhijun Yao, Minqiang Yang, Hong Peng, Jing Zhu, Xiaowei Zhang, Guo‐Ping Gao, Fang Zheng, Rui Li, Zhihua Guo, Rong Ma, Jing Yang, Lan Zhang, Xiping Hu, Yumin Li, Bin Hu",on006126,1
"Cyril Pernet, Marta I. Garrido, Alexandre Gramfort, Natasha M. Maurits, Christoph M. Michel, Elizabeth W. Pang, Riitta Salmelin, Jan‐Mathijs Schoffelen, Pedro A. Valdés‐Sosa, Aina Puce",on006126,1
"Wajid Mumtaz, Suleman Rasheed, Alina Irfan","ds000248,on006126",2
"Chris Holdgraf, Stefan Appelhoff, Stephan Bickel, Kristofer E. Bouchard, Sasha D’Ambrosio, Olivier David, Orrin Devinsky, Ben Dichter, Adeen Flinker, Brett L. Foster, Krzysztof J. Gorgolewski, Iris I. A. Groen, David M. Groppe, Aysegul Gunduz, Liberty S. Hamilton, Christopher J. Honey, Mainak Jas, Robert T. Knight, Jean‐Philippe Lachaux, Jonathan C. Lau, Christopher Lee‐Messer, Brian N. Lundstrom, Kai J. Miller, Jeffrey G. Ojemann, Robert Oostenveld, Natalia Petridou, Gio Piantoni, Andrea Pigorini, Nader Pouratian, Nick F. Ramsey, Arjen Stolk, Nicole C. Swann, François Tadel, Bradley Voytek, Brian A. Wandell, Jonathan Winawer, Kirstie Whitaker, Lyuba Zehl, Dora Hermes","ds000248,on006126",2
"Yuri G. Pavlov, Nika Adamian, Stefan Appelhoff, Mahnaz Arvaneh, Christopher Benwell, Christian Beste, Amy R. Bland, Daniel E. Bradford, Florian Bublatzky, Niko A. Busch, Peter E. Clayson, Damian Cruse, Artur Czeszumski, Anna Dreber, Guillaume Dumas, Benedikt Ehinger, Giorgio Ganis, Xun He, José Antonio Hinojosa, Christoph Huber‐Huber, Michael Inzlicht, Bradley N. Jack, Magnus Johannesson, Rhiannon Jones, Evgenii Kalenkovich, Laura Kaltwasser, Hamid Karimi-Rouzbahani, Andreas Keil, Peter König, Layla Kouara, Louisa Kulke, Cecile D. Ladouceur, Nicolas Langer, Heinrich R. Liesefeld, David Luque, Annmarie MacNamara, Liad Mudrik, Muthuraman Muthuraman, Lauren Neal, Gustav Nilsonne, Guiomar Niso, Sebastian Ocklenburg, Robert Oostenveld, Cyril Pernet, Gilles Pourtois, Manuela Ruzzoli, Sarah Sass, Alexandre Schaefer, Magdalena Senderecka, Joel S. Snyder","ds000248,on006126",2
"Hui Wen Loh, Chui Ping Ooi, Elizabeth E. Palmer, Prabal Datta Barua, Şengül Doğan, Türker Tuncer, Mehmet Bayğın, U. Rajendra Acharya",on006126,1
"Marlene Meyer, Didi Lamers, Ezgi Kayhan, Sabine Hunnius, Robert Oostenveld",on006126,1
"Paul Theo Zebhauser, Vanessa D. Hohn, Markus Ploner",on006126,1
"Hanneke van Dijk, Guido van Wingen, Damiaan Denys, Sebastian Olbrich, Rosalinde van Ruth, Martijn Arns",on006126,1
"Giacomo Bertazzoli, Romina Esposito, Tuomas P. Mutanen, Clarissa Ferrari, Risto J. Ilmoniemi, Carlo Miniussi, Marta Bortoletto",on006126,1
"Seyed Mostafa Kia, Hester Huijsdens, Saige Rutherford, Augustijn de Boer, Richard Dinga, Thomas Wolfers, Pierre Berthet, Maarten Mennes, Ole A. Andreassen, Lars T. Westlye, Christian F. Beckmann, André F. Marquand",on006126,1
"Denis A. Engemann, Apolline Mellot, Richard Höchenberger, Hubert Banville, David Sabbagh, Lukas Gemein, Tonio Ball, Alexandre Gramfort","ds000247,on006126",2
"Yannick Roy, Hubert Banville, Isabela Albuquerque, Alexandre Gramfort, Tiago H. Falk, Jocelyn Faubert",on006126,1
"Gitte M. Knudsen, Melanie Ganz, Stefan Appelhoff, Ronald Boellaard, Guy Bormans, Richard E. Carson, Ciprian Catana, Doris J. Doudet, Antony D. Gee, Douglas N. Greve, Roger N. Gunn, Christer Halldin, Peter Herscovitch, Henry Huang, Sune H. Keller, Adriaan A. Lammertsma, Rupert Lanzenberger, Jeih-San Liow, Talakad G. Lohith, Mark Lubberink, Chul Hyoung Lyoo, J. John Mann, Granville J. Matheson, Thomas E. Nichols, Martin Nørgaard, Todd Ogden, Ramin V. Parsey, Victor W. Pike, Julie C. Price, Gaia Rizzo, Pedro Rosa‐Neto, Martin Schain, Peter J. H. Scott, Graham E. Searle, Mark Slifstein, Tetsuya Suhara, Peter S. Talbot, Adam G. Thomas, Mattia Veronese, Dean F. Wong, Maqsood Yaqub, Francesca Zanderigo, Sami S. Zoghbi, Robert B. Innis",on006126,1
"Simon L. Homölle, Robert Oostenveld",on006126,1
"Jonathan Wirsich, João Jorge, Giannina Rita Iannotti, Elhum Shamshiri, Frédéric Grouiller, Rodolfo Abreu, François Lazeyras, Anne-Lise Giraud, Rolf Gruetter, Sepideh Sadaghiani, Serge Vulliémoz",on006126,1
"Guy Vingerhoets, Helena Verhelst, Robin Gerrits, Nicholas A. Badcock, Dorothy Bishop, David P. Carey, Jason W. Flindall, Gina M. Grimshaw, Lauren Julius Harris, Markus Hausmann, Marco Hirnstein, Lutz Jäncke, Marc Joliot, Karsten Specht, René Westerhausen, LICI consortium",on006126,1
"Pedro A. Valdés‐Sosa, Lídice Galán‐Garcia, Jorge Bosch‐Bayard, María L. Bringas-Vega, Eduardo Aubert-Vázquez, Iris Rodriguez-Gil, Samir Das, Cécile Madjar, Trinidad Virues‐Alba, Zia Mohades, Leigh MacIntyre, Christine Rogers, Shawn T. Brown, Lourdes Valdés-Urrutia, Alan C. Evans, Mitchell Valdés-Sosa",on006126,1
"Cheryl L. Cramer, James P. Orlowski, Lucian K. DeNicola",on006126,1
"Giulia Lioi, Claire Cury, Lorraine Perronnet, Marsel Mano, Élise Bannier, Anatole Lécuyer, Christian Barillot","ds002336,ds002338,on006126",3
"Alessio Bellato, Luke Norman, Iman Idrees, Carolina Yuri Ogawa, Alice Waitt, Pedro Fonseca Zuccolo, Charlotte Tye, Joaquim Raduà, Madeleine J. Groom, Elizabeth Shephard",on006126,1
"Estelle Hervé, Giovanni Mento, Béatrice Desnous, François Clément",on006126,1
"Parikha Chawla, Shashi B. Rana, Hardeep Kaur, Kuldeep Singh, Rajamanickam Yuvaraj, M. Murugappan",on006126,1
"Elisabeth S. May, Cristina Gil Ávila, Son Ta Dinh, Henrik Heitmann, Vanessa D. Hohn, Moritz M. Nickel, Laura Tiemann, Thomas R. Tölle, Markus Ploner",on006126,1
"Seyed Mostafa Kia, Hester Huijsdens, Saige Rutherford, Richard Dinga, Thomas Wolfers, Maarten Mennes, Ole A. Andreassen, Lars T. Westlye, Christian F. Beckmann, André F. Marquand",on006126,1
"Pragathi Priyadharsini Balasubramani, Alejandro Ojeda, Gillian Grennan, Vojislav Maric, Hortense Le, Fahad Alim, Mariam Zafar-Khan, Juan Diaz-Delgado, Sarita Silveira, Dhakshin Ramanathan, Jyoti Mishra",on006126,1
"Yulin Wang, Wei Duan, Debo Dong, Lihong Ding, Xu Lei",on006126,1
"Yunbo Tang, Dan Chen, Xiaoli Li",on006126,1
"Jonathan Dan, Una Pale, Alireza Amirshahi, William Cappelletti, Thorir Mar Ingolfsson, Xiaying Wang, Andrea Cossettini, Adriano Bernini, Luca Benini, Sándor Beniczky, David Atienza, Philippe Ryvlin",on006126,1
"Qawi K. Telesford, Eduardo Gonzalez-Moreira, Ting Xu, Yiwen Tian, Stanley J. Colcombe, Jessica Cloud, Brian E. Russ, Arnaud Falchier, Maximilian Nentwich, Jens Madsen, Lucas C. Parra, Charles E. Schroeder, Michael P. Milham, Alexandre R. Franco",on006126,1
"Henrik Heitmann, Cristina Gil Ávila, Moritz M. Nickel, Son Ta Dinh, Elisabeth S. May, Laura Tiemann, Vanessa D. Hohn, Thomas R. Tölle, Markus Ploner",on006126,1
"Utkarsh Lal, Arjun Vinayak Chikkankod, Luca Longo",on006126,1
"Darinka Trübutschek, Yufang Yang, Claudia Gianelli, Elena Čėsnaitė, Nastassja Lopes Fischer, Mikkel C. Vinding, Tom R. Marshall, Johannes Algermissen, Annalisa Pascarella, Tuomas Puoliväli, Andrea Vitale, Niko A. Busch, Gustav Nilsonne",on006126,1
"Ina Bornkessel‐Schlesewsky, Isabella Sharrad, Caitlin A. Howlett, Phillip M. Alday, Andrew W. Corcoran, Valeria Bellan, Erica Wilkinson, Reinhold Kliegl, Richard L. Lewis, Steven L. Small, Matthias Schlesewsky",on006126,1
"Li Dong, Jianfu Li, Qiunan Zou, Yufan Zhang, Lingling Zhao, Xin Wen, Jinnan Gong, Fali Li, Tiejun Liu, Alan C. Evans, Pedro A. Valdés‐Sosa, Dezhong Yao",on006126,1
"Banghua Yang, Fenqi Rong, Yunlong Xie, Du Li, Jiayang Zhang, Fu Li, Guangming Shi, Xiaorong Gao",on006126,1
"George A. Buzzell, Santiago Morales, Emilio A. Valadez, Sabine Hunnius, Nathan A. Fox",on006126,1
"Mats Svantesson, Håkan Olausson, Anders Eklund, Magnus Thordstein",on006126,1
"Young-Eun Lee, Gi-Hwan Shin, Minji Lee, Seong–Whan Lee",on006126,1
"Johanna Wagner, Ramón Martínez-Cancino, Arnaud Delorme, Scott Makeig, Teodoro Solis‐Escalante, Christa Neuper, Gernot Müller-Putz",on006126,1
"Christoffer Hatlestad‐Hall, Trine Waage Rygvold, Stein Andersson",on006126,1
"Konstantinos Nasiotis, Martin Cousineau, François Tadel, Adrien Peyrache, Richard M. Leahy, Christopher C. Pack, Sylvain Baillet","ds000247,on006126",2
"Etienne Combrisson, Michele Allegra, Ruggero Basanisi, Robin A. A. Ince, Bruno L. Giordano, Julien Bastin, Andrea Brovelli",on006126,1
"Stefon van Noordt, James A. Desjardins, Scott Huberty, Lina Abou-Abbas, Sara Jane Webb, April R. Levin, Sidney J. Segalowitz, Alan C. Evans, Mayada Elsabbagh",on006126,1
"Federico Del Pup, A. Zanola, L. F. Tshimanga, Alessandra Bertoldo, L. Finos, M. Atzori",on006126,1
"Verónica Henao Isaza, Valeria Cadavid Castro, Luisa María Zapata Saldarriaga, Yorguin-Jose Mantilla-Ramos, Jazmín Ximena Suárez Revelo, Carlos Tobón, John Fredy Ochoa Gómez",on007176,1
"Anna Pavlova, Timofey Adamovich, Sergey Malykh",on007176,1
"Gian Marco Duma, Natalia Valencia, Javier Rasero, Paolo Bonanni, Giovanni Pellegrino",on007176,1
"Guiomar Niso, François Tadel, Elizabeth Bock, Martin Cousineau, A. Santos, Sylvain Baillet","ds000246,ds000247",2
"Sangtae Ahn, Flavio Frӧhlich",ds000246,1
"Davide Momi, Recep A. Ozdemir, Ehsan Tadayon, Pierre Boucher, Mouhsin M. Shafi, Álvaro Pascual‐Leone, Emiliano Santarnecchi",ds000246,1
"Ehsan Darestani Farahani, Jan Wouters, Astrid Van Wieringen",ds000246,1
"Simone Gastaldon, Giorgio Arcara, Eduardo Navarrete, Francesca Peressotti",ds000246,1
"Davide Momi, Recep A. Ozdemir, Ehsan Tadayon, Pierre Boucher, Alberto Di Domenico, Mirco Fasolo, Mouhsin M. Shafi, Álvaro Pascual‐Leone, Emiliano Santarnecchi",ds000246,1
"Nathan M. Petro, Lauren R. Ott, Samantha H. Penhale, Maggie P Rempe, Christine M. Embury, Giorgia Picci, Yu‐Ping Wang, Julia M. Stephen, Vince D. Calhoun, Tony W. Wilson",ds000246,1
"Lara Fernández, Mana Biabani, Michael Do, George M. Opie, Aron T. Hill, Michael P. Barham, Wei‐Peng Teo, Linda K. Byrne, Nigel C. Rogasch, Peter G. Enticott",ds000246,1
"Lauren R. Ott, Samantha H. Penhale, Brittany K. Taylor, Brandon J. Lew, Yu‐Ping Wang, Vince D. Calhoun, Julia M. Stephen, Tony W. Wilson",ds000246,1
"Ingmar Engbert Jacob de Vries, Giorgio Marinato, Daniel Baldauf",ds000246,1
"Takfarinas Medani, Juan García-Prieto, François Tadel, Marios Antonakakis, Tim Erdbrügger, Malte B. Höltershinken, Wayne Mead, Sophie Schrader, Anand A. Joshi, Christian Engwer, Carsten H. Wolters, John C. Mosher, Richard M. Leahy",ds000246,1
"Yi Zhang, Jizheng Yi, Aibin Chen, Le Cheng",ds000246,1
"Luca Ronconi, Andrea Vitale, Alessandra Federici, Elisa Pini, Massimo Molteni, Luca Casartelli",ds000246,1
"Zaira Romeo, Francesca Fusina, Luca Semenzato, Mario Bonato, Alessandro Angrilli, Chiara Spironelli",ds000246,1
"Qiuzhu Zhang, Cimei Luo, Ronald Ngetich, Junjun Zhang, Zhenlan Jin, Ling Li",ds000246,1
"Bart Witjes, Sylvain Baillet, Mathieu Roy, Robert Oostenveld, Frank J. P. M. Huygen, Cecile C. de Vos",ds000246,1
"Davide Cappon, R. Hingston Fox, Tim den Boer, Wanting Yu, Nicole LaGanke, Gabriele Cattaneo, Ruben Perellón‐Alfonso, David Bartrés‐Faz, Brad Manor, Álvaro Pascual‐Leone",ds000246,1
"Jo-Fu Lotus Lin, Toshiaki Imada, Andrew N. Meltzoff, Hirotoshi Hiraishi, Takashi Ikeda, Tetsuya Takahashi, Chiaki Hasegawa, Yuko Yoshimura, Mitsuru Kikuchi, Masayuki Hirata, Yoshio Minabe, Minoru Asada, Patricia K. Kuhl",ds000246,1
"Alex I. Wiesman, Peter Donhauser, Clotilde Degroot, Sabrina Diab, Shanna Kousaie, Edward A. Fon, Denise Klein, Sylvain Baillet, Sylvia Villeneuve, Quebec Parkinson Network",ds000246,1
"Luca Ronconi, Elio Balestrieri, Daniel Baldauf, David Melcher",ds000246,1
Marijn van Vliet,ds000246,1
"Jawata Afnan, Zhengchen Cai, Jean‐Marc Lina, Chifaou Abdallah, Édouard Delaire, Tamir Avigdor, Victoria Ros, Tanguy Hedrich, Nicolás von Ellenrieder, Eliane Kobayashi, Birgit Frauscher, Jean Gotman, Christophe Grova",ds000246,1
"Guiomar Niso, Marleen C. Tjepkema‐Cloostermans, Mathieu W.P.M. Lenders, Cecile C. de Vos",ds000246,1
"Samantha H. Penhale, Giorgia Picci, Lauren R. Ott, Brittany K. Taylor, Michaela R. Frenzel, Jacob A. Eastman, Yu‐Ping Wang, Vince D. Calhoun, Julia M. Stephen, Tony W. Wilson",ds000246,1
"Christian Valt, Tiziana Quarto, Angelantonio Tavella, Fabiola Romanelli, Leonardo Fazio, Giorgio Arcara, Mario Altamura, Giuseppe Barrasso, Antonello Bellomo, Giuseppe Blasi, Flora Brudaglio, Angela Carofiglio, Enrico D’Ambrosio, Flavia A. Padalino, Antonio Rampino, Alessandro Saponaro, Domenico Semisa, Domenico Suma, Giulio Pergola, Alessandro Bertolino",ds000246,1
"Fu‐Jung Hsiao, Wei‐Ta Chen, Hung-Yu Liu, Yen-Feng Wang, Shih‐Pin Chen, Kuan‐Lin Lai, Li‐Ling Hope Pan, Shuu‐Jiun Wang",ds000246,1
"Elizabeth R. Paitel, Kristy A. Nielson",ds000246,1
"Giorgia Picci, Lauren R. Ott, Samantha H. Penhale, Brittany K. Taylor, Hallie J. Johnson, Madelyn P. Willett, Hannah J. Okelberry, Yu‐Ping Wang, Vince D. Calhoun, Julia M. Stephen, Tony W. Wilson",ds000246,1
"Micah Amd, Sylvain Baillet",ds000246,1
"Alfredo Spagna, Dimitri J. Bayle, Zaira Romeo, Tal Seidel-Malkinson, Jianghao Liu, Lydia Yahia‐Cherif, Ana B. Chica, Paolo Bartolomeo",ds000246,1
"Aaron Nidiffer, Cody Zhewei Cao, Aisling E. O’Sullivan, Edmund C. Lalor",ds000246,1
"Rupesh Kumar Chikara, Saeed Jahromi, Eleonora Tamilia, Joseph R. Madsen, Steven M. Stufflebeam, Phillip L. Pearl, Christos Papadelis",ds000246,1
"Ryuji Saito, Kazuki Yoshida, Daisuke Sawamura, Akihiro Watanabe, Yukina Tokikuni, Shinya Sakai",ds000246,1
"Joshua Chu, Caleb Kemere",ds000246,1
"Michael J. Wright, Costas I. Karageorghis, Alexander V. Nowicky",ds000246,1
"Shashank Ghai, Fabien Dal Maso, Tatiana Ogourtsova, Alba Xifra‐Porxas, Myriam Villeneuve, Virginia B. Penhune, Marie‐Hélène Boudrias, Sylvain Baillet, Anouk Lamontagne",ds000246,1
"Hyun Kim, Pukyeong Seo, Jung‐Ick Byun, Ki‐Young Jung, Kyung Hwan Kim",ds000246,1
"Simone Cutini, Gian Marco Duma, Giovanni Mento",ds000246,1
"Ryoki Sasaki, Sho Kojima, Naofumi Otsuru, Hirotake Yokota, Kei Saito, Hiroshi Shirozu, Hideaki Onishi",ds000246,1
"Minyoung Kim, Hyukchan Kwon, Tae‐Heon Yang, Kiwoong Kim",ds000246,1
"Michael P. Trevarrow, Anna Reelfs, Lauren R. Ott, Samantha H. Penhale, Brandon J. Lew, Jessica K. Goeller, Tony W. Wilson, Max J. Kurz",ds000246,1
"Elena Čėsnaitė, Paul Steinfath, Mina Jamshidi Idaji, Tilman Stephani, Deniz Kumral, Stefan Haufe, Christian Sander, Tilman Hensch, Ulrich Hegerl, Steffi G. Riedel‐Heller, Susanne Röhr, Matthias L. Schroeter, A. Veronica Witte, Arno Villringer, Vadim V. Nikulin",ds000246,1
"Amirreza Asayesh, Sampsa Vanhatalo, Anton Tokariev",ds000246,1
"Danyang Wang, Sarah Wang, Benjamin D. Zinszer, Li Sheng, Kaja Kinga Jasińska",ds000246,1
"Xiyu Song, Ying Zeng, Li Tong, Jun Shu, Huimin Li, Bin Yan",ds000246,1
"Yuwen Hung, Marlee M. Vandewouw, Zahra Emami, Sonya Bells, Nicole Rudberg, Leodante da Costa, Benjamin T. Dunkley",ds000246,1
"Ruben Perellón‐Alfonso, María Redondo‐Camós, Kilian Abellaneda‐Pérez, Gabriele Cattaneo, Selma Delgado‐Gallén, Goretti España‐Irla, Javier Solana Sánchez, Josep M. Tormos, Álvaro Pascual‐Leone, David Bartrés‐Faz",ds000246,1
"Zaira Romeo, Alessandro Angrilli, Chiara Spironelli",ds000246,1
"Jianwei Shi, Xun Gong, Zhengping Song, Wenkai Xie, Yanfeng Yang, Xiangjie Sun, Penghu Wei, Changming Wang, Guoguang Zhao",ds000246,1
"Yihan Li, Yingfan Wang, Ping Jiang, Jintao Sun, Qiqi Chen, Xiaoshan Wang",ds000246,1
"Gianvito Laera, Giorgio Arcara, Patrick D. Gajewski, Matthias Kliegel, Alexandra Hering",ds000246,1
"Bart Witjes, Sylvain Baillet, Mathieu Roy, Robert Oostenveld, Frank Huygen, Cecile C. de Vos",ds000246,1
"Razieh Alemi, Sylvie Nozaradan, Alexandre Lehmann",ds000246,1
"Hao Xiong, Jinjin Chen, John Marwa Gikaro, Chenguang Wang, Feng Lin",ds000246,1
"Jesús Cabrera-Álvarez, Jaime Sánchez-Claros, Martín Carrasco-Gómez, Alberto del Cerro‐León, Carlos J. Gómez‐Ariza, Fernando Maestú, Cláudio R. Mirasso, Gianluca Susi",ds000246,1
"Martine Desjardins, Brandi Lee Drisdelle, Christine Lefebvre, Jean‐François Gagnon, Louis De Beaumont, Pierre Jolicœur",ds000246,1
"Paolo Ruggeri, Jenifer Miehlbradt, Aya Kabbara, Mahmoud Hassan",ds000246,1
"Nóra Csikós, Béla Petró, Petia Kojouharova, Katalin Scheiling, Zsófia Anna Gaál, István Czigler",ds000246,1
"Alexandre Cretton, Kate Schipper, Mahmoud Hassan, Paolo Ruggeri, Jérôme Barral",ds000246,1
"Xia Liu, Guowei Zheng, I. Beheshti, Shanling Ji, Zhinan Gou, Wenkuo Cui",ds000246,1
"Oscar Bedford, Alix Noly‐Gandon, Alberto Ara, Alex I. Wiesman, Philippe Albouy, Sylvain Baillet, Virginia B. Penhune, Robert J. Zatorre","ds000246,ds000247",2
"Gadi Miron, Thomas Baag, Kara Götz, Martin Holtkamp, Bernd J. Vorderwülbecke",ds000246,1
"Mikio Kubota, George Zouridakis",ds000246,1
"Maximilien Labaronne, Anne Caclin, Gaën Plancher",ds000246,1
"R. Sasaki, S. Kojima, Kei Saito, N. Otsuru, H. Shirozu, H. Onishi",ds000246,1
"J. Gong, Shengting Cao, Soroush Korivand, Nader Jalili",ds000246,1
Sylvain Baillet,ds000247,1
"Benjamin Morillon, Sylvain Baillet",ds000247,1
"Tuomas P. Mutanen, Johanna Metsomaa, Sara Liljander, Risto J. Ilmoniemi",ds000247,1
"Riitta Hari, Sylvain Baillet, Gareth R. Barnes, Richard C. Burgess, Nina Forss, Joachim Groß, Matti Hämäläinen, Ole Jensen, Ryusuke Kakigi, François Mauguı̀ere, Nobukatzu Nakasato, Aina Puce, Gian-Luca Romani, Alfons Schnitzler, Samu Taulu","ds000247,ds000248",2
Joachim Groß,ds000247,1
"Jan‐Mathijs Schoffelen, Robert Oostenveld, Nietzsche H. L. Lam, Julia Uddén, Annika Hultén, Peter Hagoort",ds000247,1
"Jason da Silva Castanheira, Hector Domingo Orozco Perez, Bratislav Mišić, Sylvain Baillet",ds000247,1
"Guiomar Niso, S. Carrasco, M Gudín, Fernando Maestú, Francisco del Pozo, Ernesto Pereda",ds000247,1
"Almudena Capilla, Lydia Arana, Marta García-Huéscar, María Melcón, Joachim Groß, Pablo Campo",ds000247,1
"James Bonaiuto, Sofie S. Meyer, Simon Little, Holly E. Rossiter, Martina F. Callaghan, Frederic Dick, Gareth R. Barnes, Sven Bestmann",ds000247,1
"Alex I. Wiesman, Jason da Silva Castanheira, Sylvain Baillet",ds000247,1
"Oscar Ferrante, Ling Liu, Tamas Minarik, Urszula Górska, Tara Ghafari, Huan Luo, Ole Jensen",ds000247,1
"Franziska Mueller, Guiomar Niso, Soheila Samiee, Maurice Ptito, Sylvain Baillet, Ron Kupers",ds000247,1
"Samir Das, Tristan Glatard, Leigh MacIntyre, Cécile Madjar, Christine Rogers, Marc-Étienne Rousseau, Pierre Rioux, D.R. MacFarlane, Zia Mohades, Rathi Gnanasekaran, Carolina Makowski, Penelope Kostopoulos, Reza Adalat, Najmeh Khalili‐Mahani, Guiomar Niso, Jeremy T. Moreau, Alan C. Evans",ds000247,1
"Brandon J. Lew, Emily E. Fitzgerald, Lauren R. Ott, Samantha H. Penhale, Tony W. Wilson",ds000247,1
"Rodolfó R. Llinás, М.Н. Устинин, С.Д. Рыкунов, A.I. Boyko, В. В. Сычев, Kerry D. Walton, Guilherme M. Rabello, John Garcia",ds000247,1
"Alex Treacher, Prabhat Garg, Elizabeth M. Davenport, Ryan C. Godwin, Amy L. Proskovec, Leonardo Guimaraes Bezerra, Gowtham Krishnan Murugesan, Ben Wagner, Christopher T. Whitlow, Joel D. Stitzel, Joseph A. Maldjian, Albert Montillo",ds000247,1
"Martin Sjøgård, Xavier De Tiège, Alison Mary, Philippe Peigneux, Serge Goldman, Guy Nagels, Jeroen Van Schependom, Andrew J. Quinn, Mark W. Woolrich, Vincent Wens",ds000247,1
"Lorenz Esch, Christoph Dinh, Eric B. Larson, Denis A. Engemann, Mainak Jas, Sheraz Khan, Alexandre Gramfort, Matti Hämäläinen",ds000247,1
"Jawata Afnan, Nicolás von Ellenrieder, Jean‐Marc Lina, Giovanni Pellegrino, Giorgio Arcara, Zhengchen Cai, Tanguy Hedrich, Chifaou Abdallah, Hassan Khajehpour, Birgit Frauscher, Jean Gotman, Christophe Grova",ds000247,1
"Jason da Silva Castanheira, Alex I. Wiesman, Justine Y Hansen, Bratislav Misic, Sylvain Baillet, John Breitner, Judes Poirier, Sylvain Baillet, Pierre Bellec, Véronique Bohbot, Mallar Chakravarty, Louis Collins, Pierre Etienne, Alan Evans, Serge Gauthier, Rick Hoge, Yasser Ituria-Medina, Gerhard Multhaup, Lisa-Marie Münter, Natasha Rajah, Pedro Rosa-Neto, Jean-Paul Soucy, Etienne Vachon-Presseau, Sylvia Villeneuve, Philippe Amouyel, Melissa Appleby, Nicholas Ashton, Daniel Auld, Gülebru Ayranci, Christophe Bedetti, Marie-Lise Beland, Kaj Blennow, Ann Brinkmalm Westman, Claudio Cuello, Mahsa Dadar, Leslie-Ann Daoust, Samir Das, Marina Dauar-Tedeschi, Louis De Beaumont, Doris Dea, Maxime Descoteaux, Marianne Dufour, Sarah Farzin, Fabiola Ferdinand, Vladimir Fonov, Julie Gonneaud, Justin Kat, Christina Kazazian, Anne Labonté, Marie-Elyse Lafaille-Magnan",ds000247,1
"Simon Little, James Bonaiuto, Sofie S. Meyer, José David López, Sven Bestmann, Gareth R. Barnes",ds000247,1
"Samir Das, Rida Abou-Haidar, Henri Rabalais, Sonia Denise Lai Wing Sun, Zaliqa Rosli, Krishna Chatpar, Marie‐Noëlle Boivin, Mahdieh Tabatabaei, Christine Rogers, Mélanie Legault, Derek Lo, Clotilde Degroot, Alain Dagher, Stephanie O. M. Dyke, Thomas M. Durcan, Annabel Seyller, Julien Doyon, Viviane Poupon, Edward A. Fon, Angela Genge, Guy A. Rouleau, Jason Karamchandani, Alan C. Evans",ds000247,1
"Hugo R. Jourde, Raphaëlle Merlo, Mary Brooks, Meredith L. Rowe, Emily B. J. Coffey",ds000247,1
"Peter Donhauser, Esther Florin, Sylvain Baillet",ds000247,1
"Yingfan Wang, Yihan Li, Fangling Sun, Yue Xu, Fengyuan Xu, Siyi Wang, Xiaoshan Wang",ds000247,1
"Jason da Silva Castanheira, Hector D. Orozco, Bratislav Mišić, Sylvain Baillet",ds000247,1
"Liz Izhikevich, Richard Gao, Erik Peterson, Bradley Voytek",ds000247,1
"Hugo R. Jourde, Emily B. J. Coffey",ds000247,1
"Arjan Hillebrand, William Gaetz, Paul L. Furlong, Alida A. Gouw, Cornelis J. Stam",ds000247,1
"Rodolfó R. Llinás, С.Д. Рыкунов, Kerry D. Walton, A.I. Boyko, М.Н. Устинин",ds000247,1
"William Wong, Rubén Herzog, Kátia C. Andrade, Thomas Andrillon, Dráulio Barros de Araújo, Isabelle Arnulf, Somayeh Ataei, Giulia Avvenuti, Benjamin Baird, Michele Bellesi, Damiana Bergamo, Giulio Bernardi, Mark Blagrove, Nicolas Decat, Çağatay Demirel, Martin Dresler, Jean‐Baptiste Eichenlaub, Valentina Elce, Steffen Gais, Luigi De Gennaro, Jarrod Gott, Chihiro Hiramatsu, Bjørn Erik Juel, Karen Konkoly, Deniz Kumral, Célia Lacaux, Joshua J. LaRocque, Bigna Lenggenhager, Remington Mallett, Sérgio Mota‐Rolim, Yuki Motomura, André Sevenius Nilsen, Valdas Noreika, Delphine Oudiette, Fernanda Palhano-Fontes, Jessica Palmieri, Ken A. Paller, Lampros Perogamvros, Antti Revonsuo, Elaine van Rijn, Serena Scarpelli, Monika Schönauer, Sarah F. Schoch, Francesca Siclari, Pilleriin Sikka, Johan F. Storm, Hiroshige Takeichi, Katja Valli, Erin J. Wamsley, Jennifer Windt",ds000247,1
"М.Н. Устинин, Andrii Boyko, С.Д. Рыкунов",ds000247,1
"R. Martos Calvo, Carles Martorell, Guillermo B. Morales, Serena Di Santo, Miguel A. Muñoz",ds000247,1
"S. Rykunov, E. S. Oplachko, M. Ustinin, Ekaterina Sergeevna",ds000247,1
"С.Д. Рыкунов, E.D. Rykunova, A.I. Boyko, М.Н. Устинин",ds000247,1
"Sylvia Villeneuve, Judes Poirier, John C.S. Breitner, Jennifer Tremblay‐Mercier, Jordana Remz, Jean‐Michel Raoult, Yara Yakoub, Jonathan Gallego‐Rudolf, Ting Qiu, Alfonso Fajardo Valdez, Béry Mohammediyan, Mohammadali Javanray, Amelie Metz, Safa Sanami, Valentin Ourry, Alfie Wearn, Alexandre Pastor‐Bernier, Manon Edde, Julie Gonneaud, Cherie Strikwerda‐Brown, Christine Tardif, Claudine Gauthier, Maxime Descoteaux, Mahsa Dadar, Étienne Vachon‐Presseau, Andrée‐Ann Baril, Simon Ducharme, Maxime Montembeault, Maiya R. Geddes, Jean‐Paul Soucy, Natasha Rajah, Robert Laforce, Christian Bocti, Christos Davatzikos, Pierre Bellec, Pedro Rosa‐Neto, Sylvain Baillet, Alan C. Evans, D. Louis Collins, M. Mallar Chakravarty, Kaj Blennow, Henrik Zetterberg, R. Nathan Spreng, Alexa Pichet Binette",ds000247,1
"Fangling Sun, Siyi Wang, Yingfan Wang, Jintao Sun, Yihan Li, Yanzhang Li, Yue Xu, Xiaoshan Wang",ds000247,1
"Tomohisa Asai, Shiho Kashihara, Shinya Chiyohara, Kentaro Hiromitsu, Hiroshi Imamizu",ds000247,1
"Hannah Bergwell, Michael P. Trevarrow, Elizabeth Heinrichs‐Graham, Anna Reelfs, Lauren R. Ott, Samantha H. Penhale, Tony W. Wilson, Max J. Kurz",ds000247,1
"М.Н. Устинин, С.Д. Рыкунов, A.I. Boyko, O.A. Maslova, Kerry D. Walton, Rodolfó R. Llinás",ds000247,1
Stavros I. Dimitriadis,ds000247,1
"Qiaoyu Chen, Craig McAllister, Mark T. Elliott, Kimron L. Shapiro, Simon Hanslmayr",ds000247,1
"Brenda Y. Angulo-Ruíz, Elena I. Rodríguez‐Martínez, Vanesa Muñoz, Carlos M. Gómez",ds000247,1
"Qian Wang, Pengfei Teng, Guoming Luan",ds000247,1
"Lydia Arana, Juan José Herrera-Morueco, Javier Santonja, Almudena Capilla",ds000247,1
"D. Calvetti, E. Somersalo",ds000247,1
"Pria L. Daniel, J. Bonaiuto, S. Bestmann, A. Aron, S. Little",ds000247,1
"M. Ustinin, A. Boyko, S. Rykunov",ds000247,1
"M. Ustinin, S. Rykunov, A. Boyko, O. Maslova, N. M. Pankratova",ds000247,1
"Jonathan Xu, Ugo Bruzadin Nunes, Wangshu Jiang, Samuel Ryther, J. Pringle, Paul S. Scotti, Arnaud Delorme, Reese Kneeland",ds000247,1
"P. Mouseli, B. Dunkley, M. Moayedi",ds000247,1
"Kanad N. Mandke, P. Tewarie, Peyman Adjamian, Martin Schürmann, J. Meier",ds000247,1
"Philippe Ciuciu, Patrice Abry, Biyu J. He",ds000248,1
"Patrice Abry, Herwig Wendt, Stéphane Jaffard, Gustavo Didier",ds000248,1
"Dominique Makowski, Tam Pham, Zen Juen Lau, Jan C. Brammer, François Lespinasse, Hung Pham, Christopher Schölzel, Shen‐Hsing Annabel Chen",ds000248,1
"Gaël Varoquaux, Pradeep Reddy Raamana, Denis A. Engemann, Andrés Hoyos-Idrobo, Yannick Schwartz, Bertrand Thirion",ds000248,1
"Nikolaas N. Oosterhof, Andrew C. Connolly, James V. Haxby",ds000248,1
"Jona Sassenhagen, Dejan Draschkow",ds000248,1
"Jan Claassen, Kevin Doyle, Adu Matory, Caroline Couch, Kelly M. Burger, Ángela Velázquez, Joshua U. Okonkwo, Jean-Rémi King, Soojin Park, Sachin Agarwal, David Roh, Murad Megjhani, Andrey Eliseyev, E. Sander Connolly, Benjamin Rohaut",ds000248,1
"Sean L. Metzger, Kaylo T. Littlejohn, Alexander B. Silva, David A. Moses, Margaret P. Seaton, Ran Wang, Maximilian E. Dougherty, Jessie R. Liu, Peter Wu, Michael A. Berger, Inga Zhuravleva, Adelyn Tu-Chan, Karunesh Ganguly, Gopala K. Anumanchipalli, Edward F. Chang",ds000248,1
"Leonhard Waschke, Niels A Kloosterman, Jonas Obleser, Douglas D. Garrett",ds000248,1
"Charlotte Caucheteux, Alexandre Gramfort, Jean-Rémi King",ds000248,1
"Michel‐Pierre Coll, Hannah Hobson, Geoffrey Bird, Jennifer Murphy",ds000248,1
"Allison C. Nugent, Elizabeth D. Ballard, Todd D. Gould, Lawrence T. Park, Ruin Moaddel, Nancy E. Brutsché, Carlos A. Zarate",ds000248,1
"Oula Puonti, Koen Van Leemput, Guilherme B. Saturnino, Hartwig R. Siebner, Kristoffer H. Madsen, Axel Thielscher",ds000248,1
"Jean-Rémi King, Niccolò Pescetelli, Stanislas Dehaene",ds000248,1
"Denis A. Engemann, Alexandre Gramfort",ds000248,1
"Paolo Maria Rossini, Riccardo Di Iorio, F. Vecchio, Maria Anfossi, Claudio Babiloni, Marco Bozzali, Amalia C. Bruni, Stefano F. Cappa, Javier Escudero, Francisco J. Fraga, Pantéleimon Giannakopoulos, Bahar Güntekin, Giancarlo Logroscino, Camillo Marra, Francesca Miraglia, Francesco Panza, Franca Tecchio, Álvaro Pascual‐Leone, Bruno Dubois",ds000248,1
"Sinead Gaubert, Federico Raimondo, Marion Houot, Marie‐Constance Corsi, Lionel Naccache, Jacobo Sitt, Bertrand Hermann, Delphine Oudiette, Geoffroy Gagliardi, Marie-Odile Habert, Bruno Dubois, Fabrizio De Vico Fallani, Hovagim Bakardjian, Stéphane Epelbaum, Alzheimer’s Disease Neuroimaging Initiative",ds000248,1
"Esti Blanco-Elorrieta, Liina Pylkkänen",ds000248,1
"Darinka Trübutschek, Sébastien Marti, Andrés Ojeda, Jean-Rémi King, Yuanyuan Mi, Misha Tsodyks, Stanislas Dehaene",ds000248,1
"Peter Donhauser, Sylvain Baillet",ds000248,1
"Natalie Schaworonkow, Bradley Voytek",ds000248,1
"Malik Muhammad Naeem Mannan, Muhammad Ahmad Kamran, Myung Yung Jeong","ds000248,ds001810",2
"Inga Korolczuk, Borı́s Burle, Jennifer T. Coull, Kamila Śmigasiewicz",ds000248,1
"Claire Sergent, Martina Corazzol, Ghislaine Labouret, François Stockart, Mark Wexler, Jean-Rémi King, Florent Meyniel, Daniel Pressnitzer",ds000248,1
"Philipp Thölke, Yorguin-José Mantilla-Ramos, Hamza Abdelhedi, Charlotte Maschke, Arthur Dehgan, Yann Harel, Anirudha Kemtur, Loubna Mekki Berrada, Myriam Sahraoui, Tammy Young, Antoine Bellemare, Clara El Khantour, Mathieu Landry, Annalisa Pascarella, Vanessa Hadid, Etienne Combrisson, Jordan O’Byrne, Karim Jerbi",ds000248,1
"Jordy Tasserie, Lynn Uhrig, Jacobo Sitt, Dragana Manasova, Morgan Dupont, Stanislas Dehaene, Béchir Jarraya",ds000248,1
"Ethan R. Buch, Leonardo Claudino, Romain Quentin, Marlene Bönstrup, Leonardo Cohen",ds000248,1
"Obada Al Zoubi, Chung Ki Wong, Rayus Kuplicki, Hung‐Wen Yeh, Ahmad Mayeli, Hazem H. Refai, Martin P. Paulus, Jerzy Bodurka",ds000248,1
"Adam Li, Chester Huynh, Zachary Fitzgerald, Iahn Cajigas, Damian Brusko, Jonathan Jagid, Angel Claudio, Andrés M. Kanner, Jennifer L. Hopp, Stephanie Chen, Jennifer Haagensen, Emily L. Johnson, William S. Anderson, Nathan E. Crone, Sara K. Inati, Kareem A. Zaghloul, Juan Bulacio, Jorge González-Martínez, Sridevi V. Sarma",ds000248,1
"Bruno Colombet, Marmaduke Woodman, J. Badier, Christian Bénar",ds000248,1
"Espen Hagen, Solveig Næss, Torbjørn V. Ness, Gaute T. Einevoll",ds000248,1
"Stefan Haufe, Arne Ewald",ds000248,1
"Christian Brodbeck, Alessandro Presacco, Jonathan Z. Simon",ds000248,1
"Denis A. Engemann, Oleh Kozynets, David Sabbagh, G Lemaître, Gaël Varoquaux, Franziskus Liem, Alexandre Gramfort",ds000248,1
"Odile Feys, Pierre Corvilain, Alec Aeby, Claudine Sculier, Niall Holmes, Matthew J. Brookes, Serge Goldman, Vincent Wens, Xavier De Tiège",ds000248,1
"Anne Kösem, Alexandre Gramfort, Virginie van Wassenhove",ds000248,1
"April R. Levin, Adriana S. Méndez Leal, Laurel J. Gabard‐Durnam, Heather M. O’Leary",ds000248,1
"Robert Luke, Eric B. Larson, Maureen J. Shader, Hamish Innes-Brown, Lindsey Van Yper, Adrian K. C. Lee, Paul F. Sowman, David McAlpine",ds000248,1
"Pilar Garcés, David López‐Sanz, Fernando Maestú, Ernesto Pereda",ds000248,1
"Maren Stropahl, Anna‐Katharina R. Bauer, Stefan Debener, Martin G. Bleichner",ds000248,1
"Britta U. Westner, Sarang S. Dalal, Alexandre Gramfort, Vladimir Litvak, John C. Mosher, Robert Oostenveld, Jan‐Mathijs Schoffelen",ds000248,1
"Samuel A. Neymotin, Dylan S Daniels, Blake Caldwell, Robert A. McDougal, Nicholas T. Carnevale, Mainak Jas, Christopher I. Moore, Michael L. Hines, Matti Hämäläinen, Stephanie R. Jones",ds000248,1
"Bruno Nicenboim, Shravan Vasishth, Frank Rösler",ds000248,1
"Rattanaphon Chaisaen, Phairot Autthasan, Nopparada Mingchinda, Pitshaporn Leelaarporn, Narin Kunaseth, Suppakorn Tammajarung, Poramate Manoonpong, Subhas Chandra Mukhopadhyay, Theerawit Wilaiprasitporn",ds000248,1
"Anaël Ayrolles, Florence Brun, Yi‐Ping Phoebe Chen, Amir Djalovski, Yann Beauxis, Richard Delorme, Thomas Bourgeron, Suzanne Dikker, Guillaume Dumas",ds000248,1
"Federico Raimondo, Benjamin Rohaut, Athéna Demertzi, Mélanie Valente, Denis A. Engemann, Moti Salti, Diego Fernández Slezak, Lionel Naccache, Jacobo Sitt",ds000248,1
"Lau M. Andersen, Michael N. Pedersen, Kristian Sandberg, Morten Overgaard",ds000248,1
"Chris Holdgraf, Wendy de Heer, Brian N. Pasley, Jochem W. Rieger, Nathan E. Crone, Jack J. Lin, Robert T. Knight, Frédéric E. Theunissen",ds000248,1
"Niels Trusbak Haumann, Lauri Parkkonen, Marina Kliuchko, Peter Vuust, Elvira Brattico",ds000248,1
"Cédric Rommel, Joseph Paillard, Thomas Moreau, Alexandre Gramfort",ds000248,1
"C. Kothe, Seyed Yahya Shirazi, Tristan Stenner, David Medine, Chadwick Boulay, Matthew I. Grivich, Fiorenzo Artoni, Tim Mullen, Arnaud Delorme, Scott Makeig",ds000248,1
"William Matchin, Christian Brodbeck, Christopher Hammerly, Ellen Lau",ds000248,1
"Rui Sun, Abbas Sohrabpour, Gregory A. Worrell, Bin He",ds000248,1
"Peter R. Murphy, Niklas Wilming, Diana C. Hernandez-Bocanegra, Genís Prat-Ortega, Tobias H. Donner",ds000248,1
"Octave Etard, Mikolaj Kegler, Chananel Braiman, Antonio Elia Forte, Tobias Reichenbach",ds000248,1
"Salman E. Qasim, Uma R. Mohan, Joel M. Stein, Joshua Jacobs",ds000248,1
"Thomas Andrillon, Geoffroy Solelhac, Paul Bouchequet, Francesco Romanò, Max-Pol Le Brun, M. Brigham, Mounir Chennaoui, Damien Léger",ds000248,1
"John G. Samuelsson, Noam Peled, Fahimeh Mamashli, Jyrki Ahveninen, Matti Hämäläinen",ds000248,1
"N. N. Ahmed, Jeevan Medikonda",ds000248,1
"Jean-R'emi King, Corentin Bel, L. Evanson, Julien Gadonneix, Sophia Houhamdi, Jarod L'evy, Jos'ephine Raugel, Andrea Santos Revilla, Mingfang Zhang, Julie Bonnaire, Charlotte Caucheteux, Alexandre D'efossez, T. Desbordes, Pablo J. Diego-Sim'on, S. Khanna, Juliette Millet, Pierre Orhan, S. Panchavati, Antoine Ratouchniak, A. Thual, Teon L Brooks, K. Begany, Yohann Benchetrit, Marlène Careil, Hubert J. Banville, Stéphane d’Ascoli, Simon Dahan, Jérémy Rapin",ds000248,1
"Fabricio Cravo, R. Rodriguez, Alfonso Nieto-Castañón, Stephanie Noble",ds000248,1
"Andrea Antal, Ivan Alekseichuk, Marom Bikson, Jürgen Brockmöller, André R. Brunoni, Robert Chen, Leonardo G. Cohen, G. Dowthwaite, Jens Ellrich, Agnes Flöel, Felipe Fregni, Mark S. George, Roy H. Hamilton, Jens Haueisen, Christoph S. Herrmann, Friedhelm C. Hummel, Jean‐Pascal Lefaucheur, David Liebetanz, Colleen Loo, Colin McCaig, Carlo Miniussi, Pedro C. Miranda, Vera Moliadze, Michael A. Nitsche, Rafał Nowak, Frank Padberg, Álvaro Pascual‐Leone, Wigand Poppendieck, Alberto Priori, Símone Rossi, Paolo Maria Rossini, John C. Rothwell, Maria Adele Rueger, Giulio Ruffini, Klaus Schellhorn, HR Siebner, Yoshikazu Ugawa, Anna Wexler, Ulf Ziemann, Mark Hallett, Walter Paulus",ds001810,1
"Rafael Polanía, Michael A. Nitsche, Christian C. Ruff",ds001810,1
"Anli Liu, Mihály Vöröslakos, Greg Kronberg, Simon Henin, Matthew R. Krause, Yu Huang, Alexander Opitz, Ashesh D. Mehta, Christopher C. Pack, Bart Krekelberg, Antal Berényi, Lucas C. Parra, Lucía Melloni, Orrin Devinsky, György Buzsáki",ds001810,1
"Yu Huang, Anli Liu, Belen Lafon, Daniel Friedman, Michael Dayan, Xiuyuan Wang, Marom Bikson, Werner Doyle, Orrin Devinsky, Lucas C. Parra",ds001810,1
"Matthew R. Krause, Pedro G. Vieira, Bennett A. Csorba, Praveen K. Pilly, Christopher C. Pack",ds001810,1
"Osama Elyamany, Gregor Leicht, Christoph S. Herrmann, Christoph Mulert",ds001810,1
"Til Ole Bergmann, Gesa Hartwigsen",ds001810,1
"Gregor Thut, Til Ole Bergmann, Flavio Frӧhlich, Surjo R. Soekadar, John‐Stuart Brittain, Antoni Valero‐Cabré, Alexander T. Sack, Carlo Miniussi, Andrea Antal, Hartwig R. Siebner, Ulf Ziemann, Christoph S. Herrmann",ds001810,1
"Inês R. Violante, Lucia M. Li, David W. Carmichael, Romy Lorenz, Robert Leech, Adam Hampshire, John C. Rothwell, David Sharp",ds001810,1
"Luke A. Johnson, Ivan Alekseichuk, Jordan Krieg, Alex Doyle, Ying Yu, Jerrold L. Vitek, Matthew D. Johnson, Alexander Opitz",ds001810,1
"Amir Vala Tavakoli, Kyongsik Yun",ds001810,1
"Miles Wischnewski, Ivan Alekseichuk, Alexander Opitz",ds001810,1
"Florian H. Kasten, Katharina Duecker, Marike C. Maack, Arnd Meiser, Christoph S. Herrmann",ds001810,1
"Florian H. Kasten, Christoph S. Herrmann",ds001810,1
"Wei Angel Huang, Iain Stitt, Ehsan Negahbani, D. J. Passey, Sangtae Ahn, Marshall Davey, Moritz Dannhauer, Thien T. Doan, Anna C. Hoover, Angel V. Peterchev, Susanne Radtke‐Schuller, Flavio Frӧhlich",ds001810,1
"Vogeti Sreekari, Cindy Boetzel, Christoph S. Herrmann",ds001810,1
"Matthew R. Krause, Pedro G. Vieira, Jean‐Philippe Thivierge, Christopher C. Pack",ds001810,1
Robert M. G. Reinhart,ds001810,1
"Nicholas S. Bland, Martin V. Sale",ds001810,1
"Toralf Neuling, Philipp Ruhnau, Nathan Weisz, Christoph S. Herrmann, Gianpaolo Demarchi",ds001810,1
"Pedro G. Vieira, Matthew R. Krause, Christopher C. Pack",ds001810,1
"Ghazaleh Soleimani, Michael A. Nitsche, Til Ole Bergmann, Farzad Towhidkhah, Inês R. Violante, Romy Lorenz, Rayus Kuplicki, Aki Tsuchiyagaito, Beni Mulyana, Ahmad Mayeli, Peyman Ghobadi‐Azbari, Mohsen Mosayebi-Samani, Anna Zilverstand, Martin P. Paulus, Marom Bikson, Hamed Ekhtiari",ds001810,1
"Magdalena Nowak, Catharina Zich, Charlotte J. Stagg",ds001810,1
"Nima Noury, Markus Siegel",ds001810,1
"Alexander Opitz, Arnaud Falchier, Gary Linn, Michael P. Milham, Charles E. Schroeder",ds001810,1
"Bettina C. Schwab, Jonas Misselhorn, Andreas K. Engel",ds001810,1
"Bankim Subhash Chander, Matthias Witkowski, Christoph Braun, Stephen E. Robinson, Jan Born, Leonardo G. Cohen, Niels Birbaumer, Surjo R. Soekadar",ds001810,1
"Tjeerd W. Boonstra, Stevan Nikolin, Ann-Christin Meisener, Donel Martin, Colleen Loo",ds001810,1
"Valeriia Beliaeva, Iurii Savvateev, Valerio Zerbi, Rafael Polanía",ds001810,1
"Marina Fiene, Bettina C. Schwab, Jonas Misselhorn, Christoph S. Herrmann, Till R. Schneider, Andreas K. Engel",ds001810,1
"Nigel Gebodh, Zeinab Esmaeilpour, Devin Adair, Kenneth C. Chelette, Jacek Dmochowski, Adam J. Woods, Emily S. Kappenman, Lucas C. Parra, Marom Bikson",ds001810,1
"Jim Herring, Sophie Esterer, Tom R. Marshall, Ole Jensen, Til Ole Bergmann",ds001810,1
"Florian H. Kasten, Ehsan Negahbani, Flavio Frӧhlich, Christoph S. Herrmann",ds001810,1
"Jonas Misselhorn, Bettina C. Schwab, Till R. Schneider, Andreas K. Engel",ds001810,1
"Iñaki Iturrate, Michael Pereira, José del R. Millán",ds001810,1
"David Haslacher, Khaled Nasr, Stephen E. Robinson, Christoph Braun, Surjo R. Soekadar",ds001810,1
"Luca Battaglini, Andrea Ghiani, Clara Casco, Luca Ronconi",ds001810,1
"Siddharth Kohli, Alexander J. Casson",ds001810,1
"Matteo Mancini, Debora Brignani, Silvia Conforto, Piercarlo Mauri, Carlo Miniussi, Maria Concetta Pellicciari",ds001810,1
"Bettina C. Schwab, Peter König, Andreas K. Engel",ds001810,1
"Florian H. Kasten, Burkhard Maeß, Christoph S. Herrmann",ds001810,1
"Maria-Lisa Kleinert, Caroline Szymanski, Viktor Müller",ds001810,1
"Selma K. Kemmerer, Alexander T. Sack, Tom A. de Graaf, Sanne ten Oever, Peter De Weerd, Teresa Schuhmann",ds001810,1
"Christoph S. Herrmann, Daniel Strüber",ds001810,1
"Tiam Hosseinian, Fatemeh Yavari, Maria Chiara Biagi, Min‐Fang Kuo, Giulio Ruffini, Michael A. Nitsche, Asif Jamil",ds001810,1
"Soojin Lee, Martin J. McKeown, Z. Jane Wang, Xun Chen",ds001810,1
"Farrokh Mansouri, Peter Fettes, Laura Schulze, Peter Giacobbe, José Zariffa, Jonathan Downar",ds001810,1
"Julià L. Amengual, Marine Vernet, Claude Adam, Antoni Valero‐Cabré",ds001810,1
"Ivan Alekseichuk, Zsolt Turi, Sibel Veit, Walter Paulus",ds001810,1
"Jan‐Ole Radecke, Marina Fiene, Jonas Misselhorn, Christoph S. Herrmann, Andreas K. Engel, Carsten H. Wolters, Till R. Schneider",ds001810,1
"Christine M. Schubert, Alhuda Dabbagh, Joseph Claßen, Ulrike M. Krämer, Elinor Tzvi",ds001810,1
"Heiko I. Stecher, Annika Notbohm, Florian H. Kasten, Christoph S. Herrmann",ds001810,1
"J.H. Meier, Guido Nolte, Till R. Schneider, Andreas K. Engel, Gregor Leicht, Christoph Mulert",ds001810,1
"Sankaraleengam Alagapan, Hae Won Shin, Flavio Frӧhlich, Hau‐Tieng Wu",ds001810,1
"Flavio Frӧhlich, Leah Townsend",ds001810,1
"Fabian Popp, Isa Dallmer‐Zerbe, Alexandra Philipsen, Christoph S. Herrmann",ds001810,1
"James Dowsett, Christoph S. Herrmann, Marianne Dieterich, Paul C.J. Taylor",ds001810,1
"David Haslacher, Asmita Narang, Rodika Sokoliuk, Alessia Cavallo, Philipp Reber, Khaled Nasr, Emiliano Santarnecchi, Surjo R. Soekadar",ds001810,1
"Carsten Thiele, Tino Zaehle, Aiden Haghikia, Philipp Ruhnau",ds001810,1
"Marina Fiene, Jan‐Ole Radecke, Jonas Misselhorn, Malte Sengelmann, Christoph S. Herrmann, Till R. Schneider, Bettina C. Schwab, Andreas K. Engel",ds001810,1
"Vanessa D. Hohn, Elisabeth S. May, Markus Ploner",ds001810,1
"Federico Barban, Michela Chiappalone, Gaia Bonassi, Dante Mantini, Marianna Semprini",ds001810,1
"Andra Coldea, Stéphanie Morand, Domenica Veniero, Monika Harvey, Gregor Thut",ds001810,1
"A Fabbrini, Andrea Guerra, Margherita Giangrosso, Nicoletta Manzo, Giorgio Leodori, Patrizio Pasqualetti, Antonella Conte, Vincenzo Di Lazzaro, Alfredo Berardelli",ds001810,1
"Amani Yousef Owda, Alexander J. Casson",ds001810,1
"Kyra Kannen, Behrem Aslan, Cindy Boetzel, Christoph S. Herrmann, Silke Lux, Helena Rosén, Benjamin Selaskowski, Annika Wiebe, Alexandra Philipsen, Niclas Braun",ds001810,1
"Flavio Frӧhlich, Caroline Lustenberger",ds001810,1
"Mária Orendáčová, Eugen Kvašňák",ds001810,1
"David Haslacher, Alessia Cavallo, Philipp Reber, Anna Kattein, Moritz Thiele, Khaled Nasr, Kimia Hashemi, Rodika Sokoliuk, Gregor Thut, Surjo R. Soekadar",ds001810,1
"Yuchen He, Shuang Liu, Long Chen, Yufeng Ke, Dong Ming",ds001810,1
"Johannes Vosskuhl, Tuomas P. Mutanen, Toralf Neuling, Risto J. Ilmoniemi, Christoph S. Herrmann",ds001810,1
"Xuanteng Yan, Marie-Helene Boudrias, Georgios D. Mitsis",ds001810,1
"Yao Wang, Limeng Shi, Gaoyuan Dong, Zuoying Zhang, Ruijuan Chen",ds001810,1
"Nigel Gebodh, Zeinab Esmaeilpour, Devin Adair, Pedro Schestattsky, Felipe Fregni, Marom Bikson",ds001810,1
"Sven Storch, Montana Samantzis, Matilde Balbi",ds001810,1
"Petteri Hyvärinen, Dawoon Choi, Gianpaolo Demarchi, Antti A. Aarnisalo, Nathan Weisz",ds001810,1
"Tingni Li, Yichen Chang, Shuzhi Zhao, Jeffery A. Jones, Xi Chen, Chu Gan, Xiuqin Wu, Guangyan Dai, Jingting Li, Ying Shen, Peng Liu, Hanjun Liu",ds001810,1
"Linus Haberbosch, Sein Schmidt, Andreas Jooß, Arvid Köhn, Leonard Kozarzewski, Maria Rönnefarth, Michael Scholz, Stephan A. Brandt",ds001810,1
"Andrea Antal, Jovana Bjekić, Ana Ganho-Ávila, Ivan Alekseichuk, Sara Assecondi, Til Ole Bergmann, Marom Bikson, Jérôme Brunelin, André R. Brunoni, Leigh Charvet, Robert Chen, Roi Cohen Kadosh, Lukas Diedrich, Giordano D’Urso, Roberta Ferrucci, Saša R. Filipović, Paul B. Fitzgerald, Agnes Flöel, Flavio Frӧhlich, Mark S. George, Roy H. Hamilton, Jens Haueisen, Mark Hallett, Christoph S. Herrmann, Friedhelm C. Hummel, Shapour Jaberzadeh, B. Langguth, Michal Lavidor, Jean‐Pascal Lefaucheur, Carlo Miniussi, Vera Moliadze, Mika Nikander, Stevan Nikolin, Michael A. Nitsche, Alexander Opitz, Jacinta O’Shea, F. Padberg, Christian Plewnia, Alberto Priori, Perianen Ramasawmy, Laís B. Razza, Símone Rossi, John C. Rothwell, Maria Adele Rueger, Giulio Ruffini, Alexander T. Sack, Ricardo Salvador, Klaus Schellhorn, Teresa Schuhmann, Y. Shirota",ds001810,1
"Shahid Bashir, Woo‐Kyoung Yoo",ds001810,1
"Minmin Wang, Tao Feng, Hongjie Jiang, Junming Zhu, Wuwei Feng, Pratik Y. Chhatbar, Jianmin Zhang, Shaomin Zhang",ds001810,1
"Jaime Ibáñez, Blanka Zicher, Katlyn E. Brown, Lorenzo Rocchi, Francesco Casolo, Alessandro Del Vecchio, Danny Spampinato, Carole‐Anne Vollette, John C. Rothwell, Stuart N. Baker, Dario Farina",ds001810,1
"Roberto Guarnieri, Alfredo Brancucci, Anita D’Anselmo, Valerio Manippa, Stephan P. Swinnen, Franca Tecchio, Dante Mantini",ds001810,1
"Alik S. Widge, Matthew Boggess, Alexander P. Rockhill, Andrew C Mullen, Shivani Sheopory, Roman Loonis, D. Freeman, Earl K. Miller",ds001810,1
"Marco Fuscà, Philipp Ruhnau, Toralf Neuling, Nathan Weisz",ds001810,1
"Asher Geffen, N. Bland, M. Sale",ds001810,1
"R. Carlyon, François Guérit, J. Deeks, Andrew J Harland, Robin Gransier, J. Wouters, S. D. de Rijk, M. Bance",ds001810,1
"Marom Bikson, Zeinab Esmaeilpour, Devin Adair, Greg Kronberg, William J. Tyler, Andrea Antal, Abhishek Datta, Bernhard A. Sabel, Michael A. Nitsche, Colleen Loo, Dylan J. Edwards, Hamed Ekhtiari, Helena Knotková, Adam J. Woods, Benjamin M. Hampstead, Bashar W. Badran, Angel V. Peterchev",ds001810,1
"Siwar Chaabene, Bassem Bouaziz, Amal Boudaya, Anita Hökelmann, Achraf Ammar, Lotfi Chaâri",ds001810,1
"Kevin A. Caulfield, Bashar W. Badran, William H. DeVries, Philipp M. Summers, Emma Kofmehl, Xingbao Li, Jeffrey J. Borckardt, Marom Bikson, Mark S. George",ds001810,1
"Rakesh Ranjan, Bikash Chandra Sahana, Ashish Kumar Bhandari",ds001810,1
"Mahmut Yüksel, Shiqi Sun, Charles-Francois V. Latchoumane, Jocelyne Bloch, Grégoire Courtine, Estelle Raffin, Friedhelm C. Hummel",ds001810,1
"Pejman Sehatpour, Clément Dondé, Matthew J. Hoptman, Johanna Kreither, Devin Adair, Elisa C. Dias, Blair Vail, Stephanie Rohrig, Gail Silipo, Javier López‐Calderón, Antı́gona Martı́nez, Daniel C. Javitt",ds001810,1
"Mohamad FallahRad, Adantchede L. Zannou, Niranjan Khadka, Steven A. Prescott, Stéphanie Ratté, Tianhe Zhang, Rosana Esteller, Brad Hershey, Marom Bikson",ds001810,1
"Viviana Leupin, Juliane Britz",ds001810,1
"Ahsan Khan, Cheng Chen, Chun Hang Eden, Kai Yuan, Chun‐Yu Tse, Wutao Lou, Raymond Kai‐Yu Tong",ds001810,1
"Sachi Nandan Mohanty, Suneeta Satpathy, Richa Chopra, Shalini Mahato",ds001810,1
"В. В. Лазарев, Nigel Gebodh, Tiago Tamborino, Marom Bikson, Egas Caparelli-Dáquer",ds001810,1
"Sagarika Bhattacharjee, Rajan Kashyap, Kaviraja Udupa, Shahid Bashir, Ganesan Venkatsubramanian, Kenichi Oishi, John E. Desmond, Brenda Rapp, S. H. Annabel Chen",ds001810,1
"Stevan Nikolin, Donel Martin, Colleen Loo, Tjeerd W. Boonstra",ds001810,1
"Thusharika Dissanayaka, Maryam Zoghi, Aron T. Hill, Michael J. Farrell, Gary F. Egan, Shapour Jaberzadeh",ds001810,1
"Olga Komisaruk, Evgeny Nikulchev",ds001810,1
"Joshua Baker, Themis Nikolas Efthimiou, Reinhold Scherer, Andreas Gartus, A. Elsenaar, Marc Méhu, Sebastian Korb",ds001810,1
"Kyeongwon Jeong, Can Livanelioglu, Jiawei Liao, Inhee Lee, Taekwang Jang",ds001810,1
"Mahima Sharma, Forouzan Farahani, Marom Bikson, Lucas C. Parra",ds001810,1
"Shan Zhang, Shu Ding, Wei Cui, Xiangyu Li, Jun Wei, Ying Wu",ds001810,1
"Robert A. Cortes, Daniel D. Holzman, Adam E. Green",ds001810,1
"Nigel Gebodh, Vladimir Miskovic, Sarah Laszlo, Abhishek Datta, Marom Bikson",ds001810,1
"Mireille Tabikh, Tom Quetu, Louis Maillard, Sophie Colnat-Coulbois, Bruno Rossion, Laurent Koessler",ds001810,1
"Roberto Guidotti, Alessio Basti, Giulia Pieramico, Antea D’Andrea, Saeed Makkinayeri, Mauro Pettorruso, Timo Roine, Ulf Ziemann, Risto J. Ilmoniemi, Gianluca Romani, Vittorio Pizzella, Laura Marzetti",ds001810,1
"Til Ole Bergmann, Leo Tomasevic, Hartwig R. Siebner",ds001810,1
"Pejman Sehatpour, Daniel C. Javitt",ds001810,1
"Adam J. Woods, Donel Martin",ds001810,1
"Niranjan Khadka, Marom Bikson",ds001810,1
"Forouzan Farahani, Mahima Sharma, Lucas C. Parra, Marom Bikson",ds001810,1
"Nadia Bolognini, Lorenzo Diana",ds001810,1
"Dennis Q. Truong, Niranjan Khadka, Angel V. Peterchev, Marom Bikson",ds001810,1
"Vinicius Godoi Fernandes, Luciane Aparecida Moscaleski, André Fonseca, Edgard Morya, Alexandre Hideki Okano, Ademir Felipe Schultz de Arruda, Luccas da Cunha Laste, Ryland Morgans, Marom Bikson, Alexandre Moreira",ds001810,1
"Jie Hu, Marius Moisa, Christian C. Ruff",ds001810,1
"Nelson Torro-Alves, Justine David, Mireille Tabikh, Yanis Menzer, Bruno Rossion, Laurent Koessler",ds001810,1
"Debby Klooster, Inge Leunissen, Martin Tik, Chris Baeken, Alexander T. Sack",ds001810,1
"C H I Zhang, Hanjie Xiao, Xue Jiang, Dean Ta",ds001810,1
"Reyhaneh Toroghi, Zahra Zohoorian, Majid Ghoshuni",ds001810,1
Danielle Nadin,ds001810,1
"Roman Delucenay-Clarke, Marie-Cécile Niérat, Alain Frugière, Thomas Similowski, Florence Cayetanot, Laurence Bodineau",ds001810,1
"Emna Jriri, Amna Maraoui, Imen Werda",ds001810,1
"Veit, Sibel",ds001810,1
"Jian Cheng, Jiaxin Li, Jing Zhao, Ying Ma",ds001810,1
"Benedikt Zoefel, Gesa Hartwigsen",ds001810,1
"Anna Elisabetta Vaudano, Stefan Rampp, Louis Lemieux",ds001810,1
"D. Truong, N. Khadka, A. Peterchev, M. Bikson",ds001810,1
P. Singh,ds001810,1
"Pedro Caldana Gordon, D. Blair Jovellar, Yufei Song, Christoph Zrenner, Paolo Belardinelli, Hartwig R. Siebner, Ulf Ziemann",ds001849,1
"Faranak Farzan, Marta Bortoletto",ds001849,1
"Mitchell R. Goldsworthy, Brenton Hordacre, John C. Rothwell, Michael C. Ridding",ds001849,1
"Yang Ye, Jinghua Wang, Xianwei Che",ds001849,1
"Jessica M. Ross, Recep A. Ozdemir, Shu Jing Lian, Peter J. Fried, Eva M. Schmitt, Sharon K. Inouye, Álvaro Pascual‐Leone, Mouhsin M. Shafi",ds001849,1
"Elisa Kallioniemi, Zafiris J. Daskalakis",ds001849,1
"Estelle Raffin, Sylvain Harquel, Brice Passera, Alan Chauvin, Thierry Bougerol, Olivier David",ds001849,1
"Jessica M. Ross, Manjima Sarkar, Corey J. Keller",ds001849,1
"Manon Desforges, I. Hadas, B. Mihov, Yan Morin, Mathilde Rochette Braün, Pantelis Lioumis, R. Zomorrodi, H. Théoret, M. Lepage, Z. Daskalakis, Sara Tremblay",ds001849,1
"Shahid Bashir, Mohammad Uzair, Turki Abualait, Muhammad Arshad, Roaa Khallaf, Asim Niaz, Ziyad Thani, Woo‐Kyoung Yoo, Isaac Túnez, Aslı Demirtaş-Tatlıdede, Sultan Ayoub Meo",ds001849,1
"Mohsen Poorganji, Reza Zomorrodi, Colin Hawco, Aron T. Hill, Itay Hadas, Tarek K. Rajji, Robert Chen, Daphne Voineskos, Anastasios A. Daskalakis, Daniel M. Blumberger, Zafiris J. Daskalakis",ds001849,1
"Brice Passera, Alan Chauvin, Estelle Raffin, Thierry Bougerol, Olivier David, Sylvain Harquel",ds001849,1
"Mikkel Malling Beck, Marieke Heyl, Louise Mejer, Mikkel C. Vinding, Lasse Christiansen, Leo Tomasevic, Hartwig R. Siebner",ds001849,1
"Pedro Caldana Gordon, Yu Fei Song, D. Blair Jovellar, Maryam Rostami, Paolo Belardinelli, Ulf Ziemann",ds001849,1
"Juha Gogulski, Christopher C. Cline, Jessica M. Ross, Jade Truong, Manjima Sarkar, Sara Parmigiani, Corey J. Keller",ds001849,1
"Prabhjot Dhami, Sylvain Moreno, Paul E. Croarkin, Daniel M. Blumberger, Zafiris J. Daskalakis, Faranak Farzan",ds001849,1
"Itay Hadas, Reza Zomorrodi, Aron T. Hill, Yinming Sun, Paul B. Fitzgerald, Daniel M. Blumberger, Zafiris J. Daskalakis",ds001849,1
"Itay Hadas, Aviad Hadar, Avi Lazarovits, Zafiris J. Daskalakis, Abraham Zangen",ds001849,1
"Juha Gogulski, Christopher C. Cline, Jessica M. Ross, Sara Parmigiani, Corey J. Keller",ds001849,1
"Mohsen Poorganji, Reza Zomorrodi, Colin Hawco, Aron T. Hill, Itay Hadas, Christoph Zrenner, Tarek K. Rajji, Robert Chen, Daphne Voineskos, Daniel M. Blumberger, Zafiris J. Daskalakis",ds001849,1
"Jessica M. Ross, Christopher C. Cline, Manjima Sarkar, Jade Truong, Corey J. Keller",ds001849,1
"Tomasz A. Jarczok, Friederike Roebruck, Lena Pokorny, Lea Biermann, Veit Roessner, Christoph Klein, Stephan Bender",ds001849,1
"Amin Kabir Anaraki, Prabhjot Dhami, Marie-Anne Dussault Gomez, Daniel M. Blumberger, Zafiris J. Daskalakis, Sylvain Moreno, Faranak Farzan",ds001849,1
"Dominika Šulcová, Adriana Salatino, Adrian Ivanoiu, André Mouraux",ds001849,1
"Ulf Ziemann, Yang Bai, Fiona M. Baumer, Mikkel M. Beck, Paolo Belardinelli, Daniele Belvisi, Stephan Bender, Til Ole Bergmann, Marta Bortoletto, Silvia Casarotto, Elias Paolo Casula, Arthur Araujo [UNESP] Chaves, Daniel Ciampi De Andrade, Antonella Conte, Zafiris J. Daskalakis, Faranak Farzan, Fabio Ferrarelli, Paul B. Fitzgerald, Pedro C. Gordon, Christian Grefkes, Sylvain Harquel, Julio C. Hernandez-Pavon, Aron Hill, Kate E. Hoy, Friedhelm C. Hummel, Petro Julkunen, Elisa Kallioniemi, Corey J. Keller, Vasilios K. Kimiskidis, Melissa Kirkovski, Giacomo Koch, Giorgio Leodori, Pantelis Lioumis, Sara Määttä, Inbal Maidan, Marcello Massimini, Annerose Mengel, Johanna Metsomaa, Carlo Miniussi, Tuomas P. Mutanen, Yoshihiro Noda, Recep A. Ozdemir, Estelle Raffin, Lorenzo Rocchi, Rogasch Nigel, Mario Rosanova, Emiliano Santarnecchi, Simone Sarasso, Siobhan M. Schabrun, Mouhsin M. Shafi",ds001849,1
"Mayuko Takano, Masataka Wada, Reza Zomorrodi, Keita Taniguchi, Xuemei Li, Shiori Honda, Yui Tobari, Yu Mimura, Shinichiro Nakajima, Ryosuke Kitahata, Masaru Mimura, Zafiris J. Daskalakis, Daniel M. Blumberger, Yoshihiro Noda",ds001849,1
"Dong-Jin Sung, Keun-Tae Kim, Ji-Hyeok Jeong, Laehyun Kim, Song Joo Lee, Hyungmin Kim, Seung‐Jong Kim",ds001849,1
"Matteo Fecchio, Simone Russo, Bruno Andry Couto, Ezequiel Mikulan, Andrea Pigorini, Giulia Furregoni, Gabriel Hassan, Sasha D’Ambrosio, Michela Solbiati, Alessandro Viganò, Sara Parmigiani, Simone Sarasso, Silvia Casarotto, Marcello Massimini, Adenauer G. Casali, Mario Rosanova",ds001849,1
"G. Leodori, A. Fabbrini, A. Suppa, M. Mancuso, S. Tikoo, D. Belvisi, A. Conte, G. Fabbrini, Alfredo Berardelli",ds001849,1
"Mana Biabani, Alex Fornito, Mitchell R. Goldsworthy, Sarah Thompson, Lynton Graetz, John G. Semmler, George M. Opie, Mark A. Bellgrove, Nigel C. Rogasch",ds001849,1
"Jamie Kweon, Megan Vigne, Andrew M. Fukuda, Boyu Ren, Linda L. Carpenter, Joshua C. Brown",ds001849,1
"Sofie Carrette, Kristl Vonck, Debby Klooster, Robrecht Raedt, Evelien Carrette, Jean Delbeke, Wytse J. Wadman, Silvia Casarotto, Marcello Massimini, Paul Boon",ds001849,1
"Dominika Šulcová, Yasmine Salman, Adrian Ivanoiu, André Mouraux",ds001849,1
"Ian Daly, Nitin Williams, Slawomir J. Nasuto",ds001849,1
Damián E. Jan,ds001849,1
"Amin Kabir, Prabhjot Dhami, Raaj Chatterjee, Daniel M Blumberger, Z.J. Daskalakis, Sylvain Moreno, Faranak Farzan",ds001849,1
"Timothy P. Morris, María Redondo‐Camós, Gabriele Cattaneo, Dídac Macià, Javier Solana Sánchez, Goretti Espanya-Irla, Selma Delgado‐Gallén, Vanessa Alviarez‐Schulze, Catherine Pachón‐García, Emiliano Santarnecchi, Ehsan Tadayon, Recep A. Ozdemir, Josep M. Tormos, David Batres-Faz, Álvaro Pascual‐Leone, Mouhsin M. Shafi",ds001849,1
"Timo L. Kvamme, Tomas Ros, Morten Overgaard","ds002034,ds002336",2
"Payton Chiasson, Maeve R. Boylan, Mina Elhamiasl, Joseph Pruitt, Saurabh Ranjan, Kierstin Riels, Ashish Kumar Sahoo, Arash Mirifar, Andreas Keil",ds002034,1
"Joaquin Penalver-Andres, Karin A. Buetler, Thomas Koenig, René M. Müri, Laura Marchal–Crespo",ds002034,1
"T. A. Suhail, A. P. Vinod",ds002034,1
"Timo L. Kvamme, Mesud Sarmanlu, Christopher J. Bailey, Morten Overgaard",ds002034,1
"Velu Prabhakar Kumaravel, Francesco Paissan, Elisabetta Farella",ds002034,1
"Timo L. Kvamme, Mesud Sarmanlu, Morten Overgaard",ds002034,1
"Hoda Hazrati, Mohammad Reza Daliri",ds002034,1
"Junhong Luo, Qing Liu, Pengrui Tai, Guanglin Li, Yongcheng Li",ds002034,1
"T. A. Suhail, R Subasree, A. P. Vinod",ds002034,1
"Felix Stockar, Tomas Ros, Basil C. Preisig",ds002034,1
C. Schneider,ds002034,1
Stephen M. Fleming,ds002158,1
"Francesco Di Gregorio, Jelena Trajkovic, C. Roperti, Eleonora Marcantoni, Paolo Di Luzio, Alessio Avenanti, Gregor Thut, Vincenzo Romei",ds002158,1
"Michael Pereira, Pierre Mégevand, Mi Xue Tan, Wenwen Chang, Shuo Wang, Ali R. Rezai, Margitta Seeck, Marco V. Corniola, Shahan Momjian, Fosco Bernasconi, Olaf Blanke, Nathan Faivre",ds002158,1
"Kobe Desender, K. Richard Ridderinkhof, Peter R. Murphy",ds002158,1
"Marion Rouault, Stephen M. Fleming",ds002158,1
"Pascal Mamassian, Vincent de Gardelle",ds002158,1
"Kobe Desender, Tobias H. Donner, Tom Verguts",ds002158,1
Dobromir Rahnev,ds002158,1
"Lion Schulz, Stephen M. Fleming, Peter Dayan",ds002158,1
"Michael Pereira, Denis Perrin, Nathan Faivre",ds002158,1
"Dan Bang, Rani Moran, Nathaniel D. Daw, Stephen M. Fleming",ds002158,1
"Marios G. Philiastides, Tao Tu, Paul Sajda",ds002158,1
"Audrey Mazancieux, Michael Pereira, Nathan Faivre, Pascal Mamassian, Chris J. A. Moulin, Céline Souchay",ds002158,1
"N. Faivre, Laurène Vuillaume, Fosco Bernasconi, R. Salomon, O. Blanke, Axel Cleeremans",ds002158,1
"Jiwon Yeon, Medha Shekhar, Dobromir Rahnev",ds002158,1
"Martin Rouy, Vincent de Gardelle, Gabriel Reyes, Jérôme Sackur, Jean Christophe Vergnaud, Elisa Filevich, Nathan Faivre",ds002158,1
"William Turner, Raina Angdias, Daniel Feuerriegel, Trevor T.‐J. Chong, Robert Hester, Stefan Bode",ds002158,1
"Shaohan Jiang, Sidong Wang, Xiaohong Wan",ds002158,1
"Nathan Faivre, Matthieu Roger, Michael Pereira, Vincent de Gardelle, Jean‐Christophe Vergnaud, Christine Passerieux, Paul Roux",ds002158,1
"Andra Coldea, Domenica Veniero, Stéphanie Morand, Jelena Trajkovic, Vincenzo Romei, Monika Harvey, Gregor Thut",ds002158,1
"Elisa Filevich, Christina Koß, Nathan Faivre",ds002158,1
"Jason Samaha, Rachel N. Denison",ds002158,1
"Michele Fornaciai, Joonkoo Park",ds002158,1
"Yudian Cai, Zhiyong Jin, Chenxi Zhai, Huimin Wang, Jijun Wang, Yingying Tang, Sze Chai Kwok",ds002158,1
"Romane Cecchi, Antoine Collomb‐Clerc, Inès Rachidi, Lorella Minotti, Philippe Kahane, Mathias Pessiglione, Julien Bastin",ds002158,1
"Marta Siedlecka, Marcin Koculak, Borysław Paulewicz",ds002158,1
"Michael Pereira, Rafal M. Skiba, Yann Cojan, Patrik Vuilleumier, Indrit Bègue",ds002158,1
"Tarryn Balsdon, M. Andrea Pisauro, Marios G. Philiastides",ds002158,1
"David Calhas, Rui Henriques",ds002158,1
"Davide Valeriani, Lena C. O’Flynn, Alexis Worthley, Azadeh Hamzehei Sichani, Kristina Simonyan",ds002158,1
"Rémi Sanchez, Anaïs Courant, Andrea Desantis, Thibault Gajdos",ds002158,1
"Sixing Chen, Dobromir Rahnev",ds002158,1
"Thomas Riis, Seth Lunt, Jan Kubanek",ds002158,1
"Kristofer Roos, Atsushi Fukuda, Quan Huu",ds002158,1
"Marta Siedlecka, B. Paulewicz, M. Koculak",ds002158,1
"Pascal Mamassian, V. Gardelle",ds002158,1
"Kiyofumi Miyoshi, Taylor W. Webb, Dobromir Rahnev, Hakwan Lau",ds002158,1
"Helen Overhoff, Yiu Hong Ko, Gereon R. Fink, Jutta Stähl, Peter H. Weiss, Stefan Bode, Eva Nießen",ds002158,1
"Dorian Goueytes, François Stockart, Alexis Robin, Lucien Gyger, Martin Rouy, D. Hoffmann, Lorella Minotti, Philippe Kahane, Michael Pereira, Nathan Faivre",ds002158,1
"Giedre Stripeikyte, Michael Pereira, Giulio Rognini, Jevita Potheegadoo, Olaf Blanke, Nathan Faivre",ds002158,1
"N. Faivre, M. Roger, M. Pereira, Vincent de Gardelle, Jean-Christophe Vergnaud, C. Passerieux, P. Roux",ds002158,1
"Martin Rouy, Matthieu Roger, Dorian Goueytes, Michael Pereira, Paul Roux, Nathan Faivre",ds002158,1
"Rémi Sanchez, Karen Davranche, Thibaut Gajdos, Andrea Desantis",ds002158,1
"Paolo Di Luzio, Luca Tarasi, Alessio Avenanti, Juha Silvanto, Alejandra Sel, Vincenzo Romei",ds002158,1
"Wei Dou, Shirin Afrakhteh, Jason Samaha",ds002158,1
"Risa Katayama, Ryo Shiraki, Shin Ishii, Wako Yoshida",ds002158,1
"Marie Chancel, Elisa Filevich, Nathan Faivre",ds002158,1
"Hidekazu Nagamura, Hiroshi Onishi, Kohta I. Kobayasi, Shoko Yuki",ds002158,1
"Catherine Culot, Wim Notebaert, Wim Gevers",ds002158,1
"Binghui Liu, Lihua Mao, Bin Zhou",ds002158,1
"Nicola Domenici, Pascal Mamassian",ds002158,1
"Robert T. Thibault, Amanda MacPherson, Michael Lifshitz, Raquel R. Roth, Amir Raz",ds002336,1
Tracy Warbrick,ds002336,1
"Tianlu Wang, Dante Mantini, Céline R. Gillebert",ds002336,1
"Vadim Zotev, Ahmad Mayeli, Masaya Misaki, Jerzy Bodurka",ds002336,1
"Lucas R. Trambaiolli, Simon H. Kohl, David E.J. Linden, David M. A. Mehler",ds002336,1
"Marie‐Constance Corsi, Mario Chávez, Denis Schwartz, Laurent Hugueville, Ankit N. Khambhati, Danielle S. Bassett, Fabrizio De Vico Fallani",ds002336,1
"Samantha J. Fede, Sarah Dean, Thushini Manuweera, Reza Momenan",ds002336,1
"Zhongpeng Wang, Yijie Zhou, Long Chen, Bin Gu, Shuang Liu, Minpeng Xu, Hongzhi Qi, Feng He, Dong Ming",ds002336,1
"Jean-Marie, Batail, Stéphanie, Bioulac, François, Cabestaing, Christophe, Daudet, D. Drapier, Mélanie Fouillen, T. Fovet, Aurore, Hakoun, R. Jardri, C. Jeunet, F. Lotte, E. Maby, J. Mattout, Takfarinas Medani, Jean-Arthur Micoulaud Franchi, Jelena, Mladenovic, Lorraine, Perronet, Léa, Pillette, Thomas, Ros, Francois-Benois Vialatte",ds002336,1
"David M. A. Mehler, Angharad N. Williams, Florian Krause, Michael Lührs, Richard G. Wise, Duncan L. Turner, David E.J. Linden, Joseph R. Whittaker",ds002336,1
"Giulia Lioi, Simon Butet, Mathis Fleury, Élise Bannier, Anatole Lécuyer, I. Bonan, Christian Barillot","ds002336,ds002338",2
"Marsel Mano, Anatole Lécuyer, Élise Bannier, Lorraine Perronnet, Saman Noorzadeh, Christian Barillot",ds002336,1
"Léon Skottnik, David E.J. Linden",ds002336,1
"Hyun‐Chul Kim, Marion Tegethoff, Gunther Meinlschmidt, Esther Stalujanis, Angelo Belardi, Sungman Jo, Juhyeon Lee, Juhyeon Lee, Dong‐Youl Kim, Seung-Schik Yoo, Jong-Hwan Lee, Jong-Hwan Lee",ds002336,1
"Nataliya Kosmyna, Anatole Lécuyer",ds002336,1
"Claire Cury, Pierre Maurel, Rémi Gribonval, Christian Barillot","ds002336,ds002338",2
"Vadim Zotev, Masaya Misaki, Raquel Phillips, Chung Ki Wong, Jerzy Bodurka",ds002336,1
"Long Chen, Bin Gu, Zhongpeng Wang, Lei Zhang, Minpeng Xu, Shuang Liu, Feng He, Dong Ming",ds002336,1
"Vadim Zotev, Jerzy Bodurka",ds002336,1
"Amin Dehghani, Hamid Soltanian‐Zadeh, Gholam‐Ali Hossein‐Zadeh","ds002336,ds002338",2
"Giuseppina Ciccarelli, Giovanni Federico, Giulia Mele, Angelica Di Cecca, Miriana Migliaccio, Ciro Rosario Ilardi, Vincenzo Alfano, Marco Salvatore, Carlo Cavaliere","ds002336,ds002338",2
"Mathis Fleury, Patrícia Figueiredo, Athanasios Vourvopoulos, Anatole Lécuyer","ds002336,ds002338",2
"Salomé Le Franc, Gabriela Herrera Altamira, Maud Guillen, Simon Butet, Stéphanie Fleck, Anatole Lécuyer, Laurent Bougrain, I. Bonan","ds002336,ds002338",2
"Clara Humpston, Jane Garrison, Natasza Orlov, André Alemán, Renaud Jardri, Charles Fernyhough, Paul Allen",ds002336,1
"Javier Guerrero Moreno, Claudinei Eduardo Biazoli, Abrahão Fontes Baptista, Lucas R. Trambaiolli",ds002336,1
"Foteini Liwicki, Vibha Gupta, Rajkumar Saini, Kanjar De, Nosheen Abid, Sumit Rakesh, Scott Wellington, Holly Wilson, Marcus Liwicki, Johan Eriksson",ds002336,1
"David Steyrl, Gunther Krausz, Karl Koschutnig, Günter Edlinger, Gernot Müller-Putz",ds002336,1
"Lorraine Perronnet, Anatole Lécuyer, Marsel Mano, Mathis Fleury, Giulia Lioi, Claire Cury, Maureen Clerc, Fabien Lotte, Christian Barillot",ds002336,1
"Christine Girges, Nirosen Vijiaratnam, Ludvic Zrinzo, Jinendra Ekanayake, Thomas Foltynie",ds002336,1
"А. А. Савелов, М. Б. Штарк, М. Е. Мельников, Л. И. Козлова, D. D. Bezmaternykh, Evgeniy G. Verevkin, Е. Д. Петровский, М. А. Покровский, G. M. Tsirkin, P. D. Rudych",ds002336,1
"Lucas R. Trambaiolli, Raymundo Cassani, Claudinei Eduardo Biazoli, André M. Cravo, João Ricardo Sato, Tiago H. Falk",ds002336,1
"Epifanio Bagarinao, Akihiro Yoshida, Mika Ueno, Kazunori Terabe, Shōhei Kato, Haruo Isoda, Toshiharu Nakai",ds002336,1
"Joshua Levitt, Zinong Yang, Stephanie D. Williams, Stefan E. Lütschg Espinosa, Allan Garcia-Casal, Laura D. Lewis","ds002336,ds002338",2
"Simon Butet, Mathis Fleury, Quentin Duché, Élise Bannier, Giulia Lioi, Lou Scotto di Covella, Emilie Lévêque-Le Bars, Anatole Lécuyer, Pierre Maurel, I. Bonan",ds002336,1
"Raziyeh Mosayebi, Amin Dehghani, Gholam‐Ali Hossein‐Zadeh",ds002336,1
"Carlos Alberto Stefano Filho, J. Ignacio Serrano, Romis Attux, Gabriela Castellano, Eduardo Rocón, M. Dolores del Castillo",ds002336,1
"Mina Mirjalili, Reza Zomorrodi, Zafiris J. Daskalakis, Sean Hill, Tarek K. Rajji",ds002336,1
"Mazyar Fathi, Mohammad Navid Ebrahimi, Mohammad Banazadeh, Amirreza Shirvani, Nasim Kamalahmadi, Houshang Amiri, Ali Talaeı",ds002336,1
"Shoya Fujikawa, Chihiro Ohsumi, Ryu Ushio, K Tamura, Shun Sawai, Ryosuke Yamamoto, Hideki Nakano",ds002336,1
"Sarah A. Rösch, Ricarda Schmidt, Anja Hilbert",ds002336,1
"Hui Meng Chang, Yixuan Sheng, Jinbiao Liu, Hongyu Yang, Xiangyu Pan, Honghai Liu",ds002336,1
"Mareike Daeglau, Catharina Zich, Julius Welzel, Samira Kristina Saak, Jannik Florian Scheffels, Cornelia Kranczioch",ds002336,1
"Claire Cury, Giulia Lioi, Lorraine Perronnet, Anatole Lécuyer, Pierre Maurel, Christian Barillot","ds002336,ds002338",2
"F. Liwicki, Vibha Gupta, Rajkumar Saini, K. De, N. Abid, S. Rakesh, Scott Wellington, Holly Wilson, Marcus Liwicki, J. Eriksson",ds002336,1
"Camille Muller, Thomas Prampart, Élise Bannier, Isabelle Corouge, Pierre Maurel",ds002336,1
"Vadim Zotev, Ahmad Mayeli, Chung-Ki Wong, Jerzy Bodurka",ds002336,1
"Chanjuan Wang, Xinjun Zhang",ds002336,1
"Marie‐Constance Corsi, Mario Chávez, Denis Schwartz, Nathalie George, Laurent Hugueville, Ari E. Khan, Sophie Dupont, Danielle S. Bassett, Fabrizio De Vico Fallani",ds002336,1
"Scott Wellington, Holly Wilson, Foteini Liwicki, Vibha Gupta, Rajkumar Saini, Kanjar De, Nosheen Abid, Sumit Rakesh, Johan G. Eriksson, Oliver Watts, Xi Chen, Damien Coyle, Mohammad Golbabaee, Michael J. Proulx, Marcus Liwicki, Eamonn O’Neill, Benjamin Metcalfe",ds002336,1
"Holly Wilson, Scott Wellington, F. Liwicki, Vibha Gupta, Rajkumar Saini, K. De, N. Abid, S. Rakesh, J. Eriksson, O. Watts, Xi Chen, Mohammad Golbabaee, M. Proulx, M. Liwicki, Eamonn O'Neill, B. Metcalfe",ds002336,1
"Seitaro Iwama, Shohei Tsuchimoto, Nobuaki Mizuguchi, Junichi Ushiba",ds002336,1
"Giulia Lioi, S. Butet, Mathis Fleury, Claire Cury, Elise Bannnier, A. Lécuyer, I. bonan, C. Barillot","ds002336,ds002338",2
Pierre Maurel,"ds002336,ds002338",2
"Ryuta Tamano, Takeshi OGAWA, Arisa Katagiri, Chang Cai, Motoaki Kawanabe",ds002336,1
Skottnik Leon,ds002336,1
David E.J. Linden,ds002336,1
"Matthew Moore, Yuta Katsumi, Alexandru D. Iordan, Sanda Dolcos, Florin Dolcos",ds002336,1
"N. A. Khrushcheva, D. A. Novikov, K. V. Kalgin, D. V. Klebansky, A. A. Tulupov, M. B. Shtark",ds002336,1
"Côme Annicchiarico, Fabien Lotte, J'er'emie Mattout",ds002336,1
"Caroline Pinte¹, Claire Cury¹, Pierre Maurel¹",ds002336,1
"C. Pinte, C. Cury, Pierre Maurel, Giulia Lioi, Lorraine Perronnet, Rémi Gribonval, James Hansen, James B. McDonald, R. D. Nelson",ds002336,1
"Giulia Lioi, Veliz Adolfo, Julie Coloigner, Quentin Duché, Simon Butet, Mathis Fleury, Emilie Lévêque-Le Bars, Élise Bannier, Anatole Lécuyer, Christian Barillot, I. Bonan","ds002336,ds002338",2
"Diego Fabián Collazos-Huertas, L. F. Velasquez-Martinez, Hernán Darío Pérez-Nastar, Andrés Marino Álvarez-Meza, G. Castellanos-Domínguez",ds002336,1
"Qawi K. Telesford, E. González-Moreira, Ting Xu, Yiwen Tian, Stanley J. Colcombe, Jessica Cloud, Brian E. Russ, A. Falchier, Maximilian Nentwich, J. Madsen, L. Parra, Charles E. Schroeder, M. Milham, Alexandre R. Franco",ds002336,1
"Camille O Muller, Thomas Prampart, Elise Bannier, I. Corouge, Pierre Maurel",ds002338,1
"Mathis Fleury, Pauline Cloerec, Quentin Duché, Giulia Lioi, Anatole Lécuyer",ds002338,1
Marta Xavier,ds002338,1
"Ana C. Santa, Marta Silva",ds002338,1
"Fei Fei Li, Rufin VanRullen, Christof Koch, Pietro Perona",ds002680,1
"Rufin VanRullen, Simon J. Thorpe",ds002680,1
"Holle Kirchner, Simon J. Thorpe",ds002680,1
Sébastien M. Crouzet,ds002680,1
"Li Fei-Fei, Asha Iyer, Christof Koch, Pietro Perona",ds002680,1
"Jukka M. Lepp�nen, Jari K. Hietanen",ds002680,1
John V. Hegde,ds002680,1
"Maurizio Codispoti, Vera Ferrari, Margaret M. Bradley",ds002680,1
"Karla K. Evans, Anne Treisman",ds002680,1
"O. Joubert, Guillaume A. Rousselet, Denis Fize, Michèle Fabre‐Thorpe",ds002680,1
"Nadège Bacon-Macé, Marc J.‐M. Macé, Michèle Fabre‐Thorpe, Simon J. Thorpe",ds002680,1
"Jens‐Max Hopf, Edward K. Vogel, Geoffrey F. Woodman, Hans‐Jochen Heinze, Steven J. Luck",ds002680,1
"Jeffrey S. Johnson, Bruno A. Olshausen",ds002680,1
"Guillaume A. Rousselet, Marc J.‐M. Macé, Michèle Fabre‐Thorpe",ds002680,1
"Guillaume A. Rousselet, O. Joubert, Michèle Fabre‐Thorpe",ds002680,1
Rufin VanRullen,ds002680,1
Michèle Fabre‐Thorpe,ds002680,1
"Simon J. Thorpe, Karl R. Gegenfurtner, Michèle Fabre‐Thorpe, HH Bülthoff",ds002680,1
"Monica S. Castelhano, John M. Henderson",ds002680,1
"Arnaud Delorme, Ghislaine Richard, M. Fabre‐Thorpe",ds002680,1
"Alon Hafri, Anna Papafragou, John C. Trueswell",ds002680,1
"Arnaud Delorme, Guillaume A. Rousselet, Marc J.‐M. Macé, Michèle Fabre‐Thorpe",ds002680,1
Gary Lupyan,ds002680,1
"Jukka Leppänen, Jari K. Hietanen",ds002680,1
"Olaf Hauk, C. Coutout, Arun V. Holden, Yaojing Chen",ds002680,1
"Michele Miozzo, Friedemann Pulvermüller, Olaf Hauk",ds002680,1
"Arnaud Delorme, Simon J. Thorpe",ds002680,1
"Marc J.‐M. Macé, O. Joubert, Jean–Luc Nespoulous, Michèle Fabre‐Thorpe",ds002680,1
"Sachin Sharma, Dharmesh Shah",ds002680,1
"Jeff Miller, Rolf Ulrich",ds002680,1
"Daniel Jokisch, Irene Daum, Boris Suchan, Nikolaus F. Troje",ds002680,1
"Pedro Maldonado, Cecilia Babul, Wolf Singer, Eugenio Rodríguez, Denise Berger, Sonja Grün",ds002680,1
"O. Joubert, Denis Fize, Guillaume A. Rousselet, M. Fabre‐Thorpe",ds002680,1
"Anders Ledberg, Steven L. Bressler, Mingzhou Ding, Richard Coppola, Richard Nakamura",ds002680,1
"Jukka Leppänen, M. Tenhunen, Jari K. Hietanen",ds002680,1
"J. Brendan Ritchie, David A. Tovar, Thomas A. Carlson",ds002680,1
"Yolande Mouchetant‐Rostaing, M. H. Giard",ds002680,1
"Guillaume A. Rousselet, Simon J. Thorpe, Michèle Fabre‐Thorpe",ds002680,1
"Meike Ramon, Stéphanie Caharel, Bruno Rossion",ds002680,1
"Maurizio Codispoti, Vera Ferrari, Markus Junghöfer, Harald T. Schupp",ds002680,1
"Sarah Laszlo, Kara D. Federmeier",ds002680,1
"Geoffrey F. Woodman, Sisi Wang, David Sutterer, Robert M. G. Reinhart, Keisuke Fukuda",ds002680,1
"Gary Lupyan, Michael J. Spivey",ds002680,1
"Tomaso Poggio, T. Serre",ds002680,1
"Xue Wang, Yonghong Chen, Mingzhou Ding",ds002680,1
"А. В. Медведев, Jana M. Kainerstorfer, S. V. Borisov, Randall L. Barbour, John W. VanMeter",ds002680,1
"Chien‐Te Wu, Sébastien M. Crouzet, Simon J. Thorpe, Michèle Fabre‐Thorpe",ds002680,1
"Joan A. Camprodon, Ehud Zohary, Verena Brodbeck, Álvaro Pascual‐Leone",ds002680,1
"Giovanna Mollo, Friedemann Pulvermüller, Olaf Hauk",ds002680,1
"Stéphanie Dubal, Aurélie Foucher, Roland Jouvent, Jacqueline Nadel",ds002680,1
"Maurizio Codispoti, Vera Ferrari, Andrea De Cesarei, Rossella Cardinale",ds002680,1
Michael Spratling,ds002680,1
"Myrka Zago, Francesco Lacquaniti",ds002680,1
"Michael L. Mack, Thomas J. Palmeri",ds002680,1
"Andrey P. Anokhin, Simon Golosheykin, Erik J. Sirevaag, Sean D. Kristjansson, John Rohrbaugh, Andrew C. Heath",ds002680,1
"David Hoppe, Constantin A. Rothkopf",ds002680,1
Miriam Spering,ds002680,1
"Pia Rämä, Thierry Baccino",ds002680,1
"Roxane J. Itier, Margot J. Taylor",ds002680,1
"John Wilder, Jacob Feldman, Manish Singh",ds002680,1
"Maxine V. Mccotter, Frédéric Gosselin, Paul T. Sowden, Philippe G. Schyns",ds002680,1
"Yuanyuan Chen, Matthew H. Davis, Friedemann Pulvermüller, Olaf Hauk",ds002680,1
"Rachel E. Ganaden, Caitlin Mullin, Jennifer K. E. Steeves",ds002680,1
"Harald T. Schupp, Jessica Stockburger, Maurizio Codispoti, Markus Junghöfer, Almut I. Weike, Alfons O. Hamm",ds002680,1
"Jessica Stockburger, Ralf Schmälzle, Tobias Flaisch, Florian Bublatzky, Harald T. Schupp",ds002680,1
"B. Boutonnet, Gary Lupyan",ds002680,1
"Gary Lupyan, Sharon L. Thompson‐Schill, Daniel Swingley",ds002680,1
"Daniel Kaiser, Nikolaas N. Oosterhof, Marius V. Peelen",ds002680,1
"Sebastian Schindler, Johanna Kißler",ds002680,1
"Michelle R. Greene, Li Fei-Fei",ds002680,1
"Marc J.‐M. Macé, Simon J. Thorpe, Michèle Fabre‐Thorpe",ds002680,1
"Tobias Flaisch, Harald T. Schupp, Britta Renner, Markus Junghöfer",ds002680,1
"Sebastian Schindler, Thomas Straube",ds002680,1
"Robert W. Wiley, Colin Wilson, Brenda Rapp",ds002680,1
"Hamid Karimi-Rouzbahani, Farzad Ramezani, Alexandra Woolgar, Anina N. Rich, Masoud Ghodrati",ds002680,1
"Jennifer J. Summerfield, Anling Rao, Nicola Garside, Anna C. Nobre",ds002680,1
"Nadège Bacon-Macé, Holle Kirchner, Michèle Fabre‐Thorpe, Simon J. Thorpe",ds002680,1
"Iris I. A. Groen, S. Ghebreab, Victor A. F. Lamme, H. Steven Scholte",ds002680,1
"Jean‐François Knebel, Ulrike Toepel, Julie Hudry, Johannes le Coutre, Micah M. Murray",ds002680,1
"Alejandra Rossi, Francisco J. Parada, Artemy Kolchinsky, Aina Puce",ds002680,1
"Martin Maier, Philipp Glage, Annette Hohlfeld, Rasha Abdel Rahman",ds002680,1
"Guillaume A. Rousselet, Marc J.‐M. Macé, Simon J. Thorpe, Michéle Fabre-Thorpe",ds002680,1
"Maren Praß, Cathleen Grimsen, Martina König, Manfred Fahle",ds002680,1
"А. В. Медведев, Jana M. Kainerstorfer, S. V. Borisov, John W. VanMeter",ds002680,1
"Haline E. Schendan, Giorgio Ganis",ds002680,1
"Gabriel Besson, Mathieu Ceccaldi, Mira Didic, Emmanuel J. Barbeau",ds002680,1
"Denis Fize, Michèle Fabre‐Thorpe, Ghislaine Richard, B. Doyon, Simon J. Thorpe",ds002680,1
"Huibin Jia, Huayun Li, Dongchuan Yu",ds002680,1
"Reshanne Reeder, Timo Stein, Marius V. Peelen",ds002680,1
"Marc J.‐M. Macé, Arnaud Delorme, Ghislaine Richard, Michèle Fabre‐Thorpe",ds002680,1
"Hiroshi Nittono, Yoshie Shibuya, Tadao Hori",ds002680,1
"Laura M. Pönkänen, Jari K. Hietanen, Mikko J. Peltola, P. Kauppinen, Antti M. Haapalainen, Jukka Leppänen",ds002680,1
"Valentin Dragoi, Mriganka Sur",ds002680,1
"Hsin-Mei Sun, Stephanie L. Simon-Dack, Robert D. Gordon, Wolfgang Teder",ds002680,1
"A. Estudillo, M. Bindemann",ds002680,1
"Andrea De Cesarei, Maurizio Codispoti, Harald T. Schupp, Luciano Stegagno",ds002680,1
"Marc J.-M. Mac, Ghislaine Richard, Arnaud Delorme, M. Fabre-Thorpe",ds002680,1
"Petia Kojouharova, Domonkos File, István Sulykos, István Czigler",ds002680,1
"James S. Magnuson, Anne Marie Crinnion, Sahil Luthra, Phoebe Gaston, Samantha Grubb",ds002680,1
"Paolo Da Pelo, Marina de Tommaso, A. Monaco, Sebastiano Stramaglia, R. Bellotti, Sabina Tangaro",ds002680,1
"Zsigmond Tamás Kincses, Zoltán Chadaide, Edina Varga, Andrea Antal, Walter Paulus",ds002680,1
"Andrea De Cesarei, Ilaria A. Peverato, Serena Mastria, Maurizio Codispoti",ds002680,1
"Árpád Csathó, Dimitri van der Linden, Boróka Gács",ds002680,1
"Anja Philippsen, Sho Tsuji, Yukie Nagai",ds002680,1
"Helen C. Barron, R. Auksztulewicz, Karl J. Friston",ds002761,1
"Yunzhe Liu, M. Mattar, T. Behrens, N. Daw, R. Dolan",ds002761,1
"Eitan Schechtman, James W. Antony, Anna Lampe, Brianna J. Wilson, Kenneth A. Norman, Ken A. Paller",ds002761,1
"Jacob L. S. Bellmund, Ignacio Polti, Christian F. Doeller",ds002761,1
"Shuzhen Zuo, Lei Wang, Jung H. Shin, Yudian Cai, Boqiang Zhang, Sang Wan Lee, Kofi Appiah, Yongdi Zhou, Sze Chai Kwok",ds002761,1
"Yunzhe Liu, Marcelo G. Mattar, Timothy E.J. Behrens, Nathaniel D. Daw, Raymond J. Dolan",ds002761,1
"Yunzhe Liu, Raymond J. Dolan, Hector Luis Penagos-Vargas, Zeb Kurth‐Nelson, Timothy E.J. Behrens",ds002761,1
"Jesse Rissman, Emily R. Murphy",ds002761,1
"Sarah Seger, Jennifer Kriegel, Brad C Lega, Arne D. Ekstrom",ds002761,1
"Yunzhe Liu, R. Dolan, Cameron Higgins, Hector Luis Penagos-Vargas, M. Woolrich, Caswell Barry, Z. Kurth-Nelson, T. Behrens",ds002761,1
